"Acceptor concentration [cm-3]","Jn [A cm-2]:0","Jn [A cm-2]:1","Jn [A cm-2]:2","ArsenicActiveConcentration","BoronActiveConcentration","Conduction band level [eV]","Donor concentration [cm-3]","Dopant concentration [cm-3]","DopingConcentration","Electron Mobility [cm2 s-1 V-1]","Electron density [cm-3]","Electron quasi fermi band level [eV]","Electron quasi fermi potential [V]","Electrostatic potential [V]","G Impact ionization [cm-3 s-1]","GR Auger [cm-3 s-1]","GR Srh [cm-3 s-1]","Hole Mobility [cm2 s-1 V-1]","Hole density [cm-3]","Hole quasi fermi band level [eV]","Hole quasi fermi potential [V]","Middle band level [eV]","PhosphorusActiveConcentration","Space Charge [cm-3]","Valence band level [eV]","Jp [A cm-2]:0","Jp [A cm-2]:1","Jp [A cm-2]:2","Electron Avalanche field [V cm-1]","Hole Avalanche field [V cm-1]","Electric field [V cm-1]:0","Electric field [V cm-1]:1","Electric field [V cm-1]:2","Electron velocity [cm s-1]:0","Electron velocity [cm s-1]:1","Electron velocity [cm s-1]:2","Grad Electron quasi fermi potential [V cm]:0","Grad Electron quasi fermi potential [V cm]:1","Grad Electron quasi fermi potential [V cm]:2","Grad Hole quasi fermi potential [V cm]:0","Grad Hole quasi fermi potential [V cm]:1","Grad Hole quasi fermi potential [V cm]:2","Hole velocity [cm s-1]:0","Hole velocity [cm s-1]:1","Hole velocity [cm s-1]:2","Jn element [A cm-2]:0","Jn element [A cm-2]:1","Jn element [A cm-2]:2","Jp element [A cm-2]:0","Jp element [A cm-2]:1","Jp element [A cm-2]:2","vtkValidPointMask","arc_length","Points:0","Points:1","Points:2"
1.0000000000e+17,-1.1940903728e+04,-4.3540921009e+02,5.6825969177e+04,4.7423648341e+17,1.0000000000e+17,1.5604718630e-01,4.7423648341e+17,3.7423648341e+17,3.7423648341e+17,1.4169997992e+03,3.8685564853e+17,4.3421423175e-02,7.2857682455e-04,4.5040281370e-01,0.0000000000e+00,3.4685919567e+05,2.9070810978e+06,4.7049997786e+02,2.9361476654e+02,4.4149999905e-02,9.4536994990e-11,-4.0625281370e-01,0.0000000000e+00,0.0000000000e+00,-9.6855281370e-01,-3.8088710722e-19,2.5006477230e-20,1.1393211262e-18,0.0000000000e+00,0.0000000000e+00,-5.1853095211e+03,-4.4601917530e+02,-6.2253070675e+03,0.0000000000e+00,0.0000000000e+00,0.0000000000e+00,1.6114169800e+02,5.3033285341e-01,-6.1594015155e+02,1.8280665870e-05,-1.0647038806e-06,-6.0192976529e-05,0.0000000000e+00,0.0000000000e+00,0.0000000000e+00,-1.3244242767e+04,-4.3588078971e+01,5.0624146316e+04,-4.2335770162e-19,2.4657230268e-20,1.3939951848e-18,1,0.0000000000e+00,0.0000000000e+00,1.9999999553e-02,2.5999999046e-01
1.0000000000e+17,-1.8162568991e+04,-5.6120475044e+02,6.1914081040e+04,5.2924599007e+17,1.0000000000e+17,1.5419114126e-01,5.2924599007e+17,4.2924599007e+17,4.2924599007e+17,1.4169997992e+03,4.1313434597e+17,4.3367567236e-02,7.8243276400e-04,4.5225885874e-01,0.0000000000e+00,4.0824935427e+05,2.8037378984e+06,4.7049997786e+02,2.7225236703e+02,4.4149999900e-02,9.9868531865e-11,-4.0810885874e-01,0.0000000000e+00,0.0000000000e+00,-9.7040885874e-01,-4.9870179029e-19,1.8512798625e-20,1.1743018023e-18,0.0000000000e+00,0.0000000000e+00,-6.7026834716e+03,-9.5415475448e+02,-6.8416636092e+03,0.0000000000e+00,0.0000000000e+00,0.0000000000e+00,1.0311885280e+02,1.7227681858e+01,-7.0766218591e+02,1.5596353838e-05,-1.5035750422e-06,-6.2809727789e-05,0.0000000000e+00,0.0000000000e+00,0.0000000000e+00,-1.0623568847e+04,-1.7748399960e+03,7.2905174450e+04,-2.8631597824e-19,2.7602448851e-20,1.1530533894e-18,1,2.9990000185e-03,2.9990000185e-03,1.9999999553e-02,2.5999999046e-01
1.0000000000e+17,-2.4907436616e+04,-6.2943068928e+02,6.9275544219e+04,5.8925205238e+17,1.0000000000e+17,1.5218100647e-01,5.8925205238e+17,4.8925205238e+17,4.8925205238e+17,1.4169997992e+03,4.4867576174e+17,4.3336641892e-02,8.1335810815e-04,4.5426899353e-01,0.0000000000e+00,4.5485765138e+05,2.7496265891e+06,4.7049997786e+02,2.5326843291e+02,4.4149999895e-02,1.0454587841e-10,-4.1011899353e-01,0.0000000000e+00,0.0000000000e+00,-9.7241899353e-01,-5.8068541286e-19,1.3839899962e-20,1.1922799660e-18,0.0000000000e+00,0.0000000000e+00,-6.7026834716e+03,-9.5415475448e+02,-6.8416636092e+03,0.0000000000e+00,0.0000000000e+00,0.0000000000e+00,1.0311885280e+02,1.7227681858e+01,-7.0766218591e+02,1.5596353838e-05,-1.5035750422e-06,-6.2809727789e-05,0.0000000000e+00,0.0000000000e+00,0.0000000000e+00,-1.0623568847e+04,-1.7748399960e+03,7.2905174450e+04,-2.8631597824e-19,2.7602448851e-20,1.1530533894e-18,1,5.9980000369e-03,5.9980000369e-03,1.9999999553e-02,2.5999999046e-01
1.0000000000e+17,-3.1652303718e+04,-6.9765662283e+02,7.6637006827e+04,6.4925811004e+17,1.0000000000e+17,1.5017087184e-01,6.4925811004e+17,5.4925811004e+17,5.4925811004e+17,1.4169997992e+03,4.8421717476e+17,4.3305716550e-02,8.4428344989e-04,4.5627912816e-01,0.0000000000e+00,5.0146594487e+05,2.6955152841e+06,4.7049997786e+02,2.3428450026e+02,4.4149999891e-02,1.0922322459e-10,-4.1212912816e-01,0.0000000000e+00,0.0000000000e+00,-9.7442912816e-01,-6.6266902905e-19,9.1670016620e-21,1.2102581283e-18,0.0000000000e+00,0.0000000000e+00,-6.7026834716e+03,-9.5415475448e+02,-6.8416636092e+03,0.0000000000e+00,0.0000000000e+00,0.0000000000e+00,1.0311885280e+02,1.7227681858e+01,-7.0766218591e+02,1.5596353838e-05,-1.5035750422e-06,-6.2809727789e-05,0.0000000000e+00,0.0000000000e+00,0.0000000000e+00,-1.0623568847e+04,-1.7748399960e+03,7.2905174450e+04,-2.8631597824e-19,2.7602448851e-20,1.1530533894e-18,1,8.9969998226e-03,8.9969998226e-03,1.9999999553e-02,2.5999999046e-01
1.0000000000e+17,-4.6337822237e+04,-8.1633972327e+02,8.2847374617e+04,6.9385805898e+17,1.0000000000e+17,1.4844580384e-01,6.9385805898e+17,5.9385805898e+17,5.9385805898e+17,1.4169997992e+03,5.1102829486e+17,4.3137511185e-02,1.0124888147e-03,4.5800419616e-01,0.0000000000e+00,6.4005920482e+05,2.9491561282e+06,4.7049997786e+02,2.1779606590e+02,4.4149999874e-02,1.2611571865e-10,-4.1385419616e-01,0.0000000000e+00,0.0000000000e+00,-9.7615419616e-01,-9.1558486112e-19,3.1070338978e-21,1.1116243586e-18,0.0000000000e+00,0.0000000000e+00,-5.4792162216e+03,-4.0394850332e+03,-6.6992482570e+03,0.0000000000e+00,0.0000000000e+00,0.0000000000e+00,4.2770858984e+02,9.8982903637e+00,-9.1648157110e+02,5.6235490338e-05,6.9189098895e-07,-6.9064221009e-05,0.0000000000e+00,0.0000000000e+00,0.0000000000e+00,-5.2854909323e+04,-1.2232002163e+03,1.1325596793e+05,-8.4424799388e-19,-1.0387169666e-20,1.0368422092e-18,1,1.1996000074e-02,1.1996000074e-02,1.9999999553e-02,2.5999999046e-01
1.0000000000e+17,-6.6964285983e+04,-7.8705046234e+02,1.0659453488e+05,7.4069897819e+17,1.0000000000e+17,1.4680258676e-01,7.4069897819e+17,6.4069897819e+17,6.4069897819e+17,1.4169997992e+03,5.4459841926e+17,4.3009241368e-02,1.1407586315e-03,4.5964741324e-01,0.0000000000e+00,7.6968510802e+05,3.1426112244e+06,4.7049997786e+02,2.0536293299e+02,4.4149999857e-02,1.4298074361e-10,-4.1549741324e-01,0.0000000000e+00,0.0000000000e+00,-9.7779741324e-01,-1.1560865456e-18,-7.8172906738e-22,1.2178723363e-18,0.0000000000e+00,0.0000000000e+00,-5.4792162216e+03,-4.0394850332e+03,-6.6992482570e+03,0.0000000000e+00,0.0000000000e+00,0.0000000000e+00,4.2770858984e+02,9.8982903637e+00,-9.1648157110e+02,5.6235490338e-05,6.9189098895e-07,-6.9064221009e-05,0.0000000000e+00,0.0000000000e+00,0.0000000000e+00,-5.2854909323e+04,-1.2232002163e+03,1.1325596793e+05,-8.4424799388e-19,-1.0387169666e-20,1.0368422092e-18,1,1.4995000325e-02,1.4995000325e-02,1.9999999553e-02,2.5999999046e-01
1.0000000000e+17,-8.7590743323e+04,-7.5776121050e+02,1.3034168777e+05,7.8753988286e+17,1.0000000000e+17,1.4515937019e-01,7.8753988286e+17,6.8753988286e+17,6.8753988286e+17,1.4169997992e+03,5.7816853324e+17,4.2880971591e-02,1.2690284085e-03,4.6129062981e-01,0.0000000000e+00,8.9931097097e+05,3.3360662605e+06,4.7049997786e+02,1.9292980395e+02,4.4149999840e-02,1.5984576334e-10,-4.1714062981e-01,0.0000000000e+00,0.0000000000e+00,-9.7944062981e-01,-1.3965881555e-18,-4.6704908249e-21,1.3241202811e-18,0.0000000000e+00,0.0000000000e+00,-5.4792162216e+03,-4.0394850332e+03,-6.6992482570e+03,0.0000000000e+00,0.0000000000e+00,0.0000000000e+00,4.2770858984e+02,9.8982903637e+00,-9.1648157110e+02,5.6235490338e-05,6.9189098895e-07,-6.9064221009e-05,0.0000000000e+00,0.0000000000e+00,0.0000000000e+00,-5.2854909323e+04,-1.2232002163e+03,1.1325596793e+05,-8.4424799388e-19,-1.0387169666e-20,1.0368422092e-18,1,1.7993999645e-02,1.7993999645e-02,1.9999999553e-02,2.5999999046e-01
1.0000000000e+17,-1.0867210372e+05,-6.2128354641e+02,1.3519313964e+05,8.0261869459e+17,1.0000000000e+17,1.4415793694e-01,8.0261869459e+17,7.0261869459e+17,7.0261869459e+17,1.4169997992e+03,5.9233370983e+17,4.2563864698e-02,1.5861353018e-03,4.6229206306e-01,0.0000000000e+00,1.1129823608e+06,4.0886772608e+06,4.7049997786e+02,1.8491058256e+02,4.4149999807e-02,1.9289897077e-10,-4.1814206306e-01,0.0000000000e+00,0.0000000000e+00,-9.8044206306e-01,-1.6818707675e-18,-6.4948607996e-21,1.1249047215e-18,0.0000000000e+00,0.0000000000e+00,-2.6179418643e+03,-4.7020544787e+03,-6.6992482570e+03,0.0000000000e+00,0.0000000000e+00,0.0000000000e+00,1.2696037516e+03,2.2297042070e+00,-9.1648157110e+02,1.2840750685e-04,2.7066127117e-06,-6.9064221009e-05,0.0000000000e+00,0.0000000000e+00,0.0000000000e+00,-1.4625280680e+05,-2.5685218573e+02,1.0557467398e+05,-2.0092261454e-18,-4.2351083355e-20,1.0806660916e-18,1,2.0992999896e-02,2.0992999896e-02,1.9999999553e-02,2.5999999046e-01
1.0000000000e+17,-1.6759000326e+05,-4.5015012761e+02,1.2408658730e+05,8.0743586318e+17,1.0000000000e+17,1.4347825900e-01,8.0743586318e+17,7.0743586318e+17,7.0743586318e+17,1.4169997992e+03,5.9856820408e+17,4.2145548010e-02,2.0044519905e-03,4.6297174100e-01,0.0000000000e+00,1.4434221986e+06,4.9797041810e+06,4.7049997786e+02,1.8032745474e+02,4.4149999755e-02,2.4482434074e-10,-4.1882174100e-01,0.0000000000e+00,0.0000000000e+00,-9.8112174100e-01,-2.3636028520e-18,-5.7617607235e-21,7.9643102127e-19,0.0000000000e+00,0.0000000000e+00,-2.2333931905e+03,-4.7001571515e+03,-6.3146995832e+03,0.0000000000e+00,0.0000000000e+00,0.0000000000e+00,1.4065936071e+03,-4.0268848108e+01,-7.7949171560e+02,1.7733530200e-04,3.9954706210e-06,-2.0136425860e-05,0.0000000000e+00,0.0000000000e+00,0.0000000000e+00,-1.8089039122e+05,5.1786441025e+03,1.0024399419e+05,-2.4387876737e-18,-5.4947347716e-20,2.7692437223e-19,1,2.3992000148e-02,2.3992000148e-02,1.9999999553e-02,2.5999999046e-01
1.0000000000e+17,-2.3003999113e+05,-2.7915469137e+02,1.1208122661e+05,8.1229462435e+17,1.0000000000e+17,1.4280846432e-01,8.1229462435e+17,7.1229462435e+17,7.1229462435e+17,1.4169997992e+03,6.0467238829e+17,4.1723710551e-02,2.4262894486e-03,4.6364153568e-01,0.0000000000e+00,1.7821517033e+06,5.8660401900e+06,4.7049997786e+02,1.7592695203e+02,4.4149999702e-02,2.9800720226e-10,-4.1949153568e-01,0.0000000000e+00,0.0000000000e+00,-9.8179153568e-01,-3.0810798370e-18,-4.8541632432e-21,4.6549198988e-19,0.0000000000e+00,0.0000000000e+00,-2.2333931905e+03,-4.7001571515e+03,-6.3146995832e+03,0.0000000000e+00,0.0000000000e+00,0.0000000000e+00,1.4065936071e+03,-4.0268848108e+01,-7.7949171560e+02,1.7733530200e-04,3.9954706210e-06,-2.0136425860e-05,0.0000000000e+00,0.0000000000e+00,0.0000000000e+00,-1.8089039122e+05,5.1786441025e+03,1.0024399419e+05,-2.4387876737e-18,-5.4947347716e-20,2.7692437223e-19,1,2.6991000399e-02,2.6991000399e-02,1.9999999553e-02,2.5999999046e-01
1.0000000000e+17,-2.6255496147e+05,-1.7495684281e+02,9.9550447040e+04,8.1413184835e+17,1.0000000000e+17,1.4223634094e-01,8.1413184835e+17,7.1413184835e+17,7.1413184835e+17,1.4169997992e+03,6.0635440489e+17,4.1212836371e-02,2.9371636286e-03,4.6421365906e-01,0.0000000000e+00,2.1015191344e+06,7.1157644502e+06,4.7049997786e+02,1.7181110344e+02,4.4149999648e-02,3.5184375550e-10,-4.2006365906e-01,0.0000000000e+00,0.0000000000e+00,-9.8236365906e-01,-3.4773566536e-18,-5.5049893976e-21,-1.2154716578e-19,0.0000000000e+00,0.0000000000e+00,-1.7096866966e+03,-4.7211580498e+03,-6.3146995832e+03,0.0000000000e+00,0.0000000000e+00,0.0000000000e+00,1.8840021464e+03,-5.2217755683e-01,-7.7949171560e+02,1.8084035010e-04,3.8098413313e-06,-2.0136425860e-05,0.0000000000e+00,0.0000000000e+00,0.0000000000e+00,-2.1922919869e+05,6.0762439987e+01,9.0704431798e+04,-2.6339287623e-18,-5.5490108578e-20,2.9328582483e-19,1,2.9990000650e-02,2.9990000650e-02,1.9999999553e-02,2.5999999046e-01
1.0000000000e+17,-2.6743900178e+05,-7.6770468757e+02,6.7932425260e+04,8.1413186111e+17,1.0000000000e+17,1.4156947024e-01,8.1413186111e+17,7.1413186111e+17,7.1413186111e+17,1.4169997992e+03,6.0561745162e+17,4.0513902885e-02,3.6360971152e-03,4.6488052976e-01,0.0000000000e+00,2.5869387054e+06,8.6006328244e+06,4.7049997786e+02,1.6760134161e+02,4.4149999565e-02,4.3493772483e-10,-4.2073052976e-01,0.0000000000e+00,0.0000000000e+00,-9.8303052976e-01,-3.4711714615e-18,-1.4044965900e-20,-8.5851692927e-19,0.0000000000e+00,0.0000000000e+00,-2.3617010772e+03,4.7039880377e+03,-6.9667139638e+03,0.0000000000e+00,0.0000000000e+00,0.0000000000e+00,2.4505086657e+03,-2.8284463487e+00,-2.1298519639e+02,3.0292201340e-04,-5.9425797616e-06,1.0194523744e-04,0.0000000000e+00,0.0000000000e+00,0.0000000000e+00,-3.1410223496e+05,3.6254567554e+02,2.7300097787e+04,-3.8954118212e-18,7.6418333525e-20,-1.3109601332e-18,1,3.2988999039e-02,3.2988999039e-02,1.9999999553e-02,2.5999999046e-01
1.0000000000e+17,-2.6979020520e+05,-1.5367547706e+03,3.1273027756e+04,8.1413186111e+17,1.0000000000e+17,1.4086119603e-01,8.1413186111e+17,7.1413186111e+17,7.1413186111e+17,1.4169997992e+03,6.0495298621e+17,3.9778995274e-02,4.3710047256e-03,4.6558880397e-01,0.0000000000e+00,3.1201255397e+06,1.0089313921e+07,4.7049997786e+02,1.6331986108e+02,4.4149999474e-02,5.2578404426e-10,-4.2143880397e-01,0.0000000000e+00,0.0000000000e+00,-9.8373880397e-01,-3.4093398742e-18,-2.4449575005e-20,-1.5939322556e-18,0.0000000000e+00,0.0000000000e+00,-2.3617010772e+03,4.7039880377e+03,-6.9667139638e+03,0.0000000000e+00,0.0000000000e+00,0.0000000000e+00,2.4505086657e+03,-2.8284463487e+00,-2.1298519639e+02,3.0292201340e-04,-5.9425797616e-06,1.0194523744e-04,0.0000000000e+00,0.0000000000e+00,0.0000000000e+00,-3.1410223496e+05,3.6254567554e+02,2.7300097787e+04,-3.8954118212e-18,7.6418333525e-20,-1.3109601332e-18,1,3.5987999290e-02,3.5987999290e-02,1.9999999553e-02,2.5999999046e-01
1.0000000000e+17,-2.7175540732e+05,-2.0658126242e+03,1.0199747399e+04,8.1413186044e+17,1.0000000000e+17,1.4024087788e-01,8.1413186044e+17,7.1413186044e+17,7.1413186044e+17,1.4169997992e+03,6.0349785226e+17,3.9086060212e-02,5.0639397883e-03,4.6620912212e-01,0.0000000000e+00,3.5368475129e+06,1.1633890392e+07,4.7049997786e+02,1.5931994868e+02,4.4149999397e-02,6.0257407630e-10,-4.2205912212e-01,4.3246871352e+02,0.0000000000e+00,-9.8435912212e-01,-3.3448745211e-18,-3.8341820440e-20,-2.1243032120e-18,0.0000000000e+00,0.0000000000e+00,-1.7702007642e+03,4.8044311998e+03,-6.9667139638e+03,0.0000000000e+00,0.0000000000e+00,0.0000000000e+00,2.1682453186e+03,1.9955605437e+01,-2.1298519639e+02,2.0839416119e-04,-3.5659253328e-06,1.0194523744e-04,0.0000000000e+00,0.0000000000e+00,0.0000000000e+00,-2.5139196519e+05,-2.3137044616e+03,2.4694054044e+04,-2.9042474437e-18,4.9695871867e-20,-1.4207413180e-18,1,3.8986999542e-02,3.8986999542e-02,1.9999999553e-02,2.5999999046e-01
1.0000000000e+17,-2.7332811781e+05,-2.3508431468e+03,4.9746377584e+03,8.1413186044e+17,1.0000000000e+17,1.3970999463e-01,8.1413186044e+17,7.1413186044e+17,7.1413186044e+17,1.4169997992e+03,6.0123875820e+17,3.8435803386e-02,5.7141966138e-03,4.6674000537e-01,0.0000000000e+00,3.8351464677e+06,1.3235302173e+07,4.7049997786e+02,1.5560633906e+02,4.4149999335e-02,6.6507149047e-10,-4.2259000537e-01,1.3046773083e+03,0.0000000000e+00,-9.8489000537e-01,-3.2777311119e-18,-5.5780341817e-20,-2.4461823742e-18,0.0000000000e+00,0.0000000000e+00,-1.7702007642e+03,4.8044311998e+03,-6.9667139638e+03,0.0000000000e+00,0.0000000000e+00,0.0000000000e+00,2.1682453186e+03,1.9955605437e+01,-2.1298519639e+02,2.0839416119e-04,-3.5659253328e-06,1.0194523744e-04,0.0000000000e+00,0.0000000000e+00,0.0000000000e+00,-2.5139196519e+05,-2.3137044616e+03,2.4694054044e+04,-2.9042474437e-18,4.9695871867e-20,-1.4207413180e-18,1,4.1985999793e-02,4.1985999793e-02,1.9999999553e-02,2.5999999046e-01
1.0000000000e+17,-2.7595240618e+05,-2.2559016035e+03,-7.8669278803e+02,8.1413186111e+17,1.0000000000e+17,1.3901127767e-01,8.1413186111e+17,7.1413186111e+17,7.1413186111e+17,1.4169997992e+03,6.0124227609e+17,3.7732276569e-02,6.4177234306e-03,4.6743872233e-01,0.0000000000e+00,4.2687980697e+06,1.4548396779e+07,4.7049997786e+02,1.5174560485e+02,4.4149999251e-02,7.4920025477e-10,-4.2328872233e-01,2.2570870272e+03,0.0000000000e+00,-9.8558872233e-01,-3.1614409950e-18,-6.3189150964e-20,-2.5763517062e-18,0.0000000000e+00,0.0000000000e+00,-2.4455931162e+03,4.5049276891e+03,-8.3174986678e+03,0.0000000000e+00,0.0000000000e+00,0.0000000000e+00,2.3826131213e+03,1.5099596349e+01,2.1575040904e+02,2.9544251490e-04,-6.8794969718e-07,2.7604194486e-04,0.0000000000e+00,0.0000000000e+00,0.0000000000e+00,-3.0101494743e+05,-1.9076551542e+03,-2.7257508764e+04,-3.3111130494e-18,7.7100589954e-21,-3.0936850308e-18,1,4.4985000044e-02,4.4985000044e-02,1.9999999553e-02,2.5999999046e-01
1.0000000000e+17,-2.7879421161e+05,-2.0823624265e+03,-6.6589404317e+03,8.1413184768e+17,1.0000000000e+17,1.3827784463e-01,8.1413184768e+17,7.1413184768e+17,7.1413184768e+17,1.4169997992e+03,6.0171380622e+17,3.7017730836e-02,7.1322691644e-03,4.6817215537e-01,0.0000000000e+00,4.7304473458e+06,1.5801853039e+07,4.7049997786e+02,1.4785443953e+02,4.4149999162e-02,8.3780347181e-10,-4.2402215537e-01,3.2260863798e+03,0.0000000000e+00,-9.8632215537e-01,-3.0349848832e-18,-6.8523306838e-20,-2.6668657852e-18,0.0000000000e+00,0.0000000000e+00,-2.4455931162e+03,-4.1874061615e+03,-8.3174986678e+03,0.0000000000e+00,0.0000000000e+00,0.0000000000e+00,2.3826131213e+03,4.0478976772e+01,2.1575040904e+02,2.9544251490e-04,1.2927325876e-05,2.7604194486e-04,0.0000000000e+00,0.0000000000e+00,0.0000000000e+00,-3.0101494743e+05,-5.1140392691e+03,-2.7257508764e+04,-3.2337474973e-18,-1.4149523373e-19,-3.0213997760e-18,1,4.7984000295e-02,4.7984000295e-02,1.9999999553e-02,2.5999999046e-01
1.0000000000e+17,-2.8163601883e+05,-1.9088233164e+03,-1.2531188413e+04,8.1413184768e+17,1.0000000000e+17,1.3754441119e-01,8.1413184768e+17,7.1413184768e+17,7.1413184768e+17,1.4169997992e+03,6.0218534526e+17,3.6303185101e-02,7.8468148993e-03,4.6890558881e-01,0.0000000000e+00,5.1920966909e+06,1.7055309079e+07,4.7049997786e+02,1.4396327195e+02,4.4149999074e-02,9.2640668945e-10,-4.2475558881e-01,4.1950857324e+03,0.0000000000e+00,-9.8705558881e-01,-2.9085287484e-18,-7.3857465121e-20,-2.7573798557e-18,0.0000000000e+00,0.0000000000e+00,-2.4455931162e+03,-4.1874061615e+03,-8.3174986678e+03,0.0000000000e+00,0.0000000000e+00,0.0000000000e+00,2.3826131213e+03,4.0478976772e+01,2.1575040904e+02,2.9544251490e-04,1.2927325876e-05,2.7604194486e-04,0.0000000000e+00,0.0000000000e+00,0.0000000000e+00,-3.0101494743e+05,-5.1140392691e+03,-2.7257508764e+04,-3.2337474973e-18,-1.4149523373e-19,-3.0213997760e-18,1,5.0983000547e-02,5.0983000547e-02,1.9999999553e-02,2.5999999046e-01
1.0000000000e+17,-2.8447782604e+05,-1.7352842063e+03,-1.8403436395e+04,8.1413184768e+17,1.0000000000e+17,1.3681097775e-01,8.1413184768e+17,7.1413184768e+17,7.1413184768e+17,1.4169997992e+03,6.0265688430e+17,3.5588639366e-02,8.5613606343e-03,4.6963902225e-01,0.0000000000e+00,5.6537460360e+06,1.8308765118e+07,4.7049997786e+02,1.4007210437e+02,4.4149998985e-02,1.0150099071e-09,-4.2548902225e-01,5.1640850850e+03,0.0000000000e+00,-9.8778902225e-01,-2.7820726137e-18,-7.9191623403e-20,-2.8478939262e-18,0.0000000000e+00,0.0000000000e+00,-2.4455931162e+03,-4.1874061615e+03,-8.3174986678e+03,0.0000000000e+00,0.0000000000e+00,0.0000000000e+00,2.3826131213e+03,4.0478976772e+01,2.1575040904e+02,2.9544251490e-04,1.2927325876e-05,2.7604194486e-04,0.0000000000e+00,0.0000000000e+00,0.0000000000e+00,-3.0101494743e+05,-5.1140392691e+03,-2.7257508764e+04,-3.2337474973e-18,-1.4149523373e-19,-3.0213997760e-18,1,5.3982000798e-02,5.3982000798e-02,1.9999999553e-02,2.5999999046e-01
1.0000000000e+17,-2.8559587823e+05,-1.6831277973e+03,-2.3584233599e+04,8.1413184827e+17,1.0000000000e+17,1.3620728198e-01,8.1413184827e+17,7.1413184827e+17,7.1413184827e+17,1.4169997992e+03,6.0105034176e+17,3.4888070510e-02,9.2619294900e-03,4.7024271802e-01,0.0000000000e+00,6.0422597080e+06,1.9724364065e+07,4.7049997786e+02,1.3681563262e+02,4.4149998906e-02,1.0943944741e-09,-4.2609271802e-01,3.4735229746e+05,0.0000000000e+00,-9.8839271802e-01,-2.6626406594e-18,-8.6735786039e-20,-3.0125468625e-18,0.0000000000e+00,0.0000000000e+00,-6.7079718555e+02,-1.8308791318e+03,-8.3174986678e+03,0.0000000000e+00,0.0000000000e+00,0.0000000000e+00,2.1914111545e+03,-6.4306945860e+01,2.1575040904e+02,1.6933251838e-04,-6.2073679530e-05,2.7604194486e-04,0.0000000000e+00,0.0000000000e+00,0.0000000000e+00,-2.6116914845e+05,7.6640069368e+03,-2.5712815456e+04,-1.8534184483e-18,6.7942356197e-19,-3.0213997760e-18,1,5.6981001049e-02,5.6981001049e-02,1.9999999553e-02,2.5999999046e-01
1.0000000000e+17,-2.8136581298e+05,-2.0075737876e+03,-2.6619738708e+04,8.1413184827e+17,1.0000000000e+17,1.3600610989e-01,8.1413184827e+17,7.1413184827e+17,7.1413184827e+17,1.4169997992e+03,5.9299634801e+17,3.4230866250e-02,9.9191337504e-03,4.7044389011e-01,0.0000000000e+00,6.2038629944e+06,2.1643027003e+07,4.7049997786e+02,1.3552836639e+02,4.4149998855e-02,1.1451773006e-09,-4.2629389011e-01,1.7482049640e+06,0.0000000000e+00,-9.8859389011e-01,-2.5650019366e-18,-1.0113671008e-19,-3.4072229141e-18,0.0000000000e+00,0.0000000000e+00,-6.7079718555e+02,-1.8308791318e+03,-8.3174986678e+03,0.0000000000e+00,0.0000000000e+00,0.0000000000e+00,2.1914111545e+03,-6.4306945860e+01,2.1575040904e+02,1.6933251838e-04,-6.2073679530e-05,2.7604194486e-04,0.0000000000e+00,0.0000000000e+00,0.0000000000e+00,-2.6116914845e+05,7.6640069368e+03,-2.5712815456e+04,-1.8534184483e-18,6.7942356197e-19,-3.0213997760e-18,1,5.9980001301e-02,5.9980001301e-02,1.9999999553e-02,2.5999999046e-01
1.0000000000e+17,-2.8192453052e+05,-2.0763898061e+03,-3.0075900633e+04,8.1413184827e+17,1.0000000000e+17,1.3543661102e-01,8.1413184827e+17,7.1413184827e+17,7.1413184827e+17,1.4169997992e+03,5.9190593767e+17,3.3559217383e-02,1.0590782617e-02,4.7101338898e-01,0.0000000000e+00,6.5171798391e+06,2.2958361530e+07,4.7049997786e+02,1.3285807693e+02,4.4149998791e-02,1.2091576567e-09,-4.2686338898e-01,3.2386787999e+06,0.0000000000e+00,-9.8916338898e-01,-2.4485796346e-18,-1.1137804948e-19,-3.6067921481e-18,0.0000000000e+00,0.0000000000e+00,-2.8011132086e+03,-3.8280504034e+03,-1.2578130714e+04,0.0000000000e+00,0.0000000000e+00,0.0000000000e+00,2.2749600494e+03,1.4020143064e+01,3.8284819874e+02,2.4566425931e-04,9.4873275902e-06,4.2870542671e-04,0.0000000000e+00,0.0000000000e+00,0.0000000000e+00,-2.7597840316e+05,-1.7008020409e+03,-4.6443819781e+04,-2.3593150641e-18,-9.1114576311e-20,-4.1172092927e-18,1,6.2978997827e-02,6.2978997827e-02,1.9999999553e-02,2.5999999046e-01
1.0000000000e+17,-2.8600084177e+05,-1.9574333973e+03,-3.3841062776e+04,8.1413184827e+17,1.0000000000e+17,1.3459655710e-01,8.1413184827e+17,7.1413184827e+17,7.1413184827e+17,1.4169997992e+03,5.9593061371e+17,3.2876956807e-02,1.1273043193e-02,4.7185344290e-01,0.0000000000e+00,6.9419383036e+06,2.3830525000e+07,4.7049997786e+02,1.2917188429e+02,4.4149998717e-02,1.2828323742e-09,-4.2770344290e-01,4.7949869298e+06,0.0000000000e+00,-9.9000344290e-01,-2.3183596345e-18,-1.1856399489e-19,-3.6630464201e-18,0.0000000000e+00,0.0000000000e+00,-2.8011132086e+03,-3.8280504034e+03,-1.2578130714e+04,0.0000000000e+00,0.0000000000e+00,0.0000000000e+00,2.2749600494e+03,1.4020143064e+01,3.8284819874e+02,2.4566425931e-04,9.4873275902e-06,4.2870542671e-04,0.0000000000e+00,0.0000000000e+00,0.0000000000e+00,-2.7597840316e+05,-1.7008020409e+03,-4.6443819781e+04,-2.3593150641e-18,-9.1114576311e-20,-4.1172092927e-18,1,6.5977998078e-02,6.5977998078e-02,1.9999999553e-02,2.5999999046e-01
1.0000000000e+17,-2.9007715302e+05,-1.8384769886e+03,-3.7606224919e+04,8.1413184827e+17,1.0000000000e+17,1.3375650317e-01,8.1413184827e+17,7.1413184827e+17,7.1413184827e+17,1.4169997992e+03,5.9995528976e+17,3.2194696231e-02,1.1955303769e-02,4.7269349683e-01,0.0000000000e+00,7.3666967681e+06,2.4702688470e+07,4.7049997786e+02,1.2548569164e+02,4.4149998643e-02,1.3565070918e-09,-4.2854349683e-01,6.3512950596e+06,0.0000000000e+00,-9.9084349683e-01,-2.1881396344e-18,-1.2574994031e-19,-3.7193006921e-18,0.0000000000e+00,0.0000000000e+00,-2.8011132086e+03,-3.8280504034e+03,-1.2578130714e+04,0.0000000000e+00,0.0000000000e+00,0.0000000000e+00,2.2749600494e+03,1.4020143064e+01,3.8284819874e+02,2.4566425931e-04,9.4873275902e-06,4.2870542671e-04,0.0000000000e+00,0.0000000000e+00,0.0000000000e+00,-2.7597840316e+05,-1.7008020409e+03,-4.6443819781e+04,-2.3593150641e-18,-9.1114576311e-20,-4.1172092927e-18,1,6.8976998329e-02,6.8976998329e-02,1.9999999553e-02,2.5999999046e-01
1.0000000000e+17,-2.9415346428e+05,-1.7195205798e+03,-4.1371387063e+04,8.1413184827e+17,1.0000000000e+17,1.3291644925e-01,8.1413184828e+17,7.1413184828e+17,7.1413184828e+17,1.4169997992e+03,6.0397996580e+17,3.1512435655e-02,1.2637564345e-02,4.7353355075e-01,0.0000000000e+00,7.7914552325e+06,2.5574851939e+07,4.7049997786e+02,1.2179949899e+02,4.4149998570e-02,1.4301818093e-09,-4.2938355075e-01,7.9076031895e+06,0.0000000000e+00,-9.9168355075e-01,-2.0579196343e-18,-1.3293588572e-19,-3.7755549642e-18,0.0000000000e+00,0.0000000000e+00,-2.8011132086e+03,-3.8280504034e+03,-1.2578130714e+04,0.0000000000e+00,0.0000000000e+00,0.0000000000e+00,2.2749600494e+03,1.4020143064e+01,3.8284819874e+02,2.4566425931e-04,9.4873275902e-06,4.2870542671e-04,0.0000000000e+00,0.0000000000e+00,0.0000000000e+00,-2.7597840316e+05,-1.7008020409e+03,-4.6443819781e+04,-2.3593150641e-18,-9.1114576311e-20,-4.1172092927e-18,1,7.1975998580e-02,7.1975998580e-02,1.9999999553e-02,2.5999999046e-01
1.0000000000e+17,-2.9822977553e+05,-1.6005641711e+03,-4.5136549206e+04,8.1413184827e+17,1.0000000000e+17,1.3207639533e-01,8.1413184828e+17,7.1413184828e+17,7.1413184828e+17,1.4169997992e+03,6.0800464185e+17,3.0830175079e-02,1.3319824921e-02,4.7437360467e-01,0.0000000000e+00,8.2162136970e+06,2.6447015409e+07,4.7049997786e+02,1.1811330635e+02,4.4149998496e-02,1.5038565268e-09,-4.3022360467e-01,9.4639113194e+06,0.0000000000e+00,-9.9252360467e-01,-1.9276996342e-18,-1.4012183113e-19,-3.8318092362e-18,0.0000000000e+00,0.0000000000e+00,-2.8011132086e+03,-3.8280504034e+03,-1.2578130714e+04,0.0000000000e+00,0.0000000000e+00,0.0000000000e+00,2.2749600494e+03,1.4020143064e+01,3.8284819874e+02,2.4566425931e-04,9.4873275902e-06,4.2870542671e-04,0.0000000000e+00,0.0000000000e+00,0.0000000000e+00,-2.7597840316e+05,-1.7008020409e+03,-4.6443819781e+04,-2.3593150641e-18,-9.1114576311e-20,-4.1172092927e-18,1,7.4974998832e-02,7.4974998832e-02,1.9999999553e-02,2.5999999046e-01
1.0000000000e+17,-2.8788215439e+05,-1.9535994012e+03,-4.9428358358e+04,7.9877542951e+17,1.0000000000e+17,1.3215497847e-01,7.9877542960e+17,6.9877542960e+17,6.9877542960e+17,1.4169997992e+03,5.8913299567e+17,3.0171927320e-02,1.3978072680e-02,4.7429502153e-01,0.0000000000e+00,8.2004846049e+06,2.8245952045e+07,4.7049997786e+02,1.1744547709e+02,4.4149998443e-02,1.5569011436e-09,-4.3014502153e-01,8.8504478805e+07,0.0000000000e+00,-9.9244502153e-01,-1.7527844455e-18,-1.4518226744e-19,-3.9946053332e-18,0.0000000000e+00,0.0000000000e+00,2.8778169444e+02,-3.8280504034e+03,-1.2578130714e+04,0.0000000000e+00,0.0000000000e+00,0.0000000000e+00,2.1942175343e+03,1.4020143064e+01,3.8284819874e+02,1.7629604443e-04,9.4873275902e-06,4.2870542671e-04,0.0000000000e+00,0.0000000000e+00,0.0000000000e+00,-2.6618342220e+05,-1.7008020409e+03,-4.6443819781e+04,-1.6931152889e-18,-9.1114576311e-20,-4.1172092927e-18,1,7.7973999083e-02,7.7973999083e-02,1.9999999553e-02,2.5999999046e-01
1.0000000000e+17,-2.8039991549e+05,-2.4553043295e+03,-5.4081955313e+04,7.8231683676e+17,1.0000000000e+17,1.3205095479e-01,7.8231683693e+17,6.8231683693e+17,6.8231683693e+17,1.4169997992e+03,5.7472016134e+17,2.9505386208e-02,1.4644613792e-02,4.7439904521e-01,0.0000000000e+00,8.2745605419e+06,2.9808038582e+07,4.7049997786e+02,1.1638809930e+02,4.4149998390e-02,1.6097035564e-09,-4.3024904521e-01,1.6931012134e+08,0.0000000000e+00,-9.9254904521e-01,-1.5823894418e-18,-1.4820452861e-19,-4.1418687136e-18,0.0000000000e+00,0.0000000000e+00,-1.6683666287e+03,-2.7154660152e+03,-1.6490427360e+04,0.0000000000e+00,0.0000000000e+00,0.0000000000e+00,2.2815288119e+03,-5.0052582335e+01,5.5747075397e+02,1.7558920244e-04,3.3431035718e-05,4.2729174273e-04,0.0000000000e+00,0.0000000000e+00,0.0000000000e+00,-2.9674266961e+05,6.5099931350e+03,-7.2506364547e+04,-1.4746601968e-18,-2.8076565658e-19,-3.5885471127e-18,1,8.0972999334e-02,8.0972999334e-02,1.9999999553e-02,2.5999999046e-01
1.0000000000e+17,-2.7913670383e+05,-3.2583193117e+03,-5.9479677564e+04,7.6383201231e+17,1.0000000000e+17,1.3155061159e-01,7.6383201257e+17,6.6383201257e+17,6.6383201257e+17,1.4169997992e+03,5.6999262848e+17,2.8821155660e-02,1.5328844340e-02,4.7489938841e-01,0.0000000000e+00,8.5433465944e+06,3.0860713311e+07,4.7049997786e+02,1.1446673615e+02,4.4149998338e-02,1.6623627626e-09,-4.3074938841e-01,2.5243479641e+08,0.0000000000e+00,-9.9304938841e-01,-1.4221891267e-18,-1.4701991377e-19,-4.2549234479e-18,0.0000000000e+00,0.0000000000e+00,-1.6683666287e+03,-2.7154660152e+03,-1.6490427360e+04,0.0000000000e+00,0.0000000000e+00,0.0000000000e+00,2.2815288119e+03,-5.0052582335e+01,5.5747075397e+02,1.7558920244e-04,3.3431035718e-05,4.2729174273e-04,0.0000000000e+00,0.0000000000e+00,0.0000000000e+00,-2.9674266961e+05,6.5099931350e+03,-7.2506364547e+04,-1.4746601968e-18,-2.8076565658e-19,-3.5885471127e-18,1,8.3971999586e-02,8.3971999586e-02,1.9999999553e-02,2.5999999046e-01
1.0000000000e+17,-2.6697175271e+05,-4.7284587362e+03,-6.2743023999e+04,7.1740945551e+17,1.0000000000e+17,1.3280452449e-01,7.1740945728e+17,6.1740945728e+17,6.1740945728e+17,1.4169997992e+03,5.3051941357e+17,2.8122405250e-02,1.6027594750e-02,4.7364547551e-01,0.0000000000e+00,8.1728624335e+06,3.4624157009e+07,4.7049997786e+02,1.2013813638e+02,4.4149998294e-02,1.7061991967e-09,-4.2949547551e-01,1.7748205800e+09,0.0000000000e+00,-9.9179547551e-01,-1.4516101731e-18,-1.5488241350e-19,-4.5752955214e-18,0.0000000000e+00,0.0000000000e+00,5.0891691222e+03,-8.6614499354e+02,-1.6490427360e+04,0.0000000000e+00,0.0000000000e+00,0.0000000000e+00,2.3374604986e+03,1.6099648038e+01,5.5747075397e+02,1.4160317363e-04,2.4113211428e-05,4.2729174273e-04,0.0000000000e+00,0.0000000000e+00,0.0000000000e+00,-2.7667110025e+05,-1.9056182292e+03,-6.5984450622e+04,-1.2283649711e-18,-2.0917486170e-19,-3.7066274418e-18,1,8.6970999837e-02,8.6970999837e-02,1.9999999553e-02,2.5999999046e-01
1.0000000000e+17,-2.5311442661e+05,-6.3021621806e+03,-6.5675032164e+04,6.6664987230e+17,1.0000000000e+17,1.3433076627e-01,6.6664987582e+17,5.6664987582e+17,5.6664987582e+17,1.4169997992e+03,4.8565231413e+17,2.7421400792e-02,1.6728599208e-02,4.7211923373e-01,0.0000000000e+00,7.7031386117e+06,3.8808417582e+07,4.7049997786e+02,1.2698822900e+02,4.4149998251e-02,1.7486659927e-09,-4.2796923373e-01,3.5206358165e+09,0.0000000000e+00,-9.9026923373e-01,-1.5104678360e-18,-1.6414936858e-19,-4.9278513078e-18,0.0000000000e+00,0.0000000000e+00,5.0891691222e+03,2.9252241936e+03,-1.6490427360e+04,0.0000000000e+00,0.0000000000e+00,0.0000000000e+00,2.3374604986e+03,1.1504770383e+02,5.5747075397e+02,1.4160317363e-04,1.0162148900e-05,4.2729174273e-04,0.0000000000e+00,0.0000000000e+00,0.0000000000e+00,-2.8158766947e+05,-1.3859491879e+04,-6.7157023829e+04,-1.2542476677e-18,-9.0011058582e-20,-3.7847292402e-18,1,8.9970000088e-02,8.9970000088e-02,1.9999999553e-02,2.5999999046e-01
1.0000000000e+17,-2.3925709943e+05,-7.8758655533e+03,-6.8607040170e+04,6.1589028513e+17,1.0000000000e+17,1.3585700821e-01,6.1589029040e+17,5.1589029040e+17,5.1589029040e+17,1.4169997992e+03,4.4078521162e+17,2.6720396330e-02,1.7429603670e-02,4.7059299179e-01,0.0000000000e+00,7.2334147443e+06,4.2992678423e+07,4.7049997786e+02,1.3383832253e+02,4.4149998209e-02,1.7911327880e-09,-4.2644299179e-01,5.2664510530e+09,0.0000000000e+00,-9.8874299179e-01,-1.5693255119e-18,-1.7341632925e-19,-5.2804071219e-18,0.0000000000e+00,0.0000000000e+00,5.0891691222e+03,2.9252241936e+03,-1.6490427360e+04,0.0000000000e+00,0.0000000000e+00,0.0000000000e+00,2.3374604986e+03,1.1504770383e+02,5.5747075397e+02,1.4160317363e-04,1.0162148900e-05,4.2729174273e-04,0.0000000000e+00,0.0000000000e+00,0.0000000000e+00,-2.8158766947e+05,-1.3859491879e+04,-6.7157023829e+04,-1.2542476677e-18,-9.0011058582e-20,-3.7847292402e-18,1,9.2969000340e-02,9.2969000340e-02,1.9999999553e-02,2.5999999046e-01
1.0000000000e+17,-2.2289201751e+05,-8.2265264799e+03,-6.9088163843e+04,5.5843899094e+17,1.0000000000e+17,1.3866705469e-01,5.5843900831e+17,4.5843900831e+17,4.5843900831e+17,1.4169997992e+03,3.8965102734e+17,2.5978876609e-02,1.8171123391e-02,4.6778294531e-01,0.0000000000e+00,6.5616314315e+06,5.1814931948e+07,4.7049997786e+02,1.5113295463e+02,4.4149998162e-02,1.8380242178e-09,-4.2363294531e-01,1.7373591811e+10,0.0000000000e+00,-9.8593294531e-01,-1.8828753091e-18,-1.8799739484e-19,-6.2726901784e-18,0.0000000000e+00,0.0000000000e+00,9.6196180177e+03,6.7958112501e+02,-3.4342175559e+04,0.0000000000e+00,0.0000000000e+00,0.0000000000e+00,2.5580964137e+03,1.3755516967e+02,1.0964330106e+03,1.7300720856e-04,1.6942169891e-05,5.8989186869e-04,0.0000000000e+00,0.0000000000e+00,0.0000000000e+00,-1.8461338062e+05,-9.9271179764e+03,-7.9127668383e+04,-2.2739466853e-18,-2.2268199912e-19,-7.7533339256e-18,1,9.5968000591e-02,9.5968000591e-02,1.9999999553e-02,2.5999999046e-01
1.0000000000e+17,-2.0822475298e+05,-8.4581808000e+03,-7.0693943379e+04,4.9818410150e+17,1.0000000000e+17,1.4155197837e-01,4.9818413471e+17,3.9818413471e+17,3.9818413471e+17,1.4169997992e+03,3.3647136663e+17,2.5211703430e-02,1.8938296570e-02,4.6489802163e-01,0.0000000000e+00,5.8388433389e+06,6.0740979335e+07,4.7049997786e+02,1.6803021000e+02,4.4149998110e-02,1.8899090840e-09,-4.2074802163e-01,3.3210679424e+10,0.0000000000e+00,-9.8304802163e-01,-2.2338777644e-18,-1.9669156870e-19,-7.0240107192e-18,0.0000000000e+00,0.0000000000e+00,9.6196180177e+03,6.7958112501e+02,-3.4342175559e+04,0.0000000000e+00,0.0000000000e+00,0.0000000000e+00,2.5580964137e+03,1.3755516967e+02,1.0964330106e+03,1.7300720856e-04,1.6942169891e-05,5.8989186869e-04,0.0000000000e+00,0.0000000000e+00,0.0000000000e+00,-1.8461338062e+05,-9.9271179764e+03,-7.9127668383e+04,-2.2739466853e-18,-2.2268199912e-19,-7.7533339256e-18,1,9.8967000842e-02,9.8967000842e-02,1.9999999553e-02,2.5999999046e-01
1.0000000000e+17,-1.6775496618e+05,-6.8409610286e+03,-5.6571887662e+04,4.3747516145e+17,1.0000000000e+17,1.4499239731e-01,4.3747523651e+17,3.3747523651e+17,3.3747523651e+17,1.4169997992e+03,2.8485936658e+17,2.4380279631e-02,1.9769720369e-02,4.6145760269e-01,0.0000000000e+00,5.0952175389e+06,7.3699908031e+07,4.7049997786e+02,1.9207193773e+02,4.4149998054e-02,1.9460717933e-09,-4.1730760269e-01,7.5053305990e+10,0.0000000000e+00,-9.7960760269e-01,-4.4946451781e-18,-1.0094657995e-19,-1.1333756094e-17,0.0000000000e+00,0.0000000000e+00,1.2034789512e+04,1.9057180383e+02,-3.9504884366e+04,0.0000000000e+00,0.0000000000e+00,0.0000000000e+00,2.8856378560e+03,1.4748380788e+02,1.1056524520e+03,1.9972858922e-04,2.5216051472e-05,6.5232536410e-04,0.0000000000e+00,0.0000000000e+00,0.0000000000e+00,-1.6096034868e+05,-8.2266196680e+03,-6.1673090344e+04,-3.2520990087e-18,-4.1058266278e-19,-1.0621547362e-17,1,1.0196600109e-01,1.0196600109e-01,1.9999999553e-02,2.5999999046e-01
1.0000000000e+17,-1.4148581345e+05,-5.6281620968e+03,-4.5282421230e+04,3.7993728299e+17,1.0000000000e+17,1.4935708835e-01,3.7993760978e+17,2.7993760978e+17,2.7993760978e+17,1.4169997992e+03,2.4102521563e+17,2.3401112449e-02,2.0748887551e-02,4.5709291165e-01,0.0000000000e+00,4.4112143482e+06,1.0116400578e+08,4.7049997786e+02,2.3832938226e+02,4.4149997978e-02,2.0218483430e-09,-4.1294291165e-01,3.2679396747e+11,0.0000000000e+00,-9.7524291165e-01,-8.1203660761e-18,4.2243631608e-20,-1.6476183464e-17,0.0000000000e+00,0.0000000000e+00,1.4696562900e+04,3.8432887554e+01,-5.6508051374e+04,0.0000000000e+00,0.0000000000e+00,0.0000000000e+00,3.5206405230e+03,1.5859700170e+02,1.3025209958e+03,2.9600594568e-04,2.6781299399e-05,7.6989294939e-04,0.0000000000e+00,0.0000000000e+00,0.0000000000e+00,-1.1437397487e+05,-5.1522924221e+03,-4.2314602322e+04,-7.0598066386e-18,-6.3873985658e-19,-1.8362115473e-17,1,1.0496500134e-01,1.0496500134e-01,1.9999999553e-02,2.5999999046e-01
1.0000000000e+17,-1.3247400696e+05,-5.2782465372e+03,-4.1083165885e+04,3.2419800930e+17,1.0000000000e+17,1.5376458793e-01,3.2419871437e+17,2.2419871437e+17,2.2419871437e+17,1.4169997992e+03,1.9921615450e+17,2.2345272267e-02,2.1804727733e-02,4.5268541207e-01,0.0000000000e+00,3.7358607192e+06,1.2909116097e+08,4.7049997786e+02,2.8252883420e+02,4.4149997889e-02,2.1106205336e-09,-4.0853541207e-01,7.0507272206e+11,0.0000000000e+00,-9.7083541207e-01,-1.0977332964e-17,1.3038932858e-19,-1.9583966943e-17,0.0000000000e+00,0.0000000000e+00,1.4696562900e+04,3.8432887554e+01,-5.6508051374e+04,0.0000000000e+00,0.0000000000e+00,0.0000000000e+00,3.5206405230e+03,1.5859700170e+02,1.3025209958e+03,2.9600594568e-04,2.6781299399e-05,7.6989294939e-04,0.0000000000e+00,0.0000000000e+00,0.0000000000e+00,-1.1437397487e+05,-5.1522924221e+03,-4.2314602322e+04,-7.0598066386e-18,-6.3873985658e-19,-1.8362115473e-17,1,1.0796400160e-01,1.0796400160e-01,1.9999999553e-02,2.5999999046e-01
1.0000000000e+17,-1.2346220047e+05,-4.9283309777e+03,-3.6883910540e+04,2.6845873560e+17,1.0000000000e+17,1.5817208752e-01,2.6845981896e+17,1.6845981896e+17,1.6845981896e+17,1.4169997992e+03,1.5740709338e+17,2.1289432086e-02,2.2860567914e-02,4.4827791248e-01,0.0000000000e+00,3.0605070902e+06,1.5701831616e+08,4.7049997786e+02,3.2672828615e+02,4.4149997801e-02,2.1993927241e-09,-4.0412791248e-01,1.0833514766e+12,0.0000000000e+00,-9.6642791248e-01,-1.3834299852e-17,2.1853502556e-19,-2.2691750423e-17,0.0000000000e+00,0.0000000000e+00,1.4696562900e+04,3.8432887554e+01,-5.6508051374e+04,0.0000000000e+00,0.0000000000e+00,0.0000000000e+00,3.5206405230e+03,1.5859700170e+02,1.3025209958e+03,2.9600594568e-04,2.6781299399e-05,7.6989294939e-04,0.0000000000e+00,0.0000000000e+00,0.0000000000e+00,-1.1437397487e+05,-5.1522924221e+03,-4.2314602322e+04,-7.0598066386e-18,-6.3873985658e-19,-1.8362115473e-17,1,1.1096300185e-01,1.1096300185e-01,1.9999999553e-02,2.5999999046e-01
1.0000000000e+17,-1.1403708229e+05,-4.5298502913e+03,-3.2539624813e+04,2.2055828721e+17,1.0000000000e+17,1.6284960976e-01,2.2056141410e+17,1.2056141410e+17,1.2056141410e+17,1.4169997992e+03,1.2639075621e+17,2.0050802326e-02,2.4099197674e-02,4.4360039024e-01,0.0000000000e+00,2.5418397522e+06,2.1865231299e+08,4.7049997786e+02,4.0713003484e+02,4.4149997667e-02,2.3331076074e-09,-3.9945039024e-01,3.1268861748e+12,0.0000000000e+00,-9.6175039024e-01,-2.5239927643e-17,5.6220298272e-19,-3.4398927412e-17,0.0000000000e+00,0.0000000000e+00,1.4823504653e+04,5.9982102897e+00,-7.2600749127e+04,0.0000000000e+00,0.0000000000e+00,0.0000000000e+00,4.7791089979e+03,1.5687791547e+02,1.3792380209e+03,6.3668359473e-04,4.1902259441e-05,1.0811987750e-03,0.0000000000e+00,0.0000000000e+00,0.0000000000e+00,-7.1294173253e+04,-2.3402858755e+03,-2.0575306917e+04,-2.7514391757e-17,-1.8108133950e-18,-4.6724192216e-17,1,1.1396200210e-01,1.1396200210e-01,1.9999999553e-02,2.5999999046e-01
1.0000000000e+17,-1.0223243638e+05,-3.9872194229e+03,-2.7216592201e+04,1.8049630067e+17,1.0000000000e+17,1.6729517918e-01,1.8050326027e+17,8.0503260273e+16,8.0503260273e+16,1.4169997992e+03,1.0366365630e+17,1.8617547417e-02,2.5532452583e-02,4.3915482082e-01,0.0000000000e+00,2.1353104940e+06,2.8465609222e+08,4.7049997786e+02,4.8328244985e+02,4.4149997476e-02,2.5240490334e-09,-3.9500482082e-01,6.9596033424e+12,0.0000000000e+00,-9.5730482082e-01,-3.7974769888e-17,8.5961611700e-19,-4.5984822637e-17,0.0000000000e+00,0.0000000000e+00,1.4823504653e+04,5.9982102897e+00,-7.2600749127e+04,0.0000000000e+00,0.0000000000e+00,0.0000000000e+00,4.7791089979e+03,1.5687791547e+02,1.3792380209e+03,6.3668359473e-04,4.1902259441e-05,1.0811987750e-03,0.0000000000e+00,0.0000000000e+00,0.0000000000e+00,-7.1294173253e+04,-2.3402858755e+03,-2.0575306917e+04,-2.7514391757e-17,-1.8108133950e-18,-4.6724192216e-17,1,1.1696100235e-01,1.1696100235e-01,1.9999999553e-02,2.5999999046e-01
1.0000000000e+17,-9.0427790477e+04,-3.4445885546e+03,-2.1893559589e+04,1.4043431413e+17,1.0000000000e+17,1.7174074860e-01,1.4044510645e+17,4.0445106447e+16,4.0445106447e+16,1.4169997992e+03,8.0936556383e+16,1.7184292509e-02,2.6965707491e-02,4.3470925140e-01,0.0000000000e+00,1.7287812358e+06,3.5065987145e+08,4.7049997786e+02,5.5943486486e+02,4.4149997285e-02,2.7149904595e-09,-3.9055925140e-01,1.0792320510e+13,0.0000000000e+00,-9.5285925140e-01,-5.0709612133e-17,1.1570292513e-18,-5.7570717862e-17,0.0000000000e+00,0.0000000000e+00,1.4823504653e+04,5.9982102897e+00,-7.2600749127e+04,0.0000000000e+00,0.0000000000e+00,0.0000000000e+00,4.7791089979e+03,1.5687791547e+02,1.3792380209e+03,6.3668359473e-04,4.1902259441e-05,1.0811987750e-03,0.0000000000e+00,0.0000000000e+00,0.0000000000e+00,-7.1294173253e+04,-2.3402858755e+03,-2.0575306917e+04,-2.7514391757e-17,-1.8108133950e-18,-4.6724192216e-17,1,1.1996000260e-01,1.1996000260e-01,1.9999999553e-02,2.5999999046e-01
1.0000000000e+17,-8.1021857472e+04,-3.0168927668e+03,-1.7678296724e+04,1.0683907751e+17,1.0000000000e+17,1.7588876701e-01,1.0686311395e+17,6.8631139469e+15,6.8631139469e+15,1.4169997992e+03,6.3670269032e+16,1.5573554642e-02,2.8576445358e-02,4.3056123299e-01,0.0000000000e+00,1.4155683232e+06,4.7118878987e+08,4.7049997786e+02,6.6681836137e+02,4.4149997011e-02,2.9890284625e-09,-3.8641123299e-01,2.4036441688e+13,0.0000000000e+00,-9.4871123299e-01,-9.3466765061e-17,1.5154405248e-18,-9.8120870563e-17,0.0000000000e+00,0.0000000000e+00,1.0292184291e+04,-4.7647186553e+01,-8.4993299226e+04,0.0000000000e+00,0.0000000000e+00,0.0000000000e+00,6.3945875092e+03,2.1004082161e+02,1.2279109695e+03,1.5487621852e-03,5.3707371885e-05,2.0906092857e-03,0.0000000000e+00,0.0000000000e+00,0.0000000000e+00,-4.6633760903e+04,-1.5317631420e+03,-8.9547772203e+03,-1.1206112089e-16,-3.8860119074e-18,-1.5126661933e-16,1,1.2295900285e-01,1.2295900285e-01,1.9999999553e-02,2.5999999046e-01
1.0000000000e+17,-7.3837493732e+04,-2.6955227875e+03,-1.4596058413e+04,8.4363514655e+16,1.0000000000e+17,1.7897538567e-01,8.4417831594e+16,-1.5582168406e+16,-1.5582168406e+16,1.4169997992e+03,5.3708035898e+16,1.3655822451e-02,3.0494177549e-02,4.2747461433e-01,0.0000000000e+00,1.2234130457e+06,5.9291654791e+08,4.7049997786e+02,7.4967047657e+02,4.4149996546e-02,3.4535011268e-09,-3.8332461433e-01,5.4316938702e+13,0.0000000000e+00,-9.4562461433e-01,-1.4564689572e-16,1.6120658945e-18,-1.4257135024e-16,0.0000000000e+00,0.0000000000e+00,1.0292184291e+04,-4.7647186553e+01,-8.4993299226e+04,0.0000000000e+00,0.0000000000e+00,0.0000000000e+00,6.3945875092e+03,2.1004082161e+02,1.2279109695e+03,1.5487621852e-03,5.3707371885e-05,2.0906092857e-03,0.0000000000e+00,0.0000000000e+00,0.0000000000e+00,-4.6633760903e+04,-1.5317631420e+03,-8.9547772203e+03,-1.1206112089e-16,-3.8860119074e-18,-1.5126661933e-16,1,1.2595799565e-01,1.2595799565e-01,1.9999999553e-02,2.5999999046e-01
1.0000000000e+17,-6.6653094295e+04,-2.3741512114e+03,-1.1513804787e+04,6.1887840130e+16,1.0000000000e+17,1.8206201967e-01,6.1972437716e+16,-3.8027562284e+16,-3.8027562284e+16,1.4169997992e+03,4.3745753264e+16,1.1738080732e-02,3.2411919268e-02,4.2438798033e-01,0.0000000000e+00,1.0312568134e+06,7.1464491077e+08,4.7049997786e+02,8.3252300344e+02,4.4149996082e-02,3.9179760990e-09,-3.8023798033e-01,8.4597586171e+13,0.0000000000e+00,-9.4253798033e-01,-1.9782728564e-16,1.7086917444e-18,-1.8702205078e-16,0.0000000000e+00,0.0000000000e+00,1.0292184291e+04,-4.7647186553e+01,-8.4993299226e+04,0.0000000000e+00,0.0000000000e+00,0.0000000000e+00,6.3945875092e+03,2.1004082161e+02,1.2279109695e+03,1.5487621852e-03,5.3707371885e-05,2.0906092857e-03,0.0000000000e+00,0.0000000000e+00,0.0000000000e+00,-4.6633760903e+04,-1.5317631420e+03,-8.9547772203e+03,-1.1206112089e-16,-3.8860119074e-18,-1.5126661933e-16,1,1.2895700336e-01,1.2895700336e-01,1.9999999553e-02,2.5999999046e-01
1.0000000000e+17,-6.0714734395e+04,-2.1081275065e+03,-8.9513003777e+03,4.2434655002e+16,1.0000000000e+17,1.8477929134e-01,4.2585414364e+16,-5.7414585636e+16,-5.7414585636e+16,1.4169997992e+03,3.5570178292e+16,9.7003246107e-03,3.4449675389e-02,4.2167070866e-01,0.0000000000e+00,8.7286923624e+05,8.9507589316e+08,4.7049997786e+02,9.2209397881e+02,4.4149995449e-02,4.5514025027e-09,-3.7752070866e-01,1.5075936137e+14,0.0000000000e+00,-9.3982070866e-01,-3.5693463928e-16,1.3612635465e-19,-3.3800968849e-16,0.0000000000e+00,0.0000000000e+00,3.3341857445e+03,-4.2694657047e+01,-9.2793465578e+04,0.0000000000e+00,0.0000000000e+00,0.0000000000e+00,8.0037480533e+03,2.4870465558e+02,8.1719573609e+02,4.9126279341e-03,1.1084505536e-04,6.4765103502e-03,0.0000000000e+00,0.0000000000e+00,0.0000000000e+00,-3.4264085626e+04,-1.0647058800e+03,-3.4984190517e+03,-4.7894746396e-16,-1.0806631169e-17,-6.3141525252e-16,1,1.3195599616e-01,1.3195599616e-01,1.9999999553e-02,2.5999999046e-01
1.0000000000e+17,-5.7076407754e+04,-1.9292238239e+03,-7.3001038463e+03,3.2593021806e+16,1.0000000000e+17,1.8577921621e-01,3.2930363902e+16,-6.7069636098e+16,-6.7069636098e+16,1.4169997992e+03,3.1530923637e+16,7.2999944052e-03,3.6850005595e-02,4.2067078379e-01,0.0000000000e+00,7.9205897445e+05,1.0509717160e+09,4.7049997786e+02,9.5627857780e+02,4.4149993975e-02,6.0247034037e-09,-3.7652078379e-01,3.3734209566e+14,0.0000000000e+00,-9.3882078379e-01,-5.8905936355e-16,-1.9282576336e-18,-5.3465077853e-16,0.0000000000e+00,0.0000000000e+00,3.3341857445e+03,-4.2694657047e+01,-9.2793465578e+04,0.0000000000e+00,0.0000000000e+00,0.0000000000e+00,8.0037480533e+03,2.4870465558e+02,8.1719573609e+02,4.9126279341e-03,1.1084505536e-04,6.4765103502e-03,0.0000000000e+00,0.0000000000e+00,0.0000000000e+00,-3.4264085626e+04,-1.0647058800e+03,-3.4984190517e+03,-4.7894746396e-16,-1.0806631169e-17,-6.3141525252e-16,1,1.3495500386e-01,1.3495500386e-01,1.9999999553e-02,2.5999999046e-01
1.0000000000e+17,-5.3438099199e+04,-1.7503210187e+03,-5.6489155157e+03,2.2751437510e+16,1.0000000000e+17,1.8677913612e-01,2.3275361413e+16,-7.6724638587e+16,-7.6724638587e+16,1.4169997992e+03,2.7491689047e+16,4.8996761271e-03,3.9250323873e-02,4.1967086388e-01,0.0000000000e+00,7.1124911417e+05,1.2068667640e+09,4.7049997786e+02,9.9046300695e+02,4.4149992502e-02,7.4979969960e-09,-3.7552086388e-01,5.2392390287e+14,0.0000000000e+00,-9.3782086388e-01,-8.2118293405e-16,-3.9926317472e-18,-7.3129089156e-16,0.0000000000e+00,0.0000000000e+00,3.3341857445e+03,-4.8857678247e+01,-9.2793465578e+04,0.0000000000e+00,0.0000000000e+00,0.0000000000e+00,8.0037480533e+03,2.7126226294e+02,8.1719573609e+02,4.9126279341e-03,-1.4832862716e-04,6.4765103502e-03,0.0000000000e+00,0.0000000000e+00,0.0000000000e+00,-3.4264085626e+04,-1.1612751104e+03,-3.4984190517e+03,-4.7940565144e-16,1.4474856042e-17,-6.3201929908e-16,1,1.3795399666e-01,1.3795399666e-01,1.9999999553e-02,2.5999999046e-01
1.0000000000e+17,-5.0135556909e+04,-1.5874714249e+03,-4.1297147021e+03,1.3627001514e+16,1.0000000000e+17,1.8756369945e-01,1.4412883298e+16,-8.5587116702e+16,-8.5587116702e+16,1.4169997992e+03,2.3819622392e+16,2.4566823278e-03,4.1693317672e-02,4.1888630055e-01,0.0000000000e+00,6.3787546401e+05,1.3792977936e+09,4.7049997786e+02,1.0124893520e+03,4.4149990664e-02,9.3364636507e-09,-3.7473630055e-01,7.8588178358e+14,0.0000000000e+00,-9.3703630055e-01,-1.2688003640e-15,-9.2039199483e-18,-1.1433122318e-15,0.0000000000e+00,0.0000000000e+00,-3.2316276037e+03,1.1414474719e+01,-9.2793465578e+04,0.0000000000e+00,0.0000000000e+00,0.0000000000e+00,9.3044500772e+03,2.6656230902e+02,8.1719573609e+02,1.6045582344e-02,-3.1690039481e-05,6.4765103502e-03,0.0000000000e+00,0.0000000000e+00,0.0000000000e+00,-2.9574319509e+04,-8.4727187857e+02,-2.5974676204e+03,-1.6783827884e-15,3.3148075083e-18,-6.7744898674e-16,1,1.4095300436e-01,1.4095300436e-01,1.9999999553e-02,2.5999999046e-01
1.0000000000e+17,-4.8880662292e+04,-1.5039165892e+03,-3.1499309681e+03,1.0271655708e+16,1.0000000000e+17,1.8636594728e-01,1.1952272336e+16,-8.8047727664e+16,-8.8047727664e+16,1.4169997992e+03,2.2548807930e+16,-2.9316918631e-04,4.4443169186e-02,4.2008405272e-01,0.0000000000e+00,6.1577442536e+05,1.5124749867e+09,4.7049997786e+02,9.6769208752e+02,4.4149984198e-02,1.5802413850e-08,-3.7593405272e-01,1.6806166276e+15,0.0000000000e+00,-9.3823405272e-01,-2.4472760568e-15,-1.9311814362e-17,-2.1296157184e-15,0.0000000000e+00,0.0000000000e+00,-4.0776410856e+03,-2.5933072601e+01,-9.6177519505e+04,0.0000000000e+00,0.0000000000e+00,0.0000000000e+00,9.1543872330e+03,2.6782573099e+02,2.1694435958e+02,2.2166665599e-02,5.1897930520e-06,3.0960843371e-02,0.0000000000e+00,0.0000000000e+00,0.0000000000e+00,-2.9097342744e+04,-8.5128768229e+02,-6.8956056001e+02,-2.0264831710e-15,-4.7445242648e-19,-2.8304495220e-15,1,1.4395199716e-01,1.4395199716e-01,1.9999999553e-02,2.5999999046e-01
1.0000000000e+17,-4.7550268841e+04,-1.4147067296e+03,-2.1112783752e+03,6.9084657025e+15,1.0000000000e+17,1.8514305958e-01,9.4859089044e+15,-9.0514091096e+16,-9.0514091096e+16,1.4169997992e+03,2.1213254623e+16,-3.0385769679e-03,4.7188576968e-02,4.2130694042e-01,0.0000000000e+00,5.9265252097e+05,1.6265352496e+09,4.7049997786e+02,9.2643258761e+02,4.4149977550e-02,2.2450213924e-08,-3.7715694042e-01,2.5774432019e+15,0.0000000000e+00,-9.3945694042e-01,-3.5131936024e-15,-2.7140949876e-17,-2.9862478412e-15,0.0000000000e+00,0.0000000000e+00,-4.0776410855e+03,-3.1917394922e+01,-9.6177519505e+04,0.0000000000e+00,0.0000000000e+00,0.0000000000e+00,9.1543872330e+03,2.7315109440e+02,2.1694435958e+02,2.2166665599e-02,2.7148183701e-04,3.0960843371e-02,0.0000000000e+00,0.0000000000e+00,0.0000000000e+00,-2.9097342744e+04,-8.6821442137e+02,-6.8956056001e+02,-2.0264831710e-15,-2.4818950394e-17,-2.8304495220e-15,1,1.4695100486e-01,1.4695100486e-01,1.9999999553e-02,2.5999999046e-01
1.0000000000e+17,-4.6219882007e+04,-1.3254973000e+03,-1.0726309408e+03,3.5452924076e+15,1.0000000000e+17,1.8392017796e-01,7.0195577277e+15,-9.2980442272e+16,-9.2980442272e+16,1.4169997992e+03,1.9877707951e+16,-5.7839711085e-03,4.9933971109e-02,4.2252982204e-01,0.0000000000e+00,5.6953073146e+05,1.7405949456e+09,4.7049997786e+02,8.8517329270e+02,4.4149970902e-02,2.9097980979e-08,-3.7837982204e-01,3.4742653201e+15,0.0000000000e+00,-9.4067982204e-01,-4.5791058497e-15,-3.4970047564e-17,-3.8428757081e-15,0.0000000000e+00,0.0000000000e+00,-4.0776410855e+03,-3.1917394922e+01,-9.6177519505e+04,0.0000000000e+00,0.0000000000e+00,0.0000000000e+00,9.1543872330e+03,2.7315109440e+02,2.1694435958e+02,2.2166665599e-02,2.7148183701e-04,3.0960843371e-02,0.0000000000e+00,0.0000000000e+00,0.0000000000e+00,-2.9097342744e+04,-8.6821442137e+02,-6.8956056001e+02,-2.0264831710e-15,-2.4818950394e-17,-2.8304495220e-15,1,1.4994999766e-01,1.4994999766e-01,1.9999999553e-02,2.5999999046e-01
1.0000000000e+17,-4.6520324102e+04,-1.2906657936e+03,-2.1645049164e+02,2.6117364341e+15,1.0000000000e+17,1.8054756436e-01,9.3915990608e+15,-9.0608400939e+16,-9.0608400939e+16,1.4169997992e+03,2.0265474801e+16,-8.6130356684e-03,5.2763035668e-02,4.2590243564e-01,0.0000000000e+00,5.8946769441e+05,1.7279422782e+09,4.7049997786e+02,7.7271831399e+02,4.4149933950e-02,6.6050101377e-08,-3.8175243564e-01,6.7798626267e+15,0.0000000000e+00,-9.4405243564e-01,-1.0000701607e-14,-7.1039075992e-17,-8.0952421007e-15,0.0000000000e+00,0.0000000000e+00,-1.1307617664e+04,-1.7883413462e+01,-9.5051065012e+04,0.0000000000e+00,0.0000000000e+00,0.0000000000e+00,9.4026564415e+03,2.6888824486e+02,-4.5130638263e+02,1.3385587761e-01,7.6295586514e-04,1.9945540496e-01,0.0000000000e+00,0.0000000000e+00,0.0000000000e+00,-2.9705840981e+04,-8.4949944660e+02,1.4258136219e+03,-8.0855027246e-15,-4.6085998137e-17,-1.2048012004e-14,1,1.5294900537e-01,1.5294900537e-01,1.9999999553e-02,2.5999999046e-01
1.0000000000e+17,-4.6891561912e+04,-1.2504813218e+03,7.5559076230e+02,1.7149143159e+15,1.0000000000e+17,1.7715641796e-01,1.1857950237e+16,-8.8142049763e+16,-8.8142049763e+16,1.4169997992e+03,2.0738036144e+16,-1.1432885566e-02,5.5582885566e-02,4.2929358204e-01,0.0000000000e+00,6.1293084321e+05,1.7171551231e+09,4.7049997786e+02,6.8562590648e+02,4.4149893807e-02,1.0619338271e-07,-3.8514358204e-01,1.0143035922e+16,0.0000000000e+00,-9.4744358204e-01,-1.4668079239e-14,-9.4537526551e-17,-1.1477275091e-14,0.0000000000e+00,0.0000000000e+00,-1.1307617664e+04,-1.7883413462e+01,-9.5051065012e+04,0.0000000000e+00,0.0000000000e+00,0.0000000000e+00,9.4026564415e+03,2.6888824486e+02,-4.5130638263e+02,1.3385587761e-01,7.6295586514e-04,1.9945540496e-01,0.0000000000e+00,0.0000000000e+00,0.0000000000e+00,-2.9705840981e+04,-8.4949944660e+02,1.4258136219e+03,-8.0855027246e-15,-4.6085998137e-17,-1.2048012004e-14,1,1.5594799817e-01,1.5594799817e-01,1.9999999553e-02,2.5999999046e-01
1.0000000000e+17,-4.7262801567e+04,-1.2102966503e+03,1.7276368460e+03,8.1808774163e+14,1.0000000000e+17,1.7376525471e-01,1.4324313669e+16,-8.5675686331e+16,-8.5675686331e+16,1.4169997992e+03,2.1210599835e+16,-1.4252749475e-02,5.8402749475e-02,4.3268474529e-01,0.0000000000e+00,6.3639410860e+05,1.7063679144e+09,4.7049997786e+02,5.9853306623e+02,4.4149853663e-02,1.4633686350e-07,-3.8853474529e-01,1.3506225927e+16,0.0000000000e+00,-9.5083474529e-01,-1.9335480062e-14,-1.1803609387e-16,-1.4859324886e-14,0.0000000000e+00,0.0000000000e+00,-1.1307617664e+04,-1.7883413462e+01,-9.5051065012e+04,0.0000000000e+00,0.0000000000e+00,0.0000000000e+00,9.4026564415e+03,2.6888824486e+02,-4.5130638263e+02,1.3385587761e-01,7.6295586514e-04,1.9945540496e-01,0.0000000000e+00,0.0000000000e+00,0.0000000000e+00,-2.9705840981e+04,-8.4949944660e+02,1.4258136219e+03,-8.0855027246e-15,-4.6085998137e-17,-1.2048012004e-14,1,1.5894700587e-01,1.5894700587e-01,1.9999999553e-02,2.5999999046e-01
1.0000000000e+17,-4.9623585190e+04,-1.2164733040e+03,2.9654479867e+03,5.3105945912e+14,1.0000000000e+17,1.6852154800e-01,2.2906119554e+16,-7.7093880446e+16,-7.7093880446e+16,1.4169997992e+03,2.3502218817e+16,-1.6853835467e-02,6.1003835467e-02,4.3792845200e-01,0.0000000000e+00,7.1344076733e+05,1.5400020279e+09,4.7049997786e+02,4.8915256324e+02,4.4149613620e-02,3.8638034714e-07,-3.9377845200e-01,2.2375060095e+16,0.0000000000e+00,-9.5607845200e-01,-3.7007655051e-14,-2.0518772433e-16,-2.7657012974e-14,0.0000000000e+00,0.0000000000e+00,-1.8148994517e+04,-1.3092723705e+01,-8.9058263890e+04,0.0000000000e+00,0.0000000000e+00,0.0000000000e+00,8.5182682628e+03,2.2841791223e+02,-1.0024519929e+03,9.9031490629e-01,2.9381730939e-03,1.4982753209e+00,0.0000000000e+00,0.0000000000e+00,0.0000000000e+00,-3.9246842100e+04,-1.0524065993e+03,4.6186705871e+03,-3.0259981055e-14,-8.9778576081e-17,-4.5781177824e-14,1,1.6194599867e-01,1.6194599867e-01,1.9999999553e-02,2.5999999046e-01
1.0000000000e+17,-5.2724546148e+04,-1.2301409145e+03,4.4402441028e+03,3.4447672483e+14,1.0000000000e+17,1.6307865057e-01,3.2561170016e+16,-6.7438829984e+16,-6.7438829984e+16,1.4169997992e+03,2.6461486887e+16,-1.9408470682e-02,6.3558470682e-02,4.4337134943e-01,0.0000000000e+00,8.1160935920e+05,1.4035063651e+09,4.7049997786e+02,4.0630469980e+02,4.4149316623e-02,6.8337655009e-07,-3.9922134943e-01,3.2216693291e+16,0.0000000000e+00,-9.6152134943e-01,-5.4223310972e-14,-2.6618887629e-16,-3.9265053753e-14,0.0000000000e+00,0.0000000000e+00,-1.8148994517e+04,4.1351447194e+01,-8.9058263890e+04,0.0000000000e+00,0.0000000000e+00,0.0000000000e+00,8.5182682628e+03,1.6942401250e+02,-1.0024519929e+03,9.9031490629e-01,6.6934183195e-03,1.4982753209e+00,0.0000000000e+00,0.0000000000e+00,0.0000000000e+00,-3.9385431129e+04,-7.8335614352e+02,4.6349801050e+03,-3.0232565313e-14,-2.0433824153e-16,-4.5739699776e-14,1,1.6494500637e-01,1.6494500637e-01,1.9999999553e-02,2.5999999046e-01
1.0000000000e+17,-5.5825491688e+04,-1.2438084778e+03,5.9150328904e+03,1.5789491761e+14,1.0000000000e+17,1.5763578018e-01,4.2216172505e+16,-5.7783827495e+16,-5.7783827495e+16,1.4169997992e+03,2.9420740250e+16,-2.1963093202e-02,6.6113093202e-02,4.4881421982e-01,0.0000000000e+00,9.0977746319e+05,1.2670113803e+09,4.7049997786e+02,3.2345724804e+02,4.4149019629e-02,9.8037127753e-07,-4.0466421982e-01,4.2058277587e+16,0.0000000000e+00,-9.6696421982e-01,-7.1438881395e-14,-3.2718970486e-16,-5.0873036863e-14,0.0000000000e+00,0.0000000000e+00,-1.8148994517e+04,4.1351447194e+01,-8.9058263890e+04,0.0000000000e+00,0.0000000000e+00,0.0000000000e+00,8.5182682628e+03,1.6942401250e+02,-1.0024519929e+03,9.9031490629e-01,6.6934183195e-03,1.4982753209e+00,0.0000000000e+00,0.0000000000e+00,0.0000000000e+00,-3.9385431129e+04,-7.8335614352e+02,4.6349801050e+03,-3.0232565313e-14,-2.0433824153e-16,-4.5739699776e-14,1,1.6794399917e-01,1.6794399917e-01,1.9999999553e-02,2.5999999046e-01
1.0000000000e+17,-6.1293691789e+04,-1.3035464282e+03,8.1312210268e+03,8.5755470322e+13,1.0000000000e+17,1.5075274011e-01,6.1114161293e+16,-3.8885838707e+16,-3.8885838707e+16,1.4169997992e+03,3.5717125433e+16,-2.4138405240e-02,6.8288405240e-02,4.5569725989e-01,0.0000000000e+00,1.1130415494e+06,1.0577083640e+09,4.7049997786e+02,2.4841625173e+02,4.4147344498e-02,2.6555021523e-06,-4.1154725989e-01,6.1028405822e+16,0.0000000000e+00,-9.7384725989e-01,-1.1694590449e-13,-4.6983358768e-16,-8.2284476212e-14,0.0000000000e+00,0.0000000000e+00,-2.3907160592e+04,3.7527831047e+01,-7.7707094022e+04,0.0000000000e+00,0.0000000000e+00,0.0000000000e+00,6.7706124839e+03,1.1185379816e+02,-1.2545285313e+03,8.0099042957e+00,3.9353507956e-02,1.1818676114e+01,0.0000000000e+00,0.0000000000e+00,0.0000000000e+00,-6.1612255935e+04,-1.0178643152e+03,1.1416150774e+04,-1.0546145419e-13,-5.1814329151e-16,-1.5560919626e-13,1,1.7094300687e-01,1.7094300687e-01,1.9999999553e-02,2.5999999046e-01
1.0000000000e+17,-6.8532204809e+04,-1.3861887242e+03,1.0962626776e+04,5.5474973308e+13,1.0000000000e+17,1.4358299986e-01,8.3559443646e+16,-1.6440556354e+16,-1.6440556354e+16,1.4169997992e+03,4.4366286894e+16,-2.6168907049e-02,7.0318907049e-02,4.6286700014e-01,0.0000000000e+00,1.3912946230e+06,8.9318364622e+08,4.7049997786e+02,1.9684014603e+02,4.4144942333e-02,5.0576666840e-06,-4.1871700014e-01,8.3503968672e+16,0.0000000000e+00,-9.8101700014e-01,-1.6622134496e-13,-5.6350508166e-16,-1.1473477631e-13,0.0000000000e+00,0.0000000000e+00,-2.3907160592e+04,3.7527831047e+01,-7.7707094022e+04,0.0000000000e+00,0.0000000000e+00,0.0000000000e+00,6.7706124839e+03,1.1185379816e+02,-1.2545285313e+03,8.0099042957e+00,3.9353507956e-02,1.1818676114e+01,0.0000000000e+00,0.0000000000e+00,0.0000000000e+00,-6.1612255935e+04,-1.0178643152e+03,1.1416150774e+04,-1.0546145419e-13,-5.1814329151e-16,-1.5560919626e-13,1,1.7394199967e-01,1.7394199967e-01,1.9999999553e-02,2.5999999046e-01
1.0000000000e+17,-7.5770753796e+04,-1.4688314308e+03,1.3794046593e+04,2.5194325839e+13,1.0000000000e+17,1.3641322399e-01,1.0600483752e+17,6.0048375230e+15,6.0048375230e+15,1.4169997992e+03,5.3015491330e+16,-2.8199418948e-02,7.2349418948e-02,4.7003677601e-01,0.0000000000e+00,1.6695490792e+06,7.2865811097e+08,4.7049997786e+02,1.4526378405e+02,4.4142540157e-02,7.4598431514e-06,-4.2588677601e-01,1.0597964320e+17,0.0000000000e+00,-9.8818677601e-01,-2.1549703026e-13,-6.5717704106e-16,-1.4718523764e-13,0.0000000000e+00,0.0000000000e+00,-2.3907160592e+04,3.7527831047e+01,-7.7707094022e+04,0.0000000000e+00,0.0000000000e+00,0.0000000000e+00,6.7706124839e+03,1.1185379816e+02,-1.2545285313e+03,8.0099042957e+00,3.9353507956e-02,1.1818676114e+01,0.0000000000e+00,0.0000000000e+00,0.0000000000e+00,-6.1612255935e+04,-1.0178643152e+03,1.1416150774e+04,-1.0546145419e-13,-5.1814329151e-16,-1.5560919626e-13,1,1.7694100738e-01,1.7694100738e-01,1.9999999553e-02,2.5999999046e-01
1.0000000000e+17,-8.5501988804e+04,-1.6217576082e+03,1.7830426855e+04,1.0938887449e+13,1.0000000000e+17,1.2848411830e-01,1.3891324257e+17,3.8913242566e+16,3.8913242566e+16,1.4169997992e+03,6.8351647152e+16,-2.9881618223e-02,7.4031618223e-02,4.7796588170e-01,0.0000000000e+00,2.1620767059e+06,5.6973248806e+08,4.7049997786e+02,1.0512131256e+02,4.4131428966e-02,1.8571034433e-05,-4.3381588170e-01,1.3890230368e+17,0.0000000000e+00,-9.9611588170e-01,-3.0984984898e-13,-6.4466185795e-16,-2.1115262136e-13,0.0000000000e+00,0.0000000000e+00,-2.6692979452e+04,-2.6784538246e+01,-6.1468771789e+04,0.0000000000e+00,0.0000000000e+00,0.0000000000e+00,4.8552307986e+03,8.0807813560e+01,-1.2122446648e+03,6.2264818217e+01,1.1475847194e-01,8.4661659307e+01,0.0000000000e+00,0.0000000000e+00,0.0000000000e+00,-9.3297799165e+04,-1.5527976884e+03,2.3294414616e+04,-3.2580318459e-13,-6.0047835498e-16,-4.4299556322e-13,1,1.7994000018e-01,1.7994000018e-01,1.9999999553e-02,2.5999999046e-01
1.0000000000e+17,-9.8285777299e+04,-1.8361868173e+03,2.3248088620e+04,7.1061798034e+12,1.0000000000e+17,1.2047891297e-01,1.7897129687e+17,7.8971296874e+16,7.8971296874e+16,1.4169997992e+03,9.0918340308e+16,-3.1337698444e-02,7.5487698444e-02,4.8597108703e-01,0.0000000000e+00,2.8866898328e+06,4.6207738277e+08,4.7049997786e+02,8.1957371782e+01,4.4112755791e-02,3.7244208591e-05,-4.4182108703e-01,1.7896419069e+17,0.0000000000e+00,-1.0041210870e+00,-4.2498239429e-13,-4.6389269104e-16,-2.8339611038e-13,0.0000000000e+00,0.0000000000e+00,-2.6692979452e+04,6.8262666780e+01,-6.1468771789e+04,0.0000000000e+00,0.0000000000e+00,0.0000000000e+00,4.8552307986e+03,9.5428143943e+01,-1.2122446648e+03,6.2264818217e+01,7.8561400772e-02,8.4661659307e+01,0.0000000000e+00,0.0000000000e+00,0.0000000000e+00,-9.2879929852e+04,-1.8255279065e+03,2.3190081812e+04,-3.2616565273e-13,-4.1153305021e-16,-4.4348841223e-13,1,1.8293899298e-01,1.8293899298e-01,1.9999999553e-02,2.5999999046e-01
1.0000000000e+17,-1.1106962928e+05,-2.0506170531e+03,2.8665777292e+04,3.2734531139e+12,1.0000000000e+17,1.1247366788e-01,2.1902955022e+17,1.1902955022e+17,1.1902955022e+17,1.4169997992e+03,1.1348514559e+17,-3.2793785900e-02,7.6943785900e-02,4.9397633212e-01,0.0000000000e+00,3.6113065600e+06,3.5442174273e+08,4.7049997786e+02,5.8793315920e+01,4.4094082524e-02,5.5917475530e-05,-4.4982633212e-01,2.1902627677e+17,0.0000000000e+00,-1.0121263321e+00,-5.4011551139e-13,-2.8312321171e-16,-3.5563995822e-13,0.0000000000e+00,0.0000000000e+00,-2.6692979452e+04,6.8262666780e+01,-6.1468771789e+04,0.0000000000e+00,0.0000000000e+00,0.0000000000e+00,4.8552307986e+03,9.5428143943e+01,-1.2122446648e+03,6.2264818217e+01,7.8561400772e-02,8.4661659307e+01,0.0000000000e+00,0.0000000000e+00,0.0000000000e+00,-9.2879929852e+04,-1.8255279065e+03,2.3190081812e+04,-3.2616565273e-13,-4.1153305021e-16,-4.4348841223e-13,1,1.8593800068e-01,1.8593800068e-01,1.9999999553e-02,2.5999999046e-01
1.0000000000e+17,-1.2451209690e+05,-2.2468269096e+03,3.4206621150e+04,1.0978181745e+12,1.0000000000e+17,1.0454408747e-01,2.6632816935e+17,1.6632816935e+17,1.6632816935e+17,1.4169997992e+03,1.4516323857e+17,-3.4038313831e-02,7.8188313831e-02,5.0190591253e-01,0.0000000000e+00,4.6296212404e+06,2.6536632867e+08,4.7049997786e+02,4.1168025025e+01,4.4034498926e-02,1.1550107356e-04,-4.5775591253e-01,2.6632707153e+17,0.0000000000e+00,-1.0200559125e+00,-6.5658394174e-13,-1.1807125899e-15,-4.3832103918e-13,0.0000000000e+00,0.0000000000e+00,-2.4201879640e+04,2.0402590632e+02,-4.3399827031e+04,0.0000000000e+00,0.0000000000e+00,0.0000000000e+00,3.4004591279e+03,5.0378152172e+01,-1.0520911457e+03,3.8743130191e+02,-1.0533313644e-01,4.5684936359e+02,0.0000000000e+00,0.0000000000e+00,0.0000000000e+00,-1.4098885316e+05,-2.0887643792e+03,4.3621498883e+04,-8.2129832630e-13,2.2329101505e-16,-9.6845457720e-13,1,1.8893699348e-01,1.8893699348e-01,1.9999999553e-02,2.5999999046e-01
1.0000000000e+17,-1.4004149153e+05,-2.4454581217e+03,4.0554257791e+04,7.1953848010e+11,1.0000000000e+17,9.7285925130e-02,3.2206720324e+17,2.2206720324e+17,2.2206720324e+17,1.4169997992e+03,1.9162094019e+17,-3.5058114142e-02,7.9208114142e-02,5.0916407487e-01,0.0000000000e+00,6.1243269361e+06,2.1750365728e+08,4.7049997786e+02,3.2931768348e+01,4.3918307981e-02,2.3169201940e-04,-4.6501407487e-01,3.2206648370e+17,0.0000000000e+00,-1.0273140749e+00,-7.6913522425e-13,-3.0536511636e-15,-5.2706043491e-13,0.0000000000e+00,0.0000000000e+00,-2.4201879640e+04,2.0402590632e+02,-4.3399827031e+04,0.0000000000e+00,0.0000000000e+00,0.0000000000e+00,3.4004591279e+03,5.0378152172e+01,-1.0520911457e+03,3.8743130191e+02,-1.0533313644e-01,4.5684936359e+02,0.0000000000e+00,0.0000000000e+00,0.0000000000e+00,-1.4098885316e+05,-2.0887643792e+03,4.3621498883e+04,-8.2129832630e-13,2.2329101505e-16,-9.6845457720e-13,1,1.9193600118e-01,1.9193600118e-01,1.9999999553e-02,2.5999999046e-01
1.0000000000e+17,-1.5557080901e+05,-2.6440883469e+03,4.6901862894e+04,3.4126066529e+11,1.0000000000e+17,9.0027798849e-02,3.7780596018e+17,2.7780596018e+17,2.7780596018e+17,1.4169997992e+03,2.3807841098e+17,-3.6077909386e-02,8.0227909386e-02,5.1642220115e-01,0.0000000000e+00,7.6190252051e+06,1.6964122371e+08,4.7049997786e+02,2.4695552595e+01,4.3802117612e-02,3.4788238792e-04,-4.7227220115e-01,3.7780561892e+17,0.0000000000e+00,-1.0345722012e+00,-8.8168594752e-13,-4.9265804312e-15,-6.1579938971e-13,0.0000000000e+00,0.0000000000e+00,-2.4201879640e+04,2.0402590632e+02,-4.3399827031e+04,0.0000000000e+00,0.0000000000e+00,0.0000000000e+00,3.4004591279e+03,5.0378152172e+01,-1.0520911457e+03,3.8743130191e+02,-1.0533313644e-01,4.5684936359e+02,0.0000000000e+00,0.0000000000e+00,0.0000000000e+00,-1.4098885316e+05,-2.0887643792e+03,4.3621498883e+04,-8.2129832630e-13,2.2329101505e-16,-9.6845457720e-13,1,1.9493499398e-01,1.9493499398e-01,1.9999999553e-02,2.5999999046e-01
1.0000000000e+17,-1.7280149656e+05,-3.1821436066e+03,5.6485015933e+04,7.6999557790e+10,1.0000000000e+17,8.3114795307e-02,4.3533821573e+17,3.3533821573e+17,3.3533821573e+17,1.4169997992e+03,2.8927099797e+17,-3.7022131356e-02,8.1172131356e-02,5.2333520469e-01,0.0000000000e+00,9.2660190973e+06,1.2868618588e+08,4.7049997786e+02,1.7862152960e+01,4.3614615800e-02,5.3538420042e-04,-4.7918520469e-01,4.3533813873e+17,0.0000000000e+00,-1.0414852047e+00,-1.2381338982e-12,-9.0083843250e-16,-8.0007999096e-13,0.0000000000e+00,0.0000000000e+00,-2.0076988485e+04,3.0114512727e+02,-3.7533441890e+04,0.0000000000e+00,0.0000000000e+00,0.0000000000e+00,2.6899649207e+03,1.6111221493e+01,-1.0305316799e+03,1.1044711055e+03,1.3577988371e+01,7.5275249901e+02,0.0000000000e+00,0.0000000000e+00,0.0000000000e+00,-1.7257788375e+05,-1.0336344866e+03,6.6114979822e+04,-1.4611227685e-12,-1.7962541402e-14,-9.9582851006e-13,1,1.9793400168e-01,1.9793400168e-01,1.9999999553e-02,2.5999999046e-01
1.0000000000e+17,-1.9803769323e+05,-4.1389004758e+03,7.0110145997e+04,3.3790490897e+10,1.0000000000e+17,7.7249706114e-02,4.9597814407e+17,3.9597814407e+17,3.9597814407e+17,1.4169997992e+03,3.5208128124e+17,-3.7792881162e-02,8.1942881162e-02,5.2920029389e-01,0.0000000000e+00,1.1285361262e+07,1.0561928190e+08,4.7049997786e+02,1.4441139456e+01,4.3214760982e-02,9.3523901778e-04,-4.8505029389e-01,4.9597811028e+17,0.0000000000e+00,-1.0473502939e+00,-1.9197508917e-12,1.4105893464e-14,-1.1701713959e-12,0.0000000000e+00,0.0000000000e+00,-1.6680391692e+04,3.5815084820e+02,-2.7235484511e+04,0.0000000000e+00,0.0000000000e+00,0.0000000000e+00,2.3522638948e+03,-3.6631194378e+00,-7.4501831943e+02,2.0047374065e+03,7.7589037376e+00,1.7363482522e+03,0.0000000000e+00,0.0000000000e+00,0.0000000000e+00,-2.1219755175e+05,3.3044973321e+02,6.7208047423e+04,-1.8913481909e-12,-7.3200552351e-15,-1.6381392969e-12,1,2.0093299448e-01,2.0093299448e-01,1.9999999553e-02,2.5999999046e-01
1.0000000000e+17,-2.2610769566e+05,-4.7180384583e+03,7.1554439943e+04,1.7953363939e+10,1.0000000000e+17,7.2247243871e-02,5.5623316737e+17,4.5623316737e+17,4.5623316737e+17,1.4169997992e+03,4.1927866278e+17,-3.8498326912e-02,8.2648326912e-02,5.3420275613e-01,0.0000000000e+00,1.3441767201e+07,9.0338098397e+07,4.7049997786e+02,1.2302180860e+01,4.2613538686e-02,1.5364613135e-03,-4.9005275613e-01,5.5623314941e+17,0.0000000000e+00,-1.0523527561e+00,-2.3700600097e-12,2.6957850238e-14,-1.5432502607e-12,0.0000000000e+00,0.0000000000e+00,-1.6680391692e+04,-1.2633668665e+03,-2.7235484511e+04,0.0000000000e+00,0.0000000000e+00,0.0000000000e+00,2.3522638948e+03,9.1405797535e+01,-7.4501831943e+02,2.0047374065e+03,-7.0277192365e+01,1.7363482522e+03,0.0000000000e+00,0.0000000000e+00,0.0000000000e+00,-2.1374335827e+05,-8.3057781796e+03,6.7697641373e+04,-1.8788112509e-12,6.5862780465e-14,-1.6272807706e-12,1,2.0393200219e-01,2.0393200219e-01,1.9999999553e-02,2.5999999046e-01
1.0000000000e+17,-2.5293897898e+05,-5.2058138245e+03,7.2725984445e+04,5.3246670140e+09,1.0000000000e+17,6.7539680873e-02,6.1419765299e+17,5.1419765299e+17,5.1419765299e+17,1.4169997992e+03,4.8361116883e+17,-3.9186919875e-02,8.3336919875e-02,5.3891031913e-01,0.0000000000e+00,1.5502693796e+07,7.6312006584e+07,4.7049997786e+02,1.0395807510e+01,4.1893777829e-02,2.2562221713e-03,-4.9476031913e-01,6.1419764766e+17,0.0000000000e+00,-1.0570603191e+00,-2.8273399438e-12,3.3807929179e-14,-1.9424588058e-12,0.0000000000e+00,0.0000000000e+00,-9.8143530171e+03,-2.8439315328e+03,-1.6183397427e+04,0.0000000000e+00,0.0000000000e+00,0.0000000000e+00,2.1643666617e+03,1.1696050686e+02,-4.8560525273e+02,4.2550180778e+03,-1.5732344569e+02,3.9571046657e+03,0.0000000000e+00,0.0000000000e+00,0.0000000000e+00,-2.8896951012e+05,-1.5615662988e+04,6.4834260514e+04,-2.8599415119e-12,1.0574240694e-13,-2.6597038352e-12,1,2.0693099499e-01,2.0693099499e-01,1.9999999553e-02,2.5999999046e-01
1.0000000000e+17,-2.6429887240e+05,-5.0415073866e+03,6.9361918330e+04,3.5788474403e+09,1.0000000000e+17,6.4596348844e-02,6.6495736452e+17,5.6495736452e+17,5.6495736452e+17,1.4169997992e+03,5.3484235330e+17,-3.9836015104e-02,8.3986015104e-02,5.4185365116e-01,0.0000000000e+00,1.7119666129e+07,7.0493156794e+07,4.7049997786e+02,9.8013079036e+00,4.0617694630e-02,3.5323053700e-03,-4.9770365116e-01,6.6495736094e+17,0.0000000000e+00,-1.0600036512e+00,-3.2793732780e-12,1.3084310275e-14,-2.3157789633e-12,0.0000000000e+00,0.0000000000e+00,-9.8143530171e+03,-2.8439315328e+03,-1.6183397427e+04,0.0000000000e+00,0.0000000000e+00,0.0000000000e+00,2.1643666617e+03,1.1696050686e+02,-4.8560525273e+02,4.2550180778e+03,-1.5732344569e+02,3.9571046657e+03,0.0000000000e+00,0.0000000000e+00,0.0000000000e+00,-2.8896951012e+05,-1.5615662988e+04,6.4834260514e+04,-2.8599415119e-12,1.0574240694e-13,-2.6597038352e-12,1,2.0993000269e-01,2.0993000269e-01,1.9999999553e-02,2.5999999046e-01
1.0000000000e+17,-2.7565871115e+05,-4.8772020259e+03,6.5997869242e+04,1.8330365411e+09,1.0000000000e+17,6.1653031281e-02,7.1571682797e+17,6.1571682797e+17,6.1571682797e+17,1.4169997992e+03,5.8607328707e+17,-4.0485107115e-02,8.4635107115e-02,5.4479696872e-01,0.0000000000e+00,1.8736630552e+07,6.4674335577e+07,4.7049997786e+02,9.2068111956e+00,3.9341617779e-02,4.8083822206e-03,-5.0064696872e-01,7.1571682613e+17,0.0000000000e+00,-1.0629469687e+00,-3.7314043529e-12,-7.6392148972e-15,-2.6890972413e-12,0.0000000000e+00,0.0000000000e+00,-9.8143530171e+03,7.2453978489e+02,-1.6183397427e+04,0.0000000000e+00,0.0000000000e+00,0.0000000000e+00,2.1643666617e+03,-4.3134176126e+01,-4.8560525273e+02,4.2550180778e+03,1.1773784205e+01,3.9571046657e+03,0.0000000000e+00,0.0000000000e+00,0.0000000000e+00,-2.8491082700e+05,5.6780553913e+03,6.3923639465e+04,-2.8987138831e-12,-8.0208429455e-15,-2.6957615741e-12,1,2.1292899549e-01,2.1292899549e-01,1.9999999553e-02,2.5999999046e-01
1.0000000000e+17,-2.8579459298e+05,-4.6501630894e+03,6.2228751488e+04,2.5520646561e+08,1.0000000000e+17,5.8918652799e-02,7.6321567156e+17,6.6321567156e+17,6.6321567156e+17,1.4169997992e+03,6.3284850873e+17,-4.1132066056e-02,8.5282066056e-02,5.4753134720e-01,0.0000000000e+00,2.0202899342e+07,5.9375211212e+07,4.7049997786e+02,8.7271012149e+00,3.7939137246e-02,6.2108627537e-03,-5.0338134720e-01,7.6321567131e+17,0.0000000000e+00,-1.0656813472e+00,-4.2750482470e-12,-2.4175796514e-14,-3.1287025492e-12,0.0000000000e+00,0.0000000000e+00,-2.9182652925e+03,3.2392501792e+03,-1.6183397427e+04,0.0000000000e+00,0.0000000000e+00,0.0000000000e+00,2.0938628177e+03,-8.1124307385e+01,-4.8560525273e+02,8.4265033127e+03,6.8182549961e+00,3.9571046657e+03,0.0000000000e+00,0.0000000000e+00,0.0000000000e+00,-2.8408536168e+05,1.1006560701e+04,6.5884614160e+04,-5.7576507032e-12,-4.6587687937e-15,-2.7038055544e-12,1,2.1592800319e-01,2.1592800319e-01,1.9999999553e-02,2.5999999046e-01
1.0000000000e+17,-2.8503969429e+05,-3.8649589377e+03,5.4855679129e+04,1.7208199705e+08,1.0000000000e+17,5.8043467139e-02,7.8170045001e+17,6.8170045001e+17,6.8170045001e+17,1.4169997992e+03,6.3997624951e+17,-4.1760014008e-02,8.5910014008e-02,5.4840653286e-01,0.0000000000e+00,2.0328265302e+07,5.8700407806e+07,4.7049997786e+02,9.2687424015e+00,3.5412034969e-02,8.7379650307e-03,-5.0425653286e-01,7.8170044984e+17,0.0000000000e+00,-1.0665565329e+00,-5.6338005234e-12,-3.4577724024e-15,-4.1580821511e-12,0.0000000000e+00,0.0000000000e+00,-2.9182652925e+03,3.2392501792e+03,-1.6183397427e+04,0.0000000000e+00,0.0000000000e+00,0.0000000000e+00,2.0938628177e+03,-8.1124307385e+01,-4.8560525273e+02,8.4265033127e+03,6.8182549961e+00,3.9571046657e+03,0.0000000000e+00,0.0000000000e+00,0.0000000000e+00,-2.8408536168e+05,1.1006560701e+04,6.5884614160e+04,-5.7576507032e-12,-4.6587687937e-15,-2.7038055544e-12,1,2.1892699599e-01,2.1892699599e-01,1.9999999553e-02,2.5999999046e-01
1.0000000000e+17,-2.8724582560e+05,-3.4862017990e+03,4.8158924737e+04,9.1161688705e+07,1.0000000000e+17,5.6829928551e-02,7.9825910032e+17,6.9825910032e+17,6.9825910032e+17,1.4169997992e+03,6.5721536363e+17,-4.2374287526e-02,8.6524287526e-02,5.4962007145e-01,0.0000000000e+00,2.0798067317e+07,5.7436480382e+07,4.7049997786e+02,9.6303069348e+00,3.3198049609e-02,1.0951950391e-02,-5.0547007145e-01,7.9825910023e+17,0.0000000000e+00,-1.0677700714e+00,-6.7998470400e-12,-2.5061580370e-15,-5.3696261237e-12,0.0000000000e+00,0.0000000000e+00,-4.6749868913e+03,3.2291973470e+03,-1.2669954230e+04,0.0000000000e+00,0.0000000000e+00,0.0000000000e+00,2.0228483246e+03,-6.3004974766e+01,-3.4357626643e+02,6.8007204275e+03,-2.6937123179e+02,7.2086704359e+03,0.0000000000e+00,0.0000000000e+00,0.0000000000e+00,-2.7185867911e+05,8.4674906214e+03,4.6174588983e+04,-5.3237061055e-12,2.1086784652e-13,-5.6430555000e-12,1,2.2192600369e-01,2.2192600369e-01,1.9999999553e-02,2.5999999046e-01
1.0000000000e+17,-2.9110152724e+05,-3.3338789885e+03,4.1838998103e+04,1.1469941394e+07,1.0000000000e+17,5.5427903348e-02,8.1374457553e+17,7.1374457553e+17,7.1374457553e+17,1.4169997992e+03,6.8008737651e+17,-4.2980938282e-02,8.7130938282e-02,5.5102209665e-01,0.0000000000e+00,2.1459750558e+07,5.5844362283e+07,4.7049997786e+02,9.8915481817e+00,3.1158518449e-02,1.2991481551e-02,-5.0687209665e-01,8.1374457552e+17,0.0000000000e+00,-1.0691720967e+00,-7.8585285049e-12,-1.2566410123e-14,-6.6826443561e-12,0.0000000000e+00,0.0000000000e+00,-4.6749868913e+03,3.2291973470e+03,-1.2669954230e+04,0.0000000000e+00,0.0000000000e+00,0.0000000000e+00,2.0228483246e+03,-6.3004974766e+01,-3.4357626643e+02,6.8007204275e+03,-2.6937123179e+02,7.2086704359e+03,0.0000000000e+00,0.0000000000e+00,0.0000000000e+00,-2.7185867911e+05,8.4674906214e+03,4.6174588983e+04,-5.3237061055e-12,2.1086784652e-13,-5.6430555000e-12,1,2.2492499650e-01,2.2492499650e-01,1.9999999553e-02,2.5999999046e-01
1.0000000000e+17,-2.9694439588e+05,-3.1590852429e+03,3.9822363805e+04,8.1110639580e+06,1.0000000000e+17,5.4505552679e-02,8.1413186052e+17,7.1413186052e+17,7.1413186052e+17,1.4169997992e+03,6.8617139824e+17,-4.3592218633e-02,8.7742218633e-02,5.5194444732e-01,0.0000000000e+00,2.1576983242e+07,5.4622064216e+07,4.7049997786e+02,1.0785034605e+01,2.8588396950e-02,1.5561603050e-02,-5.0779444732e-01,8.1413186052e+17,0.0000000000e+00,-1.0700944473e+00,-9.0878400593e-12,-6.0838818044e-14,-8.9065009294e-12,0.0000000000e+00,0.0000000000e+00,-3.0344916382e+03,3.2291973470e+03,-1.2669954230e+04,0.0000000000e+00,0.0000000000e+00,0.0000000000e+00,2.0386710829e+03,-6.3004974766e+01,-3.4357626643e+02,8.6152876070e+03,-2.6937123180e+02,7.2086704359e+03,0.0000000000e+00,0.0000000000e+00,0.0000000000e+00,-2.7398516290e+05,8.4674906214e+03,4.6174588983e+04,-8.0858806243e-12,2.5281844591e-13,-6.7656996798e-12,1,2.2792400420e-01,2.2792400420e-01,1.9999999553e-02,2.5999999046e-01
1.0000000000e+17,-3.0035712804e+05,-2.7862550392e+03,3.7214096513e+04,6.6623715294e+06,1.0000000000e+17,5.3766056103e-02,8.1413186052e+17,7.1413186052e+17,7.1413186052e+17,1.4169997992e+03,6.8769116883e+17,-4.4209529296e-02,8.8359529296e-02,5.5268394390e-01,0.0000000000e+00,2.1507160999e+07,5.3792767348e+07,4.7049997786e+02,1.1900492603e+01,2.5773565880e-02,1.8376434120e-02,-5.0853394390e-01,8.1413186052e+17,0.0000000000e+00,-1.0708339439e+00,-1.0518628551e-11,-1.1755975114e-13,-1.0995774336e-11,0.0000000000e+00,0.0000000000e+00,-1.1867187377e+03,4.9614844412e+03,-8.9744084286e+03,0.0000000000e+00,0.0000000000e+00,0.0000000000e+00,2.1027535982e+03,-2.9276166612e+00,-2.1541123580e+02,1.1119276250e+04,2.0781181210e+03,1.2216647722e+04,0.0000000000e+00,0.0000000000e+00,0.0000000000e+00,-2.9375547440e+05,4.0898915683e+02,3.0093031260e+04,-1.0996874795e-11,-2.0552421104e-12,-1.2082166356e-11,1,2.3092299700e-01,2.3092299700e-01,1.9999999553e-02,2.5999999046e-01
1.0000000000e+17,-2.9818925960e+05,-1.9692799973e+03,3.3026768357e+04,5.1060595331e+06,1.0000000000e+17,5.3410158240e-02,8.1413186052e+17,7.1413186052e+17,7.1413186052e+17,1.4169997992e+03,6.7991338227e+17,-4.4840146719e-02,8.8990146719e-02,5.5303984176e-01,0.0000000000e+00,2.1048015297e+07,5.3826081049e+07,4.7049997786e+02,1.3478762417e+01,2.2438886368e-02,2.1711113632e-02,-5.0888984176e-01,8.1413186052e+17,0.0000000000e+00,-1.0711898418e+00,-1.2392769612e-11,-1.9107984785e-13,-1.2729818071e-11,0.0000000000e+00,0.0000000000e+00,-1.1867187377e+03,4.9614844412e+03,-8.9744084286e+03,0.0000000000e+00,0.0000000000e+00,0.0000000000e+00,2.1027535982e+03,-2.9276166612e+00,-2.1541123580e+02,1.1119276250e+04,2.0781181210e+03,1.2216647722e+04,0.0000000000e+00,0.0000000000e+00,0.0000000000e+00,-2.9375547440e+05,4.0898915683e+02,3.0093031260e+04,-1.0996874795e-11,-2.0552421104e-12,-1.2082166356e-11,1,2.3392200470e-01,2.3392200470e-01,1.9999999553e-02,2.5999999046e-01
1.0000000000e+17,-2.9602139993e+05,-1.1523087461e+03,2.8839460013e+04,3.5497552334e+06,1.0000000000e+17,5.3054262590e-02,8.1413184827e+17,7.1413184827e+17,7.1413184827e+17,1.4169997992e+03,6.7213562301e+17,-4.5470761004e-02,8.9620761004e-02,5.5339573741e-01,0.0000000000e+00,2.0588871482e+07,5.3859395477e+07,4.7049997786e+02,1.5057024689e+01,1.9104223231e-02,2.5045776769e-02,-5.0924573741e-01,8.1413184827e+17,0.0000000000e+00,-1.0715457374e+00,-1.4266901726e-11,-2.6459960265e-13,-1.4463853201e-11,0.0000000000e+00,0.0000000000e+00,-1.1867187377e+03,-5.0000178685e+03,-8.9744084286e+03,0.0000000000e+00,0.0000000000e+00,0.0000000000e+00,2.1027535982e+03,1.0984524214e+02,-2.1541123580e+02,1.1119276250e+04,-2.2790140202e+03,1.2216647722e+04,0.0000000000e+00,0.0000000000e+00,0.0000000000e+00,-2.9375547440e+05,-1.5345421947e+04,3.0093031260e+04,-1.0996874795e-11,2.2539265392e-12,-1.2082166356e-11,1,2.3692099750e-01,2.3692099750e-01,1.9999999553e-02,2.5999999046e-01
1.0000000000e+17,-2.9385353149e+05,-3.3533370421e+02,2.4652131857e+04,1.9934432371e+06,1.0000000000e+17,5.2698364727e-02,8.1413184827e+17,7.1413184827e+17,7.1413184827e+17,1.4169997992e+03,6.6435783644e+17,-4.6101378428e-02,9.0251378428e-02,5.5375163527e-01,0.0000000000e+00,2.0129725780e+07,5.3892709177e+07,4.7049997786e+02,1.6635294503e+01,1.5769543720e-02,2.8380456280e-02,-5.0960163527e-01,8.1413184827e+17,0.0000000000e+00,-1.0719016353e+00,-1.6141042787e-11,-3.3811969936e-13,-1.6197896937e-11,0.0000000000e+00,0.0000000000e+00,-1.1867187377e+03,-5.0000178685e+03,-8.9744084286e+03,0.0000000000e+00,0.0000000000e+00,0.0000000000e+00,2.1027535982e+03,1.0984524214e+02,-2.1541123580e+02,1.1119276250e+04,-2.2790140202e+03,1.2216647722e+04,0.0000000000e+00,0.0000000000e+00,0.0000000000e+00,-2.9375547440e+05,-1.5345421947e+04,3.0093031260e+04,-1.0996874795e-11,2.2539265392e-12,-1.2082166356e-11,1,2.3992000520e-01,2.3992000520e-01,1.9999999553e-02,2.5999999046e-01
1.0000000000e+17,-2.9168567382e+05,4.8163727840e+02,2.0464824507e+04,4.3713897365e+05,1.0000000000e+17,5.2342468632e-02,8.1413184827e+17,7.1413184827e+17,7.1413184827e+17,1.4169997992e+03,6.5658008852e+17,-4.6731992718e-02,9.0881992718e-02,5.5410753137e-01,0.0000000000e+00,1.9670582359e+07,5.3926022713e+07,4.7049997786e+02,1.8213556475e+01,1.2434880778e-02,3.1715119222e-02,-5.0995753137e-01,8.1413184827e+17,0.0000000000e+00,-1.0722575314e+00,-1.8015174536e-11,-4.1163943077e-13,-1.7931932057e-11,0.0000000000e+00,0.0000000000e+00,-1.1867187377e+03,-5.0000178685e+03,-8.9744084286e+03,0.0000000000e+00,0.0000000000e+00,0.0000000000e+00,2.1027535982e+03,1.0984524214e+02,-2.1541123580e+02,1.1119276250e+04,-2.2790140202e+03,1.2216647722e+04,0.0000000000e+00,0.0000000000e+00,0.0000000000e+00,-2.9375547440e+05,-1.5345421947e+04,3.0093031260e+04,-1.0996874795e-11,2.2539265392e-12,-1.2082166356e-11,1,2.4291899800e-01,2.4291899800e-01,1.9999999553e-02,2.5999999046e-01
1.0000000000e+17,-2.9160777098e+05,9.3060118353e+02,1.6280656581e+04,5.2663646860e+03,1.0000000000e+17,5.1804256095e-02,8.1413184835e+17,7.1413184835e+17,7.1413184835e+17,1.4169997992e+03,6.5416994302e+17,-4.7359351127e-02,9.1509351127e-02,5.5464574390e-01,0.0000000000e+00,1.9378709221e+07,5.3264517653e+07,4.7049997786e+02,2.0778089563e+01,8.8867542272e-03,3.5263245773e-02,-5.1049574390e-01,8.1413184835e+17,0.0000000000e+00,-1.0727957439e+00,-2.0220289935e-11,-4.3980910520e-13,-2.1843466786e-11,0.0000000000e+00,0.0000000000e+00,-2.0276513477e+03,-4.9293066862e+03,-8.9744084286e+03,0.0000000000e+00,0.0000000000e+00,0.0000000000e+00,2.0877212617e+03,9.7910488834e+00,-2.1541123580e+02,1.2103808554e+04,5.3967903768e+02,1.2216647722e+04,0.0000000000e+00,0.0000000000e+00,0.0000000000e+00,-2.5470368864e+05,-1.1945159117e+03,2.6280345628e+04,-2.3648096125e-11,-1.0544104117e-12,-2.3868558263e-11,1,2.4591800570e-01,2.4591800570e-01,1.9999999553e-02,2.5999999046e-01
1.0000000000e+17,-2.9234027402e+05,1.1674446655e+03,1.1930372166e+04,4.3887691070e+03,1.0000000000e+17,5.1202251671e-02,8.1413184768e+17,7.1413184768e+17,7.1413184768e+17,1.4169997992e+03,6.5355070276e+17,-4.7989062872e-02,9.2139062872e-02,5.5524774833e-01,0.0000000000e+00,1.9119353057e+07,5.2318526318e+07,4.7049997786e+02,2.3835405783e+01,5.2087270373e-03,3.8941272963e-02,-5.1109774833e-01,8.1413184768e+17,0.0000000000e+00,-1.0733977483e+00,-2.2691174609e-11,-4.5410530971e-13,-2.6570791388e-11,0.0000000000e+00,0.0000000000e+00,-1.6631287811e+03,-4.4292106431e+03,-8.2453632954e+03,0.0000000000e+00,0.0000000000e+00,0.0000000000e+00,2.3036545637e+03,2.6552573959e+01,2.1645536806e+02,1.4984625481e+04,5.1348791578e+02,1.7978281576e+04,0.0000000000e+00,0.0000000000e+00,0.0000000000e+00,-3.1122137306e+05,-3.5872255573e+03,-2.9242898617e+04,-3.6050721811e-11,-1.2353735520e-12,-4.3253001456e-11,1,2.4891699851e-01,2.4891699851e-01,1.9999999553e-02,2.5999999046e-01
1.0000000000e+17,-2.9323087324e+05,1.9910281302e+02,4.7418301457e+03,3.4197721617e+03,1.0000000000e+17,5.0703480547e-02,8.1413184768e+17,7.1413184768e+17,7.1413184768e+17,1.4169997992e+03,6.4841115689e+17,-4.8679927217e-02,9.2829927217e-02,5.5574651945e-01,0.0000000000e+00,1.8324052396e+07,5.1064458855e+07,4.7049997786e+02,2.8839092368e+01,7.1484864355e-04,4.3435151356e-02,-5.1159651945e-01,8.1413184768e+17,0.0000000000e+00,-1.0738965195e+00,-2.7518133839e-11,-5.2792403871e-13,-3.0978858010e-11,0.0000000000e+00,0.0000000000e+00,-1.6631287811e+03,-4.4292106431e+03,-8.2453632954e+03,0.0000000000e+00,0.0000000000e+00,0.0000000000e+00,2.3036545637e+03,2.6552573959e+01,2.1645536806e+02,1.4984625481e+04,5.1348791578e+02,1.7978281576e+04,0.0000000000e+00,0.0000000000e+00,0.0000000000e+00,-3.1122137306e+05,-3.5872255573e+03,-2.9242898617e+04,-3.6050721811e-11,-1.2353735520e-12,-4.3253001456e-11,1,2.5191599131e-01,2.5191599131e-01,1.9999999553e-02,2.5999999046e-01
1.0000000000e+17,-2.9412147964e+05,-7.6924384369e+02,-2.4467474212e+03,2.4507704017e+03,1.0000000000e+17,5.0204706554e-02,8.1413186111e+17,7.1413186111e+17,7.1413186111e+17,1.4169997992e+03,6.4327159508e+17,-4.9370794995e-02,9.3520794995e-02,5.5624529345e-01,0.0000000000e+00,1.7528748036e+07,4.9810384425e+07,4.7049997786e+02,3.3842803279e+01,-3.7790520895e-03,4.7929052089e-02,-5.1209529345e-01,8.1413186111e+17,0.0000000000e+00,-1.0743952934e+00,-3.2345116555e-11,-6.0174309659e-13,-3.5386946126e-11,0.0000000000e+00,0.0000000000e+00,-1.6631287811e+03,4.2890822350e+03,-8.2453632954e+03,0.0000000000e+00,0.0000000000e+00,0.0000000000e+00,2.3036545637e+03,2.2993428107e+01,2.1645536806e+02,1.4984625481e+04,2.8059101763e+02,1.7978281576e+04,0.0000000000e+00,0.0000000000e+00,0.0000000000e+00,-3.1122137306e+05,-3.1063885965e+03,-2.9242898617e+04,-3.3855972320e-11,-6.3396190571e-13,-4.0619780867e-11,1,2.5491499901e-01,2.5491499901e-01,1.9999999553e-02,2.5999999046e-01
1.0000000000e+17,-2.9501208328e+05,-1.7375905076e+03,-9.6353251596e+03,1.4817686418e+03,1.0000000000e+17,4.9705932952e-02,8.1413186111e+17,7.1413186111e+17,7.1413186111e+17,1.4169997992e+03,6.3813202368e+17,-5.0061662773e-02,9.4211662773e-02,5.5674406705e-01,0.0000000000e+00,1.6733443423e+07,4.8556310732e+07,4.7049997786e+02,3.8846514726e+01,-8.2729528121e-03,5.2422952812e-02,-5.1259406705e-01,8.1413186111e+17,0.0000000000e+00,-1.0748940670e+00,-3.7172099769e-11,-6.7556219237e-13,-3.9795034651e-11,0.0000000000e+00,0.0000000000e+00,-1.6631287811e+03,4.2890822350e+03,-8.2453632954e+03,0.0000000000e+00,0.0000000000e+00,0.0000000000e+00,2.3036545637e+03,2.2993428107e+01,2.1645536806e+02,1.4984625481e+04,2.8059101763e+02,1.7978281576e+04,0.0000000000e+00,0.0000000000e+00,0.0000000000e+00,-3.1122137306e+05,-3.1063885965e+03,-2.9242898617e+04,-3.3855972320e-11,-6.3396190571e-13,-4.0619780867e-11,1,2.5791400671e-01,2.5791400671e-01,1.9999999553e-02,2.5999999046e-01
1.0000000000e+17,-2.9590268692e+05,-2.7059371715e+03,-1.6823902898e+04,5.1276688183e+02,1.0000000000e+17,4.9207159350e-02,8.1413186111e+17,7.1413186111e+17,7.1413186111e+17,1.4169997992e+03,6.3299245228e+17,-5.0752530551e-02,9.4902530551e-02,5.5724284065e-01,0.0000000000e+00,1.5938138811e+07,4.7302237038e+07,4.7049997786e+02,4.3850226173e+01,-1.2766853535e-02,5.6916853535e-02,-5.1309284065e-01,8.1413186111e+17,0.0000000000e+00,-1.0753928407e+00,-4.1999082982e-11,-7.4938128816e-13,-4.4203123176e-11,0.0000000000e+00,0.0000000000e+00,-1.6631287811e+03,4.2890822350e+03,-8.2453632954e+03,0.0000000000e+00,0.0000000000e+00,0.0000000000e+00,2.3036545637e+03,2.2993428107e+01,2.1645536806e+02,1.4984625481e+04,2.8059101763e+02,1.7978281576e+04,0.0000000000e+00,0.0000000000e+00,0.0000000000e+00,-3.1122137306e+05,-3.1063885965e+03,-2.9242898617e+04,-3.3855972320e-11,-6.3396190571e-13,-4.0619780867e-11,1,2.6091301441e-01,2.6091301441e-01,1.9999999553e-02,2.5999999046e-01
1.0000000000e+17,-2.8973936591e+05,-3.1444245160e+03,-2.6532649156e+04,0.0000000000e+00,1.0000000000e+17,4.8742571423e-02,8.1413186044e+17,7.1413186044e+17,7.1413186044e+17,1.4169997992e+03,6.2903246911e+17,-5.1382777216e-02,9.5532777216e-02,5.5770742858e-01,0.0000000000e+00,1.5317090109e+07,4.6030861866e+07,4.7049997786e+02,4.8892431159e+01,-1.6787050694e-02,6.0937050694e-02,-5.1355742858e-01,8.1413186044e+17,0.0000000000e+00,-1.0758574286e+00,-4.6121661799e-11,-7.7135022185e-13,-5.5184686495e-11,0.0000000000e+00,0.0000000000e+00,-1.4210541827e+03,4.9179376011e+03,-8.2453632954e+03,0.0000000000e+00,0.0000000000e+00,0.0000000000e+00,1.8743728489e+03,8.5286794828e+00,2.1645536806e+02,1.1630082299e+04,8.5099902918e+00,1.7978281576e+04,0.0000000000e+00,0.0000000000e+00,0.0000000000e+00,-2.2382747328e+05,-1.0184488002e+03,-2.5847929956e+04,-3.7218217383e-11,-2.7233398739e-14,-5.7533521663e-11,1,2.6391199231e-01,2.6391199231e-01,1.9999999553e-02,2.5999999046e-01
1.0000000000e+17,-2.7554609178e+05,-2.4965881427e+03,-5.4734647464e+04,0.0000000000e+00,1.0000000000e+17,4.8279017135e-02,8.1413186111e+17,7.1413186111e+17,7.1413186111e+17,1.4169997992e+03,6.2407464929e+17,-5.2051031621e-02,9.6201031621e-02,5.5817098286e-01,0.0000000000e+00,1.4186137855e+07,4.3452390059e+07,4.7049997786e+02,5.8110929636e+01,-2.1207957055e-02,6.5357957055e-02,-5.1402098286e-01,8.1413186111e+17,0.0000000000e+00,-1.0763209829e+00,-5.4491552353e-11,-7.4564873177e-13,-8.0159113061e-11,0.0000000000e+00,0.0000000000e+00,-1.6166546668e+03,4.4139530490e+03,-8.4409637794e+03,0.0000000000e+00,0.0000000000e+00,0.0000000000e+00,2.4297316857e+03,1.7621165564e+01,7.7181420484e+02,1.6512554226e+04,2.9061586929e+02,2.2860753503e+04,0.0000000000e+00,0.0000000000e+00,0.0000000000e+00,-3.1834910889e+05,-2.3087661852e+03,-1.0112489613e+05,-8.1353701903e-11,-1.4318001004e-12,-1.1262987545e-10,1,2.6691100001e-01,2.6691100001e-01,1.9999999553e-02,2.5999999046e-01
1.0000000000e+17,-2.6129492258e+05,-1.5693125795e+03,-9.1852933953e+04,0.0000000000e+00,1.0000000000e+17,4.7794181559e-02,8.1413184768e+17,7.1413184768e+17,7.1413184768e+17,1.4169997992e+03,6.1779392092e+17,-5.2779710025e-02,9.6929710025e-02,5.5865581844e-01,0.0000000000e+00,1.2653372780e+07,4.0140812874e+07,4.7049997786e+02,6.9682497670e+01,-2.6160084792e-02,7.0310084792e-02,-5.1450581844e-01,8.1413184768e+17,0.0000000000e+00,-1.0768058184e+00,-6.5730344266e-11,-7.2598526446e-13,-1.0889378467e-10,0.0000000000e+00,0.0000000000e+00,-1.6166546668e+03,-4.6015564984e+03,-8.4409637794e+03,0.0000000000e+00,0.0000000000e+00,0.0000000000e+00,2.4297316857e+03,2.6782261581e+01,7.7181420484e+02,1.6512554226e+04,1.3262629746e+02,2.2860753503e+04,0.0000000000e+00,0.0000000000e+00,0.0000000000e+00,-3.1834910889e+05,-3.5090743388e+03,-1.0112489613e+05,-8.7905909074e-11,-7.0604675000e-13,-1.2170105795e-10,1,2.6991000772e-01,2.6991000772e-01,1.9999999553e-02,2.5999999046e-01
1.0000000000e+17,-2.4445264747e+05,-9.5268044413e+02,-1.1769449041e+05,0.0000000000e+00,1.0000000000e+17,4.7527493827e-02,8.1262399104e+17,7.1262399104e+17,7.1262399104e+17,1.4169997992e+03,6.1020316692e+17,-5.3393004828e-02,9.7543004828e-02,5.5892250617e-01,0.0000000000e+00,1.1486342219e+07,3.8039983265e+07,4.7049997786e+02,7.8794574447e+01,-3.0035402999e-02,7.4185402999e-02,-5.1477250617e-01,8.1262399104e+17,0.0000000000e+00,-1.0770725062e+00,-7.1342624414e-11,-7.2012459385e-13,-1.3236910604e-10,0.0000000000e+00,0.0000000000e+00,4.9307920217e+02,-4.2285776139e+03,-8.4409637794e+03,0.0000000000e+00,0.0000000000e+00,0.0000000000e+00,1.3138906216e+03,2.5468953290e+00,7.7181420484e+02,6.0988666019e+03,-4.4396330302e+01,2.2860753503e+04,0.0000000000e+00,0.0000000000e+00,0.0000000000e+00,-1.5026136508e+05,-2.9127231945e+02,-8.8267511847e+04,-3.0331344650e-11,2.2079518761e-13,-1.1369282831e-10,1,2.7290898561e-01,2.7290898561e-01,1.9999999553e-02,2.5999999046e-01
1.0000000000e+17,-2.0328333132e+05,-8.8799509692e+02,-1.2348621353e+05,0.0000000000e+00,1.0000000000e+17,4.7570249081e-02,8.0800246407e+17,7.0800246407e+17,7.0800246407e+17,1.4169997992e+03,6.0049543671e+17,-5.3807820400e-02,9.7957820400e-02,5.5887975092e-01,0.0000000000e+00,1.0777587568e+07,3.7205062340e+07,4.7049997786e+02,8.5105097508e+01,-3.2042661277e-02,7.6192661277e-02,-5.1472975092e-01,8.0800246407e+17,0.0000000000e+00,-1.0770297509e+00,-5.9685098614e-11,-7.8142169842e-13,-1.4805673359e-10,0.0000000000e+00,0.0000000000e+00,-1.9263958971e+02,-4.2161617679e+03,-9.1266825713e+03,0.0000000000e+00,0.0000000000e+00,0.0000000000e+00,1.4494352027e+03,3.3454823903e+01,9.0735878595e+02,7.2613282523e+03,-8.2050037265e+01,2.4023215153e+04,0.0000000000e+00,0.0000000000e+00,0.0000000000e+00,-1.8092133021e+05,-4.1758963983e+03,-1.1325829415e+05,-4.9804349321e-11,5.6276876292e-13,-1.6477158968e-10,1,2.7590799332e-01,2.7590799332e-01,1.9999999553e-02,2.5999999046e-01
1.0000000000e+17,-1.4355910687e+05,-7.8660194018e+02,-1.3059745800e+05,0.0000000000e+00,1.0000000000e+17,4.7512475921e-02,8.0314370358e+17,7.0314370358e+17,7.0314370358e+17,1.4169997992e+03,5.9114427764e+17,-5.4242507136e-02,9.8392507136e-02,5.5893752408e-01,0.0000000000e+00,9.8424393455e+06,3.5380404301e+07,4.7049997786e+02,9.3206053240e+01,-3.4220339196e-02,7.8370339196e-02,-5.1478752408e-01,8.0314370358e+17,0.0000000000e+00,-1.0770875241e+00,-4.1737550659e-11,-8.8185832110e-13,-1.6585450554e-10,0.0000000000e+00,0.0000000000e+00,-1.9263958971e+02,4.6905984709e+03,-9.1266825713e+03,0.0000000000e+00,0.0000000000e+00,0.0000000000e+00,1.4494352027e+03,-1.7811743605e+01,9.0735878595e+02,7.2613282523e+03,2.8477503549e+02,2.4023215153e+04,0.0000000000e+00,0.0000000000e+00,0.0000000000e+00,-1.8092133021e+05,2.2232965919e+03,-1.1325829415e+05,-4.6226639780e-11,-1.8129180401e-12,-1.5293517586e-10,1,2.7890700102e-01,2.7890700102e-01,1.9999999553e-02,2.5999999046e-01
1.0000000000e+17,-9.2641885515e+04,-7.4375738819e+02,-1.3519119012e+05,0.0000000000e+00,1.0000000000e+17,4.7782092655e-02,7.9012510355e+17,6.9012510355e+17,6.9012510355e+17,1.4169997992e+03,5.7799487093e+17,-5.4625192017e-02,9.8775192017e-02,5.5866790735e-01,0.0000000000e+00,8.9534062687e+06,3.4777984758e+07,4.7049997786e+02,1.0086627559e+02,-3.6069758190e-02,8.0219758190e-02,-5.1451790735e-01,7.9012510355e+17,0.0000000000e+00,-1.0768179073e+00,-2.6672028368e-11,-9.4157913263e-13,-1.8252654167e-10,0.0000000000e+00,0.0000000000e+00,4.7979873062e+03,4.2746265546e+03,-9.1266825713e+03,0.0000000000e+00,0.0000000000e+00,0.0000000000e+00,6.5673458644e+02,-6.1369099812e+00,9.0735878595e+02,2.2574475212e+03,3.2767679888e+02,2.4023215153e+04,0.0000000000e+00,0.0000000000e+00,0.0000000000e+00,-7.2198566734e+04,6.7466540360e+02,-9.9751109827e+04,-1.4371229306e-11,-2.0860367167e-12,-1.5293517586e-10,1,2.8190600872e-01,2.8190600872e-01,1.9999999553e-02,2.5999999046e-01
1.0000000000e+17,-7.1522989401e+04,-8.4291863660e+02,-1.2386766442e+05,0.0000000000e+00,1.0000000000e+17,4.9212811094e-02,7.4616140525e+17,6.4616140525e+17,6.4616140525e+17,1.4169997992e+03,5.4838919601e+17,-5.4796257244e-02,9.8946257244e-02,5.5723718891e-01,0.0000000000e+00,8.2713402188e+06,3.7433351965e+07,4.7049997786e+02,1.0825577426e+02,-3.6687128707e-02,8.0837128707e-02,-5.1308718891e-01,7.4616140525e+17,0.0000000000e+00,-1.0753871889e+00,-2.1238397174e-11,-8.1156593612e-13,-1.9269281424e-10,0.0000000000e+00,0.0000000000e+00,4.7270997558e+03,4.3016647642e+03,-9.1975701217e+03,0.0000000000e+00,0.0000000000e+00,0.0000000000e+00,4.3259140538e+02,7.2004083762e-01,6.8321560489e+02,1.7411342311e+03,4.2504383209e+02,2.3506901863e+04,0.0000000000e+00,0.0000000000e+00,0.0000000000e+00,-4.7557232549e+04,-7.9158182833e+01,-7.5109775642e+04,-1.4177541059e-11,-3.4610062071e-12,-1.9140974910e-10,1,2.8490498662e-01,2.8490498662e-01,1.9999999553e-02,2.5999999046e-01
1.0000000000e+17,-4.7758430065e+04,-8.3494161617e+02,-1.0148645577e+05,0.0000000000e+00,1.0000000000e+17,5.0630471951e-02,6.9932036967e+17,5.9932036967e+17,5.9932036967e+17,1.4169997992e+03,5.1416787557e+17,-5.4925991740e-02,9.9075991740e-02,5.5581952805e-01,0.0000000000e+00,7.6567304169e+06,3.8320496298e+07,4.7049997786e+02,1.1772644235e+02,-3.7209296204e-02,8.1359296204e-02,-5.1166952805e-01,6.9932036967e+17,0.0000000000e+00,-1.0739695280e+00,-1.4748429598e-11,-6.1079952226e-13,-1.9889174387e-10,0.0000000000e+00,0.0000000000e+00,4.7270997558e+03,4.3016647642e+03,-9.1975701217e+03,0.0000000000e+00,0.0000000000e+00,0.0000000000e+00,4.3259140538e+02,7.2004083762e-01,6.8321560489e+02,1.7411342311e+03,4.2504383209e+02,2.3506901863e+04,0.0000000000e+00,0.0000000000e+00,0.0000000000e+00,-4.7557232549e+04,-7.9158182833e+01,-7.5109775642e+04,-1.4177541059e-11,-3.4610062071e-12,-1.9140974910e-10,1,2.8790399432e-01,2.8790399432e-01,1.9999999553e-02,2.5999999046e-01
1.0000000000e+17,-2.5600265067e+04,-8.3535091228e+02,-8.1030154509e+04,0.0000000000e+00,1.0000000000e+17,5.2083323628e-02,6.5181456103e+17,5.5181456103e+17,5.5181456103e+17,1.4169997992e+03,4.8084194243e+17,-5.5049212579e-02,9.9199212579e-02,5.5436667637e-01,0.0000000000e+00,7.0424393599e+06,3.9648939095e+07,4.7049997786e+02,1.2700751573e+02,-3.7702957424e-02,8.1852957424e-02,-5.1021667637e-01,6.5181456103e+17,0.0000000000e+00,-1.0725166764e+00,-8.7295495046e-12,-3.9204701535e-13,-2.0547268446e-10,0.0000000000e+00,0.0000000000e+00,5.9929427767e+03,1.4576884945e+03,-9.1975701217e+03,0.0000000000e+00,0.0000000000e+00,0.0000000000e+00,1.9828892340e+02,1.2619316567e+01,6.8321560489e+02,7.1573555213e+02,1.0348044708e+02,2.3506901863e+04,0.0000000000e+00,0.0000000000e+00,0.0000000000e+00,-1.7716002966e+04,-1.1274651447e+03,-6.1041481666e+04,-5.8280229039e-12,-8.4261067356e-13,-1.9140974910e-10,1,2.9090300202e-01,2.9090300202e-01,1.9999999553e-02,2.5999999046e-01
1.0000000000e+17,-1.9430298415e+04,-8.9096585152e+02,-7.8165108152e+04,0.0000000000e+00,1.0000000000e+17,5.3931122499e-02,5.9624928172e+17,4.9624928172e+17,4.9624928172e+17,1.4169997992e+03,4.5328947818e+17,-5.5101457936e-02,9.9251457936e-02,5.5251887750e-01,0.0000000000e+00,6.4600638675e+06,4.4341623415e+07,4.7049997786e+02,1.3609154822e+02,-3.7916652332e-02,8.2066652332e-02,-5.0836887750e-01,5.9624928172e+17,0.0000000000e+00,-1.0706688775e+00,-7.3238513209e-12,7.3380670041e-15,-2.1581969988e-10,0.0000000000e+00,0.0000000000e+00,6.6430160176e+03,1.1429783413e+03,-8.5474968808e+03,0.0000000000e+00,0.0000000000e+00,0.0000000000e+00,1.0534629544e+02,1.4502103620e+01,5.9027297693e+02,7.0344806829e+02,6.1422254652e+01,2.3494614379e+04,0.0000000000e+00,0.0000000000e+00,0.0000000000e+00,-9.4121005368e+03,-1.2956816060e+03,-5.2737579237e+04,-7.3829494678e-12,-6.4464943858e-13,-2.4658472821e-10,1,2.9390200973e-01,2.9390200973e-01,1.9999999553e-02,2.5999999046e-01
1.0000000000e+17,-1.4018946425e+04,-8.6971781587e+02,-7.1727741641e+04,0.0000000000e+00,1.0000000000e+17,5.5923348322e-02,5.3624366198e+17,4.3624366198e+17,4.3624366198e+17,1.4169997992e+03,4.1718574415e+17,-5.5133051057e-02,9.9283051057e-02,5.5052665168e-01,0.0000000000e+00,5.9600401514e+06,4.6303066375e+07,4.7049997786e+02,1.4991877671e+02,-3.8127614853e-02,8.2277614853e-02,-5.0637665168e-01,5.3624366198e+17,0.0000000000e+00,-1.0686766517e+00,-5.9247759533e-12,4.1984315478e-13,-2.2624400306e-10,0.0000000000e+00,0.0000000000e+00,6.6430160176e+03,1.1429783413e+03,-8.5474968808e+03,0.0000000000e+00,0.0000000000e+00,0.0000000000e+00,1.0534629544e+02,1.4502103620e+01,5.9027297693e+02,7.0344806829e+02,6.1422254652e+01,2.3494614379e+04,0.0000000000e+00,0.0000000000e+00,0.0000000000e+00,-9.4121005368e+03,-1.2956816060e+03,-5.2737579237e+04,-7.3829494678e-12,-6.4464943858e-13,-2.4658472821e-10,1,2.9690098763e-01,2.9690098763e-01,1.9999999553e-02,2.5999999046e-01
1.0000000000e+17,-8.6075406601e+03,-8.4846956907e+02,-6.5290311159e+04,0.0000000000e+00,1.0000000000e+17,5.7915593942e-02,4.7623744593e+17,3.7623744593e+17,3.7623744593e+17,1.4169997992e+03,3.8108165134e+17,-5.5164644492e-02,9.9314644492e-02,5.4853440606e-01,0.0000000000e+00,5.4600114662e+06,4.8264528826e+07,4.7049997786e+02,1.6374614261e+02,-3.8338579470e-02,8.2488579470e-02,-5.0438440606e-01,4.7623744593e+17,0.0000000000e+00,-1.0666844061e+00,-4.5256866823e-12,8.3235234183e-13,-2.3666840984e-10,0.0000000000e+00,0.0000000000e+00,6.6430160176e+03,1.1429783413e+03,-8.5474968808e+03,0.0000000000e+00,0.0000000000e+00,0.0000000000e+00,1.0534629544e+02,1.4502103620e+01,5.9027297693e+02,7.0344806829e+02,6.1422254652e+01,2.3494614379e+04,0.0000000000e+00,0.0000000000e+00,0.0000000000e+00,-9.4121005368e+03,-1.2956816060e+03,-5.2737579237e+04,-7.3829494678e-12,-6.4464943858e-13,-2.4658472821e-10,1,2.9989999533e-01,2.9989999533e-01,1.9999999553e-02,2.5999999046e-01
