"AcceptorConcentration","ElectricField:0","ElectricField:1","ElectricField:2","AugerRecombination","BandGap","BandgapNarrowing","ConductionBandEnergy","DisplaceCurrentDensity","DonorConcentration","DopingConcentration","ElectronAffinity","ElectrostaticPotential","ImpactIonization","LatticeTemperature","QuasiFermiPotential","SpaceCharge","TotalRecombination","ValenceBandEnergy","eDensity","eEparallel","eImpactIonization","eMobility","eQuasiFermiPotential","eVelocity","hDensity","hEparallel","hImpactIonization","hMobility","hQuasiFermiPotential","hVelocity","srhRecombination","TotalCurrentDensity:0","TotalCurrentDensity:1","TotalCurrentDensity:2","eCurrentDensity:0","eCurrentDensity:1","eCurrentDensity:2","eGradQuasiFermi:0","eGradQuasiFermi:1","eGradQuasiFermi:2","hCurrentDensity:0","hCurrentDensity:1","hCurrentDensity:2","hGradQuasiFermi:0","hGradQuasiFermi:1","hGradQuasiFermi:2","vtkValidPointMask","arc_length","Points:0","Points:1","Points:2"
1.0000000000e+17,4.9254095008e-03,5.3750903033e-03,-5.8295163346e+00,3.6119791043e-08,1.1241592308e+00,0.0000000000e+00,9.7581881738e-01,0.0000000000e+00,1.9222933822e+01,-1.0000000000e+17,4.0727403846e+00,-4.1481520651e-01,0.0000000000e+00,3.0000000000e+02,0.0000000000e+00,-1.0492752083e+03,4.5089278273e-07,-1.4834041339e-01,1.1556332751e+03,0.0000000000e+00,0.0000000000e+00,1.4170000000e+03,0.0000000000e+00,2.0788813979e+06,1.0000000000e+17,0.0000000000e+00,0.0000000000e+00,4.7050000000e+02,2.2961184302e-17,6.3529162220e-09,4.1477299169e-07,-3.6212059368e-11,-1.3450900216e-11,-4.6171044442e-10,-6.0777023791e-12,1.9280734694e-15,-3.6544787653e-10,-3.1913090089e+01,4.1935141710e+00,-1.4766631801e+03,-3.0134356989e-11,-1.3452828290e-11,-9.6262567887e-11,-4.5847446919e-12,-8.1549958196e-13,-1.8215918277e-11,1,0.0000000000e+00,1.5000000596e-01,1.9999999553e-02,0.0000000000e+00
1.0000000000e+17,-2.1238595461e-02,7.0481585583e-03,-6.7724622148e+00,-1.6707576692e+05,1.1241592308e+00,0.0000000000e+00,9.7581707357e-01,0.0000000000e+00,2.9323779687e+02,-1.0000000000e+17,4.0727403846e+00,-4.1481346271e-01,1.0192631946e-292,3.0000000000e+02,1.6000000139e-02,-6.7439151501e+12,-2.0871974045e+06,-1.4834215720e-01,1.1365100238e+03,0.0000000000e+00,1.0192631946e-292,1.4170000000e+03,4.5331535620e-04,2.1108530354e+06,9.9993256085e+16,0.0000000000e+00,0.0000000000e+00,4.7050000000e+02,3.0308777941e-17,6.8832426142e-09,-1.9201216376e+06,-4.4893339901e-11,-6.9925732534e-12,-4.7100412647e-10,-1.1487211749e-11,2.8946437079e-15,-3.6713621266e-10,-5.4586416778e+01,3.6417850301e+00,-1.4967253821e+03,-3.3406128152e-11,-6.9954678971e-12,-1.0386791381e-10,-4.8939996724e-12,-3.0035684468e-13,-1.8709029213e-11,1,3.0000000261e-03,1.5000000596e-01,1.9999999553e-02,3.0000000261e-03
1.0000000000e+17,-4.7402456926e-02,8.7212456697e-03,-7.7154082665e+00,-3.3415149804e+05,1.1241592308e+00,0.0000000000e+00,9.7581532977e-01,0.0000000000e+00,5.6725567769e+02,-1.0000000000e+17,4.0727403846e+00,-4.1481171890e-01,2.0385243640e-292,3.0000000000e+02,3.2000000278e-02,-1.3487830342e+13,-4.1743943618e+06,-1.4834390100e-01,1.1173867767e+03,0.0000000000e+00,2.0385243640e-292,1.4170000000e+03,9.0663061036e-04,2.1428246605e+06,9.9986512170e+16,0.0000000000e+00,0.0000000000e+00,4.7050000000e+02,3.7656356981e-17,7.4135686276e-09,-3.8402428637e+06,-5.3574580857e-11,-5.3424192388e-13,-4.8029780260e-10,-1.6896721227e-11,3.8612129712e-15,-3.6882454808e-10,-7.7259742942e+01,3.0900558454e+00,-1.5167875750e+03,-3.6677859631e-11,-5.3810313685e-13,-1.1147325452e-10,-5.2032483569e-12,2.1478712372e-13,-1.9202140402e-11,1,6.0000000522e-03,1.5000000596e-01,1.9999999553e-02,6.0000000522e-03
1.0000000000e+17,-7.3566314329e-02,1.0394332521e-02,-8.6583541719e+00,-5.0122720322e+05,1.1241592308e+00,0.0000000000e+00,9.7581358597e-01,0.0000000000e+00,8.4127351598e+02,-1.0000000000e+17,4.0727403846e+00,-4.1480997510e-01,3.0577853753e-292,3.0000000000e+02,4.7999997934e-02,-2.0231744487e+13,-6.2615909950e+06,-1.4834564480e-01,1.0982635325e+03,0.0000000000e+00,3.0577853753e-292,1.4170000000e+03,1.3599457942e-03,2.1747962807e+06,9.9979768256e+16,0.0000000000e+00,0.0000000000e+00,4.7050000000e+02,4.5003934881e-17,7.9438945586e-09,-5.7603637918e+06,-6.2255820466e-11,5.9240884032e-12,-4.8959147729e-10,-2.2306229864e-11,4.8277820846e-15,-3.7051288323e-10,-9.9933065587e+01,2.5383267463e+00,-1.5368497647e+03,-3.9949590601e-11,5.9192606211e-12,-1.1907859406e-10,-5.5124969935e-12,7.2993101215e-13,-1.9695251516e-11,1,8.9999996126e-03,1.5000000596e-01,1.9999999553e-02,8.9999996126e-03
1.0000000000e+17,-9.9730179854e-02,1.2067419893e-02,-9.6013003700e+00,-6.6830296027e+05,1.1241592308e+00,0.0000000000e+00,9.7581184216e-01,0.0000000000e+00,1.1152914393e+03,-1.0000000000e+17,4.0727403846e+00,-4.1480823130e-01,4.0770467030e-292,3.0000000000e+02,6.4000000556e-02,-2.6975660726e+13,-8.3487882763e+06,-1.4834738861e-01,1.0791402824e+03,0.0000000000e+00,4.0770467030e-292,1.4170000000e+03,1.8132611187e-03,2.2067679108e+06,9.9973024339e+16,0.0000000000e+00,0.0000000000e+00,4.7050000000e+02,5.2351515062e-17,8.4742206543e-09,-7.6804853160e+06,-7.0937062769e-11,1.2382420735e-11,-4.9888515486e-10,-2.7715740182e-11,5.7943514979e-15,-3.7220121890e-10,-1.2260639527e+02,1.9865974760e+00,-1.5569119606e+03,-4.3221322588e-11,1.2376626384e-11,-1.2668393596e-10,-5.8217457260e-12,1.2450750605e-12,-2.0188362782e-11,1,1.2000000104e-02,1.5000000596e-01,1.9999999553e-02,1.2000000104e-02
1.0000000000e+17,-1.2589403726e-01,1.3740506744e-02,-1.0544246275e+01,-8.3537866545e+05,1.1241592308e+00,0.0000000000e+00,9.7581009836e-01,0.0000000000e+00,1.3893092776e+03,-1.0000000000e+17,4.0727403846e+00,-4.1480648749e-01,5.0963077143e-292,3.0000000000e+02,7.9999998212e-02,-3.3719574871e+13,-1.0435984910e+07,-1.4834913241e-01,1.0600170382e+03,0.0000000000e+00,5.0963077143e-292,1.4170000000e+03,2.2665763025e-03,2.2387395310e+06,9.9966280425e+16,0.0000000000e+00,0.0000000000e+00,4.7050000000e+02,5.9699092962e-17,9.0045465854e-09,-9.6006062441e+06,-7.9618302378e-11,1.8840751062e-11,-5.0817882955e-10,-3.3125248819e-11,6.7609206113e-15,-3.7388955406e-10,-1.4527971791e+02,1.4348683769e+00,-1.5769741503e+03,-4.6493053558e-11,1.8833990142e-11,-1.3428927550e-10,-6.1309943626e-12,1.7602189489e-12,-2.0681473895e-11,1,1.4999999665e-02,1.5000000596e-01,1.9999999553e-02,1.4999999665e-02
1.0000000000e+17,-1.5205789466e-01,1.5413593596e-02,-1.1487192181e+01,-1.0024543706e+06,1.1241592308e+00,0.0000000000e+00,9.7580835455e-01,0.0000000000e+00,1.6633271159e+03,-1.0000000000e+17,4.0727403846e+00,-4.1480474369e-01,6.1155687255e-292,3.0000000000e+02,9.5999995867e-02,-4.0463489016e+13,-1.2523181543e+07,-1.4835087622e-01,1.0408937940e+03,0.0000000000e+00,6.1155687255e-292,1.4170000000e+03,2.7198914863e-03,2.2707111513e+06,9.9959536511e+16,0.0000000000e+00,0.0000000000e+00,4.7050000000e+02,6.7046670862e-17,9.5348725164e-09,-1.1520727172e+07,-8.8299541986e-11,2.5299081389e-11,-5.1747250424e-10,-3.8534757457e-11,7.7274897246e-15,-3.7557788921e-10,-1.6795304056e+02,8.8313927784e-01,-1.5970363401e+03,-4.9764784529e-11,2.5291353900e-11,-1.4189461503e-10,-6.4402429991e-12,2.2753628374e-12,-2.1174585009e-11,1,1.7999999225e-02,1.5000000596e-01,1.9999999553e-02,1.7999999225e-02
1.0000000000e+17,-8.3838438247e-01,-2.2316785014e-01,-1.8572934478e+01,-1.1697560105e+06,1.1241592308e+00,0.0000000000e+00,9.7580399816e-01,0.0000000000e+00,1.5067918813e+04,-1.0000000000e+17,4.0727403846e+00,-4.1480038730e-01,5.3407497928e-233,3.0000000000e+02,1.0000000000e-01,-5.7298451263e+13,-1.4620174318e+07,-1.4835523261e-01,1.0217918078e+03,0.0000000000e+00,5.3407497928e-233,1.4170000000e+03,3.2167772850e-03,2.3518510921e+06,9.9942701549e+16,0.0000000000e+00,0.0000000000e+00,4.7050000000e+02,7.1638887376e-17,9.3916678478e-09,-1.3450418308e+07,-8.1333861503e-11,2.4045880089e-11,-5.1541069378e-10,-4.4642988766e-11,8.0631229512e-15,-3.7714146087e-10,-2.0070339925e+02,-8.6947225714e-01,-1.6514722506e+03,-3.6690872737e-11,2.4037816966e-11,-1.3826923291e-10,-4.9741162133e-12,2.3903179980e-12,-2.0241109755e-11,1,2.0999999717e-02,1.5000000596e-01,1.9999999553e-02,2.0999999717e-02
1.0000000000e+17,-1.7447633927e+00,-5.4183407519e-01,-2.7706283361e+01,-1.3371328946e+06,1.1241592308e+00,0.0000000000e+00,9.7579877090e-01,0.0000000000e+00,3.2849628882e+04,-1.0000000000e+17,4.0727403846e+00,-4.1479516004e-01,1.2461737990e-232,3.0000000000e+02,1.0000000000e-01,-7.7497099713e+13,-1.6720431633e+07,-1.4836045987e-01,1.0026969154e+03,0.0000000000e+00,1.2461737990e-232,1.4170000000e+03,3.7281864143e-03,2.4493804761e+06,9.9922502900e+16,0.0000000000e+00,0.0000000000e+00,4.7050000000e+02,7.5312677466e-17,9.0239540304e-09,-1.5383298738e+07,-6.9152633041e-11,2.0222149424e-11,-5.0956373267e-10,-5.0984146603e-11,8.1884437598e-15,-3.7866344149e-10,-2.3681284839e+02,-3.0223818268e+00,-1.7173660439e+03,-1.8168486438e-11,2.0213960980e-11,-1.3090029118e-10,-2.9162054210e-12,2.3718743963e-12,-1.8832105566e-11,1,2.4000000209e-02,1.5000000596e-01,1.9999999553e-02,2.4000000209e-02
1.0000000000e+17,-2.6511424028e+00,-8.6050030023e-01,-3.6839632245e+01,-1.5045097787e+06,1.1241592308e+00,0.0000000000e+00,9.7579354365e-01,0.0000000000e+00,5.0631338951e+04,-1.0000000000e+17,4.0727403846e+00,-4.1478993278e-01,1.9582726188e-232,3.0000000000e+02,1.0000000000e-01,-9.7695748163e+13,-1.8820688947e+07,-1.4836568712e-01,9.8360202305e+02,0.0000000000e+00,1.9582726188e-232,1.4170000000e+03,4.2395955437e-03,2.5469098601e+06,9.9902304252e+16,0.0000000000e+00,0.0000000000e+00,4.7050000000e+02,7.8986467557e-17,8.6562402129e-09,-1.7316179168e+07,-5.6971404580e-11,1.6398418759e-11,-5.0371677157e-10,-5.7325304440e-11,8.3137645684e-15,-3.8018542211e-10,-2.7292229752e+02,-5.1752913964e+00,-1.7832598372e+03,3.5389986058e-13,1.6390104994e-11,-1.2353134945e-10,-8.5829462866e-13,2.3534307947e-12,-1.7423101376e-11,1,2.7000000700e-02,1.5000000596e-01,1.9999999553e-02,2.7000000700e-02
1.0000000000e+17,-3.5575193928e+00,-1.1791662113e+00,-4.5972979895e+01,-1.6718865195e+06,1.1241592308e+00,0.0000000000e+00,9.7578831639e-01,0.0000000000e+00,6.8413235480e+04,-1.0000000000e+17,4.0727403846e+00,-4.1478470553e-01,2.6703699773e-232,3.0000000000e+02,1.0000000000e-01,-1.1789438534e+14,-2.0920944464e+07,-1.4837091438e-01,9.6450714707e+02,0.0000000000e+00,2.6703699773e-232,1.4170000000e+03,4.7510042188e-03,2.6444391718e+06,9.9882105615e+16,0.0000000000e+00,0.0000000000e+00,4.7050000000e+02,8.2660255880e-17,8.2885272849e-09,-1.9249057945e+07,-4.4790195730e-11,1.2574699436e-11,-4.9786979833e-10,-6.3666472154e-11,8.4390850772e-15,-3.8170739890e-10,-3.0903177905e+02,-7.3282023485e+00,-1.8491535614e+03,1.8876276424e-11,1.2566260351e-11,-1.1616239943e-10,1.1996170235e-12,2.3349897375e-12,-1.6014096344e-11,1,2.9999999329e-02,1.5000000596e-01,1.9999999553e-02,2.9999999329e-02
1.0000000000e+17,-4.4638984030e+00,-1.4978324363e+00,-5.5106328779e+01,-1.8392634036e+06,1.1241592308e+00,0.0000000000e+00,9.7578308913e-01,0.0000000000e+00,8.6194945550e+04,-1.0000000000e+17,4.0727403846e+00,-4.1477947827e-01,3.3824687970e-232,3.0000000000e+02,1.0000000000e-01,-1.3809303379e+14,-2.3021201779e+07,-1.4837614163e-01,9.4541225468e+02,0.0000000000e+00,3.3824687970e-232,1.4170000000e+03,5.2624133481e-03,2.7419685558e+06,9.9861906966e+16,0.0000000000e+00,0.0000000000e+00,4.7050000000e+02,8.6334045970e-17,7.9208134674e-09,-2.1181938375e+07,-3.2608967268e-11,8.7509687713e-12,-4.9202283722e-10,-7.0007629991e-11,8.5644058858e-15,-3.8322937952e-10,-3.4514122819e+02,-9.4811119181e+00,-1.9150473547e+03,3.7398662723e-11,8.7424043654e-12,-1.0879345770e-10,3.2575278158e-12,2.3165461359e-12,-1.4605092155e-11,1,3.2999999821e-02,1.5000000596e-01,1.9999999553e-02,3.2999999821e-02
1.0000000000e+17,-5.3702768504e+00,-1.8164984635e+00,-6.4239671992e+01,-2.0066401838e+06,1.1241592308e+00,0.0000000000e+00,9.7577786188e-01,0.0000000000e+00,1.0397664458e+05,-1.0000000000e+17,4.0727403846e+00,-4.1477425102e-01,4.0945671747e-232,3.0000000000e+02,1.0000000000e-01,-1.5829166970e+14,-2.5121457789e+07,-1.4838136889e-01,9.2631737414e+02,0.0000000000e+00,4.0945671747e-232,1.4170000000e+03,5.7738221599e-03,2.8394978793e+06,9.9841708330e+16,0.0000000000e+00,0.0000000000e+00,4.7050000000e+02,9.0007833780e-17,7.5530998783e-09,-2.3114817605e+07,-2.0427746370e-11,4.9272404805e-12,-4.8617587975e-10,-7.6348783891e-11,8.6897266166e-15,-3.8475135920e-10,-3.8125065491e+02,-1.1634020151e+01,-1.9809411070e+03,5.5921037522e-11,4.9185507538e-12,-1.0142452055e-10,5.3154373305e-12,2.2981025456e-12,-1.3196088841e-11,1,3.5999998450e-02,1.5000000596e-01,1.9999999553e-02,3.5999998450e-02
1.0000000000e+17,-2.9396440771e+00,-1.0498981175e+00,-8.4717895461e+01,-2.1730233375e+06,1.1241592308e+00,0.0000000000e+00,9.7576133686e-01,0.0000000000e+00,7.3673922795e+06,-9.9999999993e+16,4.0727403846e+00,-4.1475772600e-01,2.7883568577e-120,3.0000000000e+02,1.0000000000e-01,-2.2175229447e+14,-2.7256885415e+07,-1.4839789390e-01,9.0737100716e+02,0.0000000000e+00,2.7883568577e-120,1.4170000000e+03,6.3496545615e-03,2.9227018594e+06,9.9778247698e+16,0.0000000000e+00,0.0000000000e+00,4.7050000000e+02,9.3681632424e-17,7.4391755060e-09,-2.5083862077e+07,-2.1835510216e-11,2.1026146604e-13,-4.8363239166e-10,-8.3409585370e-11,8.2053331559e-15,-3.8503710445e-10,-4.2996908031e+02,-9.6861909999e+00,-2.0282884925e+03,6.1574075154e-11,2.0205613288e-13,-9.8595287215e-11,5.9743063842e-12,1.7914839519e-12,-1.2587838811e-11,1,3.9000000805e-02,1.5000000596e-01,1.9999999553e-02,3.9000000805e-02
1.0000000000e+17,2.8280010597e+00,8.0197315168e-01,-1.1654094164e+02,-2.3384123806e+06,1.1241592308e+00,0.0000000000e+00,9.7573351412e-01,0.0000000000e+00,2.1876427027e+07,-9.9999999978e+16,4.0727403846e+00,-4.1472990326e-01,8.3650650373e-120,3.0000000000e+02,1.0000000000e-01,-3.2847476570e+14,-2.9427478480e+07,-1.4842571665e-01,8.8857320898e+02,0.0000000000e+00,8.3650650373e-120,1.4170000000e+03,6.9899088941e-03,2.9915800947e+06,9.9671525212e+16,0.0000000000e+00,0.0000000000e+00,4.7050000000e+02,9.7355420233e-17,7.5790394683e-09,-2.7089066100e+07,-3.6832106091e-11,-5.3998661489e-12,-4.8439230699e-10,-9.1189994432e-11,7.1112309504e-15,-3.8408661194e-10,-4.9129625285e+02,-3.6376137352e+00,-2.0570892456e+03,5.4357888341e-11,-5.4069773798e-12,-1.0030569505e-10,5.2341470399e-12,7.9670412621e-13,-1.2780337853e-11,1,4.1999999434e-02,1.5000000596e-01,1.9999999553e-02,4.1999999434e-02
1.0000000000e+17,8.5956533586e+00,2.6538467205e+00,-1.4836402733e+02,-2.5038016291e+06,1.1241592308e+00,0.0000000000e+00,9.7570569135e-01,0.0000000000e+00,3.6385479792e+07,-9.9999999964e+16,4.0727403846e+00,-4.1470208048e-01,1.3941780142e-119,3.0000000000e+02,1.0000000000e-01,-4.3519736945e+14,-3.1598074241e+07,-1.4845353942e-01,8.6977538745e+02,0.0000000000e+00,1.3941780142e-119,1.4170000000e+03,7.6301640217e-03,3.0604584156e+06,9.9564802594e+16,0.0000000000e+00,0.0000000000e+00,4.7050000000e+02,1.0102921260e-16,7.7189036043e-09,-2.9094272612e+07,-5.1828720588e-11,-1.1010000730e-11,-4.8515222326e-10,-9.8970413156e-11,6.0171273863e-15,-3.8313611824e-10,-5.5262350155e+02,2.4109710403e+00,-2.0858900344e+03,4.7141692568e-11,-1.1016017858e-11,-1.0201610502e-10,4.4939867764e-12,-1.9807693480e-13,-1.2972837134e-11,1,4.5000001788e-02,1.5000000596e-01,1.9999999553e-02,4.5000001788e-02
1.0000000000e+17,1.4363298495e+01,4.5057179897e+00,-1.8018707351e+02,-2.6691906723e+06,1.1241592308e+00,0.0000000000e+00,9.7567786861e-01,0.0000000000e+00,5.0894514540e+07,-9.9999999949e+16,4.0727403846e+00,-4.1467425774e-01,1.9518488321e-119,3.0000000000e+02,1.0000000000e-01,-5.4191984068e+14,-3.3768667307e+07,-1.4848136216e-01,8.5097758926e+02,0.0000000000e+00,1.9518488321e-119,1.4170000000e+03,8.2704183542e-03,3.1293366509e+06,9.9458080108e+16,0.0000000000e+00,0.0000000000e+00,4.7050000000e+02,1.0470300041e-16,7.8587675666e-09,-3.1099476635e+07,-6.6825316463e-11,-1.6620128345e-11,-4.8591213859e-10,-1.0675082222e-10,4.9230251808e-15,-3.8218562573e-10,-6.1395067409e+02,8.4595483050e+00,-2.1146907875e+03,3.9925505755e-11,-1.6625051370e-11,-1.0372651285e-10,3.7538274320e-12,-1.1928567605e-12,-1.3165336175e-11,1,4.8000000417e-02,1.5000000596e-01,1.9999999553e-02,4.8000000417e-02
1.0000000000e+17,2.0130943632e+01,6.3575892589e+00,-2.1201011969e+02,-2.8345797154e+06,1.1241592308e+00,0.0000000000e+00,9.7565004587e-01,0.0000000000e+00,6.5403549288e+07,-9.9999999935e+16,4.0727403846e+00,-4.1464643500e-01,2.5095196501e-119,3.0000000000e+02,1.0000000000e-01,-6.4864231191e+14,-3.5939260373e+07,-1.4850918490e-01,8.3217979108e+02,0.0000000000e+00,2.5095196501e-119,1.4170000000e+03,8.9106726867e-03,3.1982148862e+06,9.9351357623e+16,0.0000000000e+00,0.0000000000e+00,4.7050000000e+02,1.0837678822e-16,7.9986315289e-09,-3.3104680658e+07,-8.1821912338e-11,-2.2230255960e-11,-4.8667205392e-10,-1.1453123128e-10,3.8289229753e-15,-3.8123513322e-10,-6.7527784663e+02,1.4508125570e+01,-2.1434915405e+03,3.2709318942e-11,-2.2234084883e-11,-1.0543692069e-10,3.0136680876e-12,-2.1876365863e-12,-1.3357835217e-11,1,5.0999999046e-02,1.5000000596e-01,1.9999999553e-02,5.0999999046e-02
1.0000000000e+17,2.5898595931e+01,8.2094628278e+00,-2.4383320538e+02,-2.9999689639e+06,1.1241592308e+00,0.0000000000e+00,9.7562222309e-01,0.0000000000e+00,7.9912602052e+07,-9.9999999920e+16,4.0727403846e+00,-4.1461861223e-01,3.0671911605e-119,3.0000000000e+02,1.0000000000e-01,-7.5536491566e+14,-3.8109856134e+07,-1.4853700768e-01,8.1338196955e+02,0.0000000000e+00,3.0671911605e-119,1.4170000000e+03,9.5509278143e-03,3.2670932071e+06,9.9244635004e+16,0.0000000000e+00,0.0000000000e+00,4.7050000000e+02,1.1205058060e-16,8.1384956648e-09,-3.5109887170e+07,-9.6818526836e-11,-2.7840390541e-11,-4.8743197019e-10,-1.2231165000e-10,2.7348194112e-15,-3.8028463953e-10,-7.3660509533e+02,2.0556710345e+01,-2.1722923294e+03,2.5493123168e-11,-2.7843125361e-11,-1.0714733066e-10,2.2735078241e-12,-3.1824176473e-12,-1.3550334498e-11,1,5.4000001401e-02,1.5000000596e-01,1.9999999553e-02,5.4000001401e-02
1.0000000000e+17,3.1666241068e+01,1.0061334097e+01,-2.7565625156e+02,-3.1653580070e+06,1.1241592308e+00,0.0000000000e+00,9.7559440035e-01,0.0000000000e+00,9.4421636800e+07,-9.9999999906e+16,4.0727403846e+00,-4.1459078948e-01,3.6248619785e-119,3.0000000000e+02,1.0000000000e-01,-8.6208738689e+14,-4.0280449200e+07,-1.4856483042e-01,7.9458417136e+02,0.0000000000e+00,3.6248619785e-119,1.4170000000e+03,1.0191182147e-02,3.3359714424e+06,9.9137912519e+16,0.0000000000e+00,0.0000000000e+00,4.7050000000e+02,1.1572436840e-16,8.2783596271e-09,-3.7115091193e+07,-1.1181512271e-10,-3.3450518156e-11,-4.8819188551e-10,-1.3009205907e-10,1.6407172057e-15,-3.7933414702e-10,-7.9793226787e+02,2.6605287610e+01,-2.2010930824e+03,1.8276936356e-11,-3.3452158874e-11,-1.0885773849e-10,1.5333484797e-12,-4.1771974730e-12,-1.3742833540e-11,1,5.7000000030e-02,1.5000000596e-01,1.9999999553e-02,5.7000000030e-02
1.0000000000e+17,3.7433886205e+01,1.1913205366e+01,-3.0747929774e+02,-3.3307470501e+06,1.1241592308e+00,0.0000000000e+00,9.7556657761e-01,0.0000000000e+00,1.0893067155e+08,-9.9999999891e+16,4.0727403846e+00,-4.1456296674e-01,4.1825327965e-119,3.0000000000e+02,1.0000000000e-01,-9.6880985812e+14,-4.2451042266e+07,-1.4859265316e-01,7.7578637318e+02,0.0000000000e+00,4.1825327965e-119,1.4170000000e+03,1.0831436479e-02,3.4048496777e+06,9.9031190033e+16,0.0000000000e+00,0.0000000000e+00,4.7050000000e+02,1.1939815621e-16,8.4182235894e-09,-3.9120295216e+07,-1.2681171859e-10,-3.9060645771e-11,-4.8895180084e-10,-1.3787246813e-10,5.4661500019e-16,-3.7838365451e-10,-8.5925944041e+02,3.2653864874e+01,-2.2298938355e+03,1.1060749543e-11,-3.9061192386e-11,-1.1056814633e-10,7.9318913531e-13,-5.1719772987e-12,-1.3935332582e-11,1,5.9999998659e-02,1.5000000596e-01,1.9999999553e-02,5.9999998659e-02
1.0000000000e+17,4.3201538503e+01,1.3765078935e+01,-3.3930238343e+02,-3.4961362986e+06,1.1241592308e+00,0.0000000000e+00,9.7553875483e-01,0.0000000000e+00,1.2343972431e+08,-9.9999999877e+16,4.0727403846e+00,-4.1453514397e-01,4.7402043069e-119,3.0000000000e+02,1.0000000000e-01,-1.0755324619e+15,-4.4621638027e+07,-1.4862047594e-01,7.5698855165e+02,0.0000000000e+00,4.7402043069e-119,1.4170000000e+03,1.1471691607e-02,3.4737279986e+06,9.8924467415e+16,0.0000000000e+00,0.0000000000e+00,4.7050000000e+02,1.2307194859e-16,8.5580877254e-09,-4.1125501728e+07,-1.4180833308e-10,-4.4670780353e-11,-4.8971171711e-10,-1.4565288685e-10,-5.4748856392e-16,-3.7743316082e-10,-9.2058668911e+02,3.8702449650e+01,-2.2586946243e+03,3.8445537691e-12,-4.4670232864e-11,-1.1227855630e-10,5.3028871821e-14,-6.1667583597e-12,-1.4127831862e-11,1,6.3000001013e-02,1.5000000596e-01,1.9999999553e-02,6.3000001013e-02
1.0000000000e+17,4.8969183640e+01,1.5616950204e+01,-3.7112542961e+02,-3.6615253417e+06,1.1241592308e+00,0.0000000000e+00,9.7551093209e-01,0.0000000000e+00,1.3794875906e+08,-9.9999999862e+16,4.0727403846e+00,-4.1450732123e-01,5.2978751249e-119,3.0000000000e+02,1.0000000000e-01,-1.1822549331e+15,-4.6792231093e+07,-1.4864829868e-01,7.3819075346e+02,0.0000000000e+00,5.2978751249e-119,1.4170000000e+03,1.2111945940e-02,3.5426062339e+06,9.8817744929e+16,0.0000000000e+00,0.0000000000e+00,4.7050000000e+02,1.2674573640e-16,8.6979516876e-09,-4.3130705751e+07,-1.5680492896e-10,-5.0280907967e-11,-4.9047163244e-10,-1.5343329591e-10,-1.6415907694e-15,-3.7648266831e-10,-9.8191386165e+02,4.4751026915e+01,-2.2874953774e+03,-3.3716330438e-12,-5.0279266377e-11,-1.1398896413e-10,-6.8713047257e-13,-7.1615381854e-12,-1.4320330904e-11,1,6.5999999642e-02,1.5000000596e-01,1.9999999553e-02,6.5999999642e-02
1.0000000000e+17,5.4736828777e+01,1.7468821473e+01,-4.0294847579e+02,-3.8269143848e+06,1.1241592308e+00,0.0000000000e+00,9.7548310935e-01,0.0000000000e+00,1.5245779381e+08,-9.9999999848e+16,4.0727403846e+00,-4.1447949849e-01,5.8555459428e-119,3.0000000000e+02,1.0000000000e-01,-1.2889774043e+15,-4.8962824158e+07,-1.4867612142e-01,7.1939295528e+02,0.0000000000e+00,5.8555459428e-119,1.4170000000e+03,1.2752200272e-02,3.6114844692e+06,9.8711022443e+16,0.0000000000e+00,0.0000000000e+00,4.7050000000e+02,1.3041952420e-16,8.8378156499e-09,-4.5135909774e+07,-1.7180152483e-10,-5.5891035582e-11,-4.9123154777e-10,-1.6121370498e-10,-2.7356929749e-15,-3.7553217579e-10,-1.0432410342e+03,5.0799604179e+01,-2.3162961304e+03,-1.0587819857e-11,-5.5888299889e-11,-1.1569937197e-10,-1.4272898170e-12,-8.1563180112e-12,-1.4512829946e-11,1,6.8999998271e-02,1.5000000596e-01,1.9999999553e-02,6.8999998271e-02
1.0000000000e+17,6.0504473914e+01,1.9320692743e+01,-4.3477152196e+02,-3.9923034280e+06,1.1241592308e+00,0.0000000000e+00,9.7545528661e-01,0.0000000000e+00,1.6696682856e+08,-9.9999999833e+16,4.0727403846e+00,-4.1445167574e-01,6.4132167608e-119,3.0000000000e+02,1.0000000000e-01,-1.3956998756e+15,-5.1133417224e+07,-1.4870394416e-01,7.0059515709e+02,0.0000000000e+00,6.4132167608e-119,1.4170000000e+03,1.3392454605e-02,3.6803627045e+06,9.8604299957e+16,0.0000000000e+00,0.0000000000e+00,4.7050000000e+02,1.3409331201e-16,8.9776796122e-09,-4.7141113796e+07,-1.8679812071e-10,-6.1501163197e-11,-4.9199146309e-10,-1.6899411404e-10,-3.8297951804e-15,-3.7458168328e-10,-1.1045682067e+03,5.6848181444e+01,-2.3450968835e+03,-1.7804006669e-11,-6.1497333402e-11,-1.1740977981e-10,-2.1674491613e-12,-9.1510978369e-12,-1.4705328988e-11,1,7.1999996901e-02,1.5000000596e-01,1.9999999553e-02,7.1999996901e-02
1.0000000000e+17,6.6272060773e+01,2.1172475594e+01,-4.6659493844e+02,-4.1576928962e+06,1.1241592308e+00,0.0000000000e+00,9.7542746355e-01,0.0000000000e+00,1.8148318325e+08,-9.9999999819e+16,4.0727403846e+00,-4.1442385269e-01,4.4433356139e-50,3.0000000000e+02,1.0000000000e-01,-1.5024234959e+15,-5.3304017333e+07,-1.4873176722e-01,6.8179730789e+02,0.0000000000e+00,4.4433356139e-50,1.4170000000e+03,1.4032711257e-02,3.7492414018e+06,9.8497576323e+16,0.0000000000e+00,0.0000000000e+00,4.7050000000e+02,1.3776711625e-16,9.1175446607e-09,-4.9146324436e+07,-2.0179473791e-10,-6.7111281734e-11,-4.9275138840e-10,-1.7677454518e-10,-4.9238083708e-15,-3.7363119939e-10,-1.1658955664e+03,6.2896745035e+01,-2.3738978487e+03,-2.5020192730e-11,-6.7106357926e-11,-1.1912018901e-10,-2.9076090734e-12,-1.0145877204e-11,-1.4897830095e-11,1,7.5000002980e-02,1.5000000596e-01,1.9999999553e-02,7.5000002980e-02
1.0000000000e+17,6.2026880892e+00,-7.0068370576e+01,-7.8549100388e+02,-4.2669814747e+06,1.1241592308e+00,0.0000000000e+00,9.7516627507e-01,0.0000000000e+00,6.5592881103e+09,-9.9999993441e+16,4.0727403846e+00,-4.1416266421e-01,4.4728104765e-44,3.0000000000e+02,1.0000000000e-01,-2.4372885636e+15,-5.6137089863e+07,-1.4899295570e-01,6.6719417072e+02,0.0000000000e+00,4.4728104765e-44,1.4170000000e+03,1.4938358945e-02,4.0041741125e+06,9.7562704877e+16,0.0000000000e+00,0.0000000000e+00,4.7050000000e+02,1.4511469187e-16,9.7629986923e-09,-5.1870108388e+07,-2.3379361030e-10,-6.4589760741e-11,-5.0299525863e-10,-2.0423689284e-10,8.3790819520e-14,-3.8020574524e-10,-1.3397278059e+03,5.1063963339e+01,-2.4641255789e+03,-2.9556717467e-11,-6.4673551561e-11,-1.2278951339e-10,-4.0422117442e-12,-1.0020508710e-11,-1.6573333340e-11,1,7.8000001609e-02,1.5000000596e-01,1.9999999553e-02,7.8000001609e-02
1.0000000000e+17,-5.3866684595e+01,-1.6130921675e+02,-1.1043870693e+03,-4.3762700532e+06,1.1241592308e+00,0.0000000000e+00,9.7490508659e-01,0.0000000000e+00,1.2937093037e+10,-9.9999987063e+16,4.0727403846e+00,-4.1390147572e-01,8.9456165098e-44,3.0000000000e+02,1.0000000000e-01,-3.3721536314e+15,-5.8970162393e+07,-1.4925414418e-01,6.5259103356e+02,0.0000000000e+00,8.9456165098e-44,1.4170000000e+03,1.5844006633e-02,4.2591068232e+06,9.6627833432e+16,0.0000000000e+00,0.0000000000e+00,4.7050000000e+02,1.5246226748e-16,1.0408452724e-08,-5.4593892339e+07,-2.6579248270e-10,-6.2068239748e-11,-5.1323912886e-10,-2.3169924050e-10,1.7250544741e-13,-3.8678029110e-10,-1.5135600453e+03,3.9231181642e+01,-2.5543533092e+03,-3.4093242204e-11,-6.2240745195e-11,-1.2645883776e-10,-5.1768144149e-12,-9.8951402155e-12,-1.8248836585e-11,1,8.1000000238e-02,1.5000000596e-01,1.9999999553e-02,8.1000000238e-02
1.0000000000e+17,-1.1393605728e+02,-2.5255006292e+02,-1.4232831348e+03,-4.4855586317e+06,1.1241592308e+00,0.0000000000e+00,9.7464389811e-01,0.0000000000e+00,1.9314897964e+10,-9.9999980685e+16,4.0727403846e+00,-4.1364028724e-01,1.3418422543e-43,3.0000000000e+02,1.0000000000e-01,-4.3070186991e+15,-6.1803234923e+07,-1.4951533266e-01,6.3798789640e+02,0.0000000000e+00,1.3418422543e-43,1.4170000000e+03,1.6749654321e-02,4.5140395340e+06,9.5692961986e+16,0.0000000000e+00,0.0000000000e+00,4.7050000000e+02,1.5980984310e-16,1.1053906755e-08,-5.7317676291e+07,-2.9779135510e-10,-5.9546718755e-11,-5.2348299909e-10,-2.5916158816e-10,2.6122007530e-13,-3.9335483695e-10,-1.6873922848e+03,2.7398399945e+01,-2.6445810394e+03,-3.8629766940e-11,-5.9807938830e-11,-1.3012816213e-10,-6.3114170857e-12,-9.7697717213e-12,-1.9924339830e-11,1,8.3999998868e-02,1.5000000596e-01,1.9999999553e-02,8.3999998868e-02
1.0000000000e+17,-1.7400542996e+02,-3.4379090909e+02,-1.7421792002e+03,-4.5948472102e+06,1.1241592308e+00,0.0000000000e+00,9.7438270963e-01,0.0000000000e+00,2.5692702891e+10,-9.9999974307e+16,4.0727403846e+00,-4.1337909876e-01,1.7891228576e-43,3.0000000000e+02,1.0000000000e-01,-5.2418837669e+15,-6.4636307453e+07,-1.4977652114e-01,6.2338475923e+02,0.0000000000e+00,1.7891228576e-43,1.4170000000e+03,1.7655302008e-02,4.7689722447e+06,9.4758090540e+16,0.0000000000e+00,0.0000000000e+00,4.7050000000e+02,1.6715741872e-16,1.1699360787e-08,-6.0041460243e+07,-3.2979022750e-10,-5.7025197761e-11,-5.3372686932e-10,-2.8662393582e-10,3.4993470319e-13,-3.9992938281e-10,-1.8612245243e+03,1.5565618249e+01,-2.7348087696e+03,-4.3166291677e-11,-5.7375132465e-11,-1.3379748651e-10,-7.4460197565e-12,-9.6444032271e-12,-2.1599843075e-11,1,8.6999997497e-02,1.5000000596e-01,1.9999999553e-02,8.6999997497e-02
1.0000000000e+17,-2.3407495183e+02,-4.3503198185e+02,-2.0610760576e+03,-4.7041360602e+06,1.1241592308e+00,0.0000000000e+00,9.7412152050e-01,0.0000000000e+00,3.2070523658e+10,-9.9999967929e+16,4.0727403846e+00,-4.1311790963e-01,2.2364045718e-43,3.0000000000e+02,1.0000000000e-01,-6.1767511564e+15,-6.7469387019e+07,-1.5003771027e-01,6.0878158580e+02,0.0000000000e+00,2.2364045718e-43,1.4170000000e+03,1.8560951946e-02,5.0239055885e+06,9.3823216773e+16,0.0000000000e+00,0.0000000000e+00,4.7050000000e+02,1.7450501259e-16,1.2344816422e-08,-6.2765250959e+07,-3.6178917937e-10,-5.4503670506e-11,-5.4397076499e-10,-3.1408635169e-10,4.3864955141e-13,-4.0650394499e-10,-2.0350571955e+03,3.7328071651e+00,-2.8250367239e+03,-4.7702827680e-11,-5.4942320057e-11,-1.3746681999e-10,-8.5806252451e-12,-9.5190344216e-12,-2.3275350481e-11,1,9.0000003576e-02,1.5000000596e-01,1.9999999553e-02,9.0000003576e-02
1.0000000000e+17,-2.9414432451e+02,-5.2627282802e+02,-2.3799721231e+03,-4.8134246387e+06,1.1241592308e+00,0.0000000000e+00,9.7386033202e-01,0.0000000000e+00,3.8448328585e+10,-9.9999961552e+16,4.0727403846e+00,-4.1285672115e-01,2.6836851751e-43,3.0000000000e+02,1.0000000000e-01,-7.1116162242e+15,-7.0302459549e+07,-1.5029889875e-01,5.9417844864e+02,0.0000000000e+00,2.6836851751e-43,1.4170000000e+03,1.9466599634e-02,5.2788382992e+06,9.2888345328e+16,0.0000000000e+00,0.0000000000e+00,4.7050000000e+02,1.8185258821e-16,1.2990270453e-08,-6.5489034910e+07,-3.9378805177e-10,-5.1982149513e-11,-5.5421463521e-10,-3.4154869935e-10,5.2736417930e-13,-4.1307849085e-10,-2.2088894349e+03,-8.0999745315e+00,-2.9152644542e+03,-5.2239352417e-11,-5.2509513692e-11,-1.4113614437e-10,-9.7152279158e-12,-9.3936659274e-12,-2.4950853726e-11,1,9.3000002205e-02,1.5000000596e-01,1.9999999553e-02,9.3000002205e-02
1.0000000000e+17,-3.4847546992e+02,-5.0909401924e+02,-2.7109978043e+03,-4.9226869277e+06,1.1241592308e+00,0.0000000000e+00,9.7359903675e-01,0.0000000000e+00,4.4826133512e+10,-9.9999955174e+16,4.0727403846e+00,-4.1259542588e-01,3.1310812685e-43,3.0000000000e+02,1.0000000000e-01,-8.0468352937e+15,-7.3135794622e+07,-1.5056019402e-01,5.7957798449e+02,0.0000000000e+00,3.1310812685e-43,1.4170000000e+03,2.0372213358e-02,5.5354292221e+06,9.1953119880e+16,0.0000000000e+00,0.0000000000e+00,4.7050000000e+02,1.8782248887e-16,1.3477311568e-08,-6.8213107694e+07,-4.2405737996e-10,-4.8265265497e-11,-5.6205958955e-10,-3.6904345773e-10,5.5143936206e-13,-4.1854530631e-10,-2.3863817436e+03,-2.4414883299e+01,-3.0131677718e+03,-5.5013922227e-11,-4.8816704859e-11,-1.4351428324e-10,-1.0444917839e-11,-8.9365298134e-12,-2.6285395489e-11,1,9.6000000834e-02,1.5000000596e-01,1.9999999553e-02,9.6000000834e-02
1.0000000000e+17,-4.0089389808e+02,-4.5577580117e+02,-3.0460666375e+03,-5.0319404537e+06,1.1241592308e+00,0.0000000000e+00,9.7333770588e-01,0.0000000000e+00,5.1203938439e+10,-9.9999948796e+16,4.0727403846e+00,-4.1233409501e-01,3.5785158581e-43,3.0000000000e+02,1.0000000000e-01,-8.9821723623e+15,-7.5969217207e+07,-1.5082152489e-01,5.6497841133e+02,0.0000000000e+00,3.5785158581e-43,1.4170000000e+03,2.1277815761e-02,5.7925728752e+06,9.1017776434e+16,0.0000000000e+00,0.0000000000e+00,4.7050000000e+02,1.9333317058e-16,1.3911549072e-08,-7.0937276754e+07,-4.5375020100e-10,-4.4149932385e-11,-5.6910491577e-10,-3.9654901954e-10,5.5396834673e-13,-4.2364288317e-10,-2.5650940592e+03,-4.2223814757e+01,-3.1136295849e+03,-5.7201181459e-11,-4.4703900732e-11,-1.4546203261e-10,-1.1039638622e-11,-8.3688059486e-12,-2.7506284921e-11,1,9.8999999464e-02,1.5000000596e-01,1.9999999553e-02,9.8999999464e-02
1.0000000000e+17,-4.5331232624e+02,-4.0245758311e+02,-3.3811354707e+03,-5.1411939796e+06,1.1241592308e+00,0.0000000000e+00,9.7307637501e-01,0.0000000000e+00,5.7581743366e+10,-9.9999942418e+16,4.0727403846e+00,-4.1207276414e-01,4.0259504477e-43,3.0000000000e+02,1.0000000000e-01,-9.9175094308e+15,-7.8802639793e+07,-1.5108285576e-01,5.5037883817e+02,0.0000000000e+00,4.0259504477e-43,1.4170000000e+03,2.2183418163e-02,6.0497165283e+06,9.0082432987e+16,0.0000000000e+00,0.0000000000e+00,4.7050000000e+02,1.9884385229e-16,1.4345786576e-08,-7.3661445813e+07,-4.8344302204e-10,-4.0034599273e-11,-5.7615024200e-10,-4.2405458135e-10,5.5649733139e-13,-4.2874046002e-10,-2.7438063748e+03,-6.0032746215e+01,-3.2140913981e+03,-5.9388440691e-11,-4.0591096605e-11,-1.4740978198e-10,-1.1634359405e-11,-7.8010820837e-12,-2.8727174353e-11,1,1.0199999809e-01,1.5000000596e-01,1.9999999553e-02,1.0199999809e-01
1.0000000000e+17,-5.0573075440e+02,-3.4913936504e+02,-3.7162043040e+03,-5.2504475056e+06,1.1241592308e+00,0.0000000000e+00,9.7281504414e-01,0.0000000000e+00,6.3959548293e+10,-9.9999936040e+16,4.0727403846e+00,-4.1181143327e-01,4.4733850373e-43,3.0000000000e+02,1.0000000000e-01,-1.0852846499e+16,-8.1636062379e+07,-1.5134418663e-01,5.3577926501e+02,0.0000000000e+00,4.4733850373e-43,1.4170000000e+03,2.3089020566e-02,6.3068601814e+06,8.9147089541e+16,0.0000000000e+00,0.0000000000e+00,4.7050000000e+02,2.0435453401e-16,1.4780024080e-08,-7.6385614873e+07,-5.1313584309e-10,-3.5919266162e-11,-5.8319556823e-10,-4.5156014316e-10,5.5902631605e-13,-4.3383803688e-10,-2.9225186905e+03,-7.7841677674e+01,-3.3145532112e+03,-6.1575699923e-11,-3.6478292478e-11,-1.4935753135e-10,-1.2229080188e-11,-7.2333582188e-12,-2.9948063785e-11,1,1.0499999672e-01,1.5000000596e-01,1.9999999553e-02,1.0499999672e-01
1.0000000000e+17,-5.5814931274e+02,-2.9582101455e+02,-4.0512739693e+03,-5.3597013029e+06,1.1241592308e+00,0.0000000000e+00,9.7255371262e-01,0.0000000000e+00,7.0337369059e+10,-9.9999929663e+16,4.0727403846e+00,-4.1155010175e-01,4.9208207381e-43,3.0000000000e+02,1.0000000000e-01,-1.1788185891e+16,-8.4469492001e+07,-1.5160551815e-01,5.2117965560e+02,0.0000000000e+00,4.9208207381e-43,1.4170000000e+03,2.3994625218e-02,6.5640044731e+06,8.8211743772e+16,0.0000000000e+00,0.0000000000e+00,4.7050000000e+02,2.0986522941e-16,1.5214262663e-08,-7.9109790698e+07,-5.4282873787e-10,-3.1803922829e-11,-5.9024091195e-10,-4.7906577328e-10,5.6155530700e-13,-4.3893562640e-10,-3.1012314500e+03,-9.5650653361e+01,-3.4150152738e+03,-6.3762964587e-11,-3.2365478136e-11,-1.5130528555e-10,-1.2823802449e-11,-6.6656329440e-12,-3.1168956249e-11,1,1.0800000280e-01,1.5000000596e-01,1.9999999553e-02,1.0800000280e-01
1.0000000000e+17,-6.1056774090e+02,-2.4250279648e+02,-4.3863428026e+03,-5.4689548288e+06,1.1241592308e+00,0.0000000000e+00,9.7229238175e-01,0.0000000000e+00,7.6715173986e+10,-9.9999923285e+16,4.0727403846e+00,-4.1128877089e-01,5.3682553277e-43,3.0000000000e+02,1.0000000000e-01,-1.2723522959e+16,-8.7302914587e+07,-1.5186684902e-01,5.0658008244e+02,0.0000000000e+00,5.3682553277e-43,1.4170000000e+03,2.4900227621e-02,6.8211481261e+06,8.7276400325e+16,0.0000000000e+00,0.0000000000e+00,4.7050000000e+02,2.1537591112e-16,1.5648500167e-08,-8.1833959758e+07,-5.7252155891e-10,-2.7688589718e-11,-5.9728623818e-10,-5.0657133510e-10,5.6408429166e-13,-4.4403320325e-10,-3.2799437656e+03,-1.1345958482e+02,-3.5154770869e+03,-6.5950223819e-11,-2.8252674009e-11,-1.5325303492e-10,-1.3418523232e-11,-6.0979090791e-12,-3.2389845681e-11,1,1.1100000143e-01,1.5000000596e-01,1.9999999553e-02,1.1100000143e-01
1.0000000000e+17,-5.5052560163e+02,-1.7703752070e+02,-5.0491042591e+03,-5.4006086748e+06,1.1241592308e+00,0.0000000000e+00,9.7105971690e-01,0.0000000000e+00,4.6209542669e+11,-9.9999537905e+16,4.0727403846e+00,-4.1005610604e-01,5.2402276502e-34,3.0000000000e+02,1.0000000000e-01,-1.5466957895e+16,-9.7091473819e+07,-1.5309951387e-01,5.1565629198e+02,0.0000000000e+00,5.2402276502e-34,1.4170000000e+03,2.5835795536e-02,7.1302277312e+06,8.4532580010e+16,0.0000000000e+00,0.0000000000e+00,4.7050000000e+02,2.2410118066e-16,1.7234324170e-08,-9.1690865144e+07,-6.7970411859e-10,-2.4582725963e-11,-6.0633566953e-10,-6.1302092881e-10,5.0282363401e-13,-4.5253987840e-10,-3.5507385038e+03,-1.1837741089e+02,-3.5334800307e+03,-6.6683189777e-11,-2.5085549597e-11,-1.5379579113e-10,-1.3847216538e-11,-5.0055788704e-12,-3.6852535406e-11,1,1.1400000006e-01,1.5000000596e-01,1.9999999553e-02,1.1400000006e-01
1.0000000000e+17,-3.7802125197e+02,-9.9424357350e+01,-6.0395596421e+03,-5.1546632487e+06,1.1241592308e+00,0.0000000000e+00,9.6885572079e-01,0.0000000000e+00,1.2264445451e+12,-9.9998773555e+16,4.0727403846e+00,-4.0785210992e-01,5.2402276520e-34,3.0000000000e+02,1.0000000000e-01,-2.0018487114e+16,-1.1383511455e+08,-1.5530350998e-01,5.4840846591e+02,0.0000000000e+00,5.2402276520e-34,1.4170000000e+03,2.6801319808e-02,7.4912438345e+06,7.9980286441e+16,0.0000000000e+00,0.0000000000e+00,4.7050000000e+02,2.3604099105e-16,1.9971723895e-08,-1.0868045131e+08,-8.6437688986e-10,-2.2486327747e-11,-6.1738907960e-10,-7.9841500124e-10,3.7777161930e-13,-4.6445551620e-10,-3.9136159096e+03,-1.1040426462e+02,-3.4690229102e+03,-6.5961888617e-11,-2.2864099366e-11,-1.5293356339e-10,-1.4109879271e-11,-3.3886357488e-12,-4.4557017546e-11,1,1.1699999869e-01,1.5000000596e-01,1.9999999553e-02,1.1699999869e-01
1.0000000000e+17,-2.0551690230e+02,-2.1811194002e+01,-7.0300150252e+03,-4.9087178226e+06,1.1241592308e+00,0.0000000000e+00,9.6665172467e-01,0.0000000000e+00,1.9907936636e+12,-9.9998009206e+16,4.0727403846e+00,-4.0564811381e-01,5.2402276538e-34,3.0000000000e+02,1.0000000000e-01,-2.4570016334e+16,-1.3057875529e+08,-1.5750750610e-01,5.8116063983e+02,0.0000000000e+00,5.2402276538e-34,1.4170000000e+03,2.7766844081e-02,7.8522599379e+06,7.5427992872e+16,0.0000000000e+00,0.0000000000e+00,4.7050000000e+02,2.4798080143e-16,2.2709123620e-08,-1.2567003747e+08,-1.0490496611e-09,-2.0389929531e-11,-6.2844248966e-10,-9.8380907367e-10,2.5271960459e-13,-4.7637115400e-10,-4.2764933154e+03,-1.0243111835e+02,-3.4045657898e+03,-6.5240587458e-11,-2.0642649136e-11,-1.5207133566e-10,-1.4372542005e-11,-1.7716926272e-12,-5.2261499685e-11,1,1.1999999732e-01,1.5000000596e-01,1.9999999553e-02,1.1999999732e-01
1.0000000000e+17,-3.3012124221e+01,5.5802162100e+01,-8.0204728680e+03,-4.6627717856e+06,1.1241592308e+00,0.0000000000e+00,9.6444772308e-01,0.0000000000e+00,2.7551446803e+12,-9.9997244855e+16,4.0727403846e+00,-4.0344411222e-01,5.2402276557e-34,3.0000000000e+02,1.0000000000e-01,-2.9121556858e+16,-1.4732243761e+08,-1.5971150769e-01,6.1391289509e+02,0.0000000000e+00,5.2402276557e-34,1.4170000000e+03,2.8732370751e-02,8.2132769378e+06,7.0875687998e+16,0.0000000000e+00,0.0000000000e+00,4.7050000000e+02,2.5992064146e-16,2.5446530143e-08,-1.4265966582e+08,-1.2337228910e-09,-1.8293526109e-11,-6.3949592717e-10,-1.1692036065e-09,1.2766727931e-13,-4.8828682139e-10,-4.6393716224e+03,-9.4457952279e+01,-3.3401085093e+03,-6.4519284507e-11,-1.8421193388e-11,-1.5120910578e-10,-1.4635205390e-11,-1.5474548987e-13,-5.9966000959e-11,1,1.2300000340e-01,1.5000000596e-01,1.9999999553e-02,1.2300000340e-01
1.0000000000e+17,1.3949222544e+02,1.3341532545e+02,-9.0109282511e+03,-4.4168263595e+06,1.1241592308e+00,0.0000000000e+00,9.6224372697e-01,0.0000000000e+00,3.5194937988e+12,-9.9996480506e+16,4.0727403846e+00,-4.0124011610e-01,5.2402276575e-34,3.0000000000e+02,1.0000000000e-01,-3.3673086077e+16,-1.6406607834e+08,-1.6191550380e-01,6.4666506902e+02,0.0000000000e+00,5.2402276575e-34,1.4170000000e+03,2.9697895024e-02,8.5742930411e+06,6.6323394429e+16,0.0000000000e+00,0.0000000000e+00,4.7050000000e+02,2.7186045184e-16,2.8183929868e-08,-1.5964925198e+08,-1.4183956623e-09,-1.6197127893e-11,-6.5054933723e-10,-1.3545976790e-09,2.6152646075e-15,-5.0020245919e-10,-5.0022490281e+03,-8.6484806010e+01,-3.2756513888e+03,-6.3797983347e-11,-1.6199743158e-11,-1.5034687804e-10,-1.4897868123e-11,1.4621976317e-12,-6.7670483098e-11,1,1.2600000203e-01,1.5000000596e-01,1.9999999553e-02,1.2600000203e-01
1.0000000000e+17,3.1199614669e+02,2.1102829604e+02,-1.0001381174e+04,-4.1708815442e+06,1.1241592308e+00,0.0000000000e+00,9.6003973633e-01,0.0000000000e+00,4.2838410190e+12,-9.9995716159e+16,4.0727403846e+00,-3.9903612546e-01,5.2402276594e-34,3.0000000000e+02,1.0000000000e-01,-3.8224603993e+16,-1.8080967750e+08,-1.6411949444e-01,6.7941716160e+02,0.0000000000e+00,5.2402276594e-34,1.4170000000e+03,3.0663416899e-02,8.9353082479e+06,6.1771112166e+16,0.0000000000e+00,0.0000000000e+00,4.7050000000e+02,2.8380023257e-16,3.0921322795e-08,-1.7663879595e+08,-1.6030679749e-09,-1.4100734884e-11,-6.6160271984e-10,-1.5399912910e-09,-1.2243643953e-13,-5.1211806740e-10,-5.3651255327e+03,-7.8511679542e+01,-3.2111944285e+03,-6.3076683978e-11,-1.3978298444e-11,-1.4948465244e-10,-1.5160530204e-11,3.0791367376e-12,-7.5374946103e-11,1,1.2899999321e-01,1.5000000596e-01,1.9999999553e-02,1.2899999321e-01
1.0000000000e+17,4.8450092477e+02,2.8864165214e+02,-1.0991839017e+04,-3.9249355072e+06,1.1241592308e+00,0.0000000000e+00,9.5783573474e-01,0.0000000000e+00,5.0481920357e+12,-9.9994951808e+16,4.0727403846e+00,-3.9683212387e-01,5.2402276612e-34,3.0000000000e+02,1.0000000000e-01,-4.2776144517e+16,-1.9755335981e+08,-1.6632349603e-01,7.1216941686e+02,0.0000000000e+00,5.2402276612e-34,1.4170000000e+03,3.1628943569e-02,9.2963252478e+06,5.7218807291e+16,0.0000000000e+00,0.0000000000e+00,4.7050000000e+02,2.9574007260e-16,3.3658729318e-08,-1.9362842431e+08,-1.7877412048e-09,-1.2004331461e-11,-6.7265615736e-10,-1.7253858238e-09,-2.4748876481e-13,-5.2403373479e-10,-5.7280038397e+03,-7.0538513471e+01,-3.1467371480e+03,-6.2355381027e-11,-1.1756842697e-11,-1.4862242257e-10,-1.5423193590e-11,4.6960838750e-12,-8.3079447376e-11,1,1.3199999928e-01,1.5000000596e-01,1.9999999553e-02,1.3199999928e-01
1.0000000000e+17,6.5700570285e+02,3.6625500825e+02,-1.1982296860e+04,-3.6789894703e+06,1.1241592308e+00,0.0000000000e+00,9.5563173315e-01,0.0000000000e+00,5.8125430524e+12,-9.9994187457e+16,4.0727403846e+00,-3.9462812229e-01,5.2402276630e-34,3.0000000000e+02,1.0000000000e-01,-4.7327685041e+16,-2.1429704213e+08,-1.6852749762e-01,7.4492167212e+02,0.0000000000e+00,5.2402276630e-34,1.4170000000e+03,3.2594470240e-02,9.6573422478e+06,5.2666502416e+16,0.0000000000e+00,0.0000000000e+00,4.7050000000e+02,3.0767991264e-16,3.6396135841e-08,-2.1061805266e+08,-1.9724144347e-09,-9.9079280391e-12,-6.8370959487e-10,-1.9107803567e-09,-3.7254109008e-13,-5.3594940218e-10,-6.0908821467e+03,-6.2565347400e+01,-3.0822798675e+03,-6.1634078076e-11,-9.5353869490e-12,-1.4776019269e-10,-1.5685856975e-11,6.3130310123e-12,-9.0783948650e-11,1,1.3500000536e-01,1.5000000596e-01,1.9999999553e-02,1.3500000536e-01
1.0000000000e+17,8.2950962410e+02,4.4386797884e+02,-1.2972749783e+04,-3.4330446549e+06,1.1241592308e+00,0.0000000000e+00,9.5342774251e-01,0.0000000000e+00,6.5768902726e+12,-9.9993423110e+16,4.0727403846e+00,-3.9242413164e-01,5.2402276649e-34,3.0000000000e+02,1.0000000000e-01,-5.1879202956e+16,-2.3104064129e+08,-1.7073148826e-01,7.7767376471e+02,0.0000000000e+00,5.2402276649e-34,1.4170000000e+03,3.3559992115e-02,1.0018357454e+07,4.8114220153e+16,0.0000000000e+00,0.0000000000e+00,4.7050000000e+02,3.1961969336e-16,3.9133528768e-08,-2.2760759663e+08,-2.1570867474e-09,-7.8115350298e-12,-6.9476297748e-10,-2.0961739687e-09,-4.9759279422e-13,-5.4786501039e-10,-6.4537586512e+03,-5.4592220932e+01,-3.0178229071e+03,-6.0912778708e-11,-7.3139422356e-12,-1.4689796709e-10,-1.5948519056e-11,7.9299701182e-12,-9.8488411655e-11,1,1.3799999654e-01,1.5000000596e-01,1.9999999553e-02,1.3799999654e-01
1.0000000000e+17,1.0020144022e+03,5.2148133494e+02,-1.3963207626e+04,-3.1870986180e+06,1.1241592308e+00,0.0000000000e+00,9.5122374092e-01,0.0000000000e+00,7.3412412893e+12,-9.9992658759e+16,4.0727403846e+00,-3.9022013006e-01,5.2402276667e-34,3.0000000000e+02,1.0000000000e-01,-5.6430743480e+16,-2.4778432360e+08,-1.7293548985e-01,8.1042601997e+02,0.0000000000e+00,5.2402276667e-34,1.4170000000e+03,3.4525518785e-02,1.0379374454e+07,4.3561915279e+16,0.0000000000e+00,0.0000000000e+00,4.7050000000e+02,3.3155953340e-16,4.1870935291e-08,-2.4459722499e+08,-2.3417599773e-09,-5.7151316075e-12,-7.0581641500e-10,-2.2815685015e-09,-6.2264511950e-13,-5.5978067778e-10,-6.8166369582e+03,-4.6619054861e+01,-2.9533656266e+03,-6.0191475757e-11,-5.0924864880e-12,-1.4603573721e-10,-1.6211182442e-11,9.5469172555e-12,-1.0619291293e-10,1,1.4100000262e-01,1.5000000596e-01,1.9999999553e-02,1.4100000262e-01
1.0000000000e+17,1.1745183234e+03,5.9909430554e+02,-1.4953660549e+04,-2.9411538027e+06,1.1241592308e+00,0.0000000000e+00,9.4901975028e-01,0.0000000000e+00,8.1055885095e+12,-9.9991894411e+16,4.0727403846e+00,-3.8801613941e-01,5.2402276686e-34,3.0000000000e+02,1.0000000000e-01,-6.0982261396e+16,-2.6452792276e+08,-1.7513948049e-01,8.4317811255e+02,0.0000000000e+00,5.2402276686e-34,1.4170000000e+03,3.5491040660e-02,1.0740389661e+07,3.9009633016e+16,0.0000000000e+00,0.0000000000e+00,4.7050000000e+02,3.4349931413e-16,4.4608328218e-08,-2.6158676895e+08,-2.5264322899e-09,-3.6187385982e-12,-7.1686979761e-10,-2.4669621135e-09,-7.4769682363e-13,-5.7169628599e-10,-7.1795134628e+03,-3.8645928393e+01,-2.8889086663e+03,-5.9470176388e-11,-2.8710417745e-12,-1.4517351162e-10,-1.6473844523e-11,1.1163856361e-11,-1.1389737593e-10,1,1.4399999380e-01,1.5000000596e-01,1.9999999553e-02,1.4399999380e-01
1.0000000000e+17,1.3470231015e+03,6.7670766164e+02,-1.5944118392e+04,-2.6952077657e+06,1.1241592308e+00,0.0000000000e+00,9.4681574869e-01,0.0000000000e+00,8.8699395262e+12,-9.9991130060e+16,4.0727403846e+00,-3.8581213782e-01,5.2402276704e-34,3.0000000000e+02,1.0000000000e-01,-6.5533801920e+16,-2.8127160507e+08,-1.7734348208e-01,8.7593036781e+02,0.0000000000e+00,5.2402276704e-34,1.4170000000e+03,3.6456567331e-02,1.1101406661e+07,3.4457328141e+16,0.0000000000e+00,0.0000000000e+00,4.7050000000e+02,3.5543915416e-16,4.7345734741e-08,-2.7857639731e+08,-2.7111055198e-09,-1.5223351759e-12,-7.2792323512e-10,-2.6523566464e-09,-8.7274914891e-13,-5.8361195338e-10,-7.5423917698e+03,-3.0672762322e+01,-2.8244513857e+03,-5.8748873437e-11,-6.4958602698e-13,-1.4431128174e-10,-1.6736507908e-11,1.2780803499e-11,-1.2160187721e-10,1,1.4699999988e-01,1.5000000596e-01,1.9999999553e-02,1.4699999988e-01
1.0000000000e+17,1.5195278796e+03,7.5432101774e+02,-1.6934576235e+04,-2.4492617288e+06,1.1241592308e+00,0.0000000000e+00,9.4461174710e-01,0.0000000000e+00,9.6342905430e+12,-9.9990365709e+16,4.0727403846e+00,-3.8360813624e-01,5.2402276722e-34,3.0000000000e+02,1.0000000000e-01,-7.0085342443e+16,-2.9801528739e+08,-1.7954748367e-01,9.0868262308e+02,0.0000000000e+00,5.2402276722e-34,1.4170000000e+03,3.7422094001e-02,1.1462423661e+07,2.9905023266e+16,0.0000000000e+00,0.0000000000e+00,4.7050000000e+02,3.6737899419e-16,5.0083141265e-08,-2.9556602566e+08,-2.8957787497e-09,5.7406824638e-13,-7.3897667263e-10,-2.8377511792e-09,-9.9780147419e-13,-5.9552762077e-10,-7.9052700768e+03,-2.2699596251e+01,-2.7599941052e+03,-5.8027570486e-11,1.5718697206e-12,-1.4344905186e-10,-1.6999171294e-11,1.4397750636e-11,-1.2930637848e-10,1,1.5000000596e-01,1.5000000596e-01,1.9999999553e-02,1.5000000596e-01
1.0000000000e+17,1.1223840748e+03,6.2392772987e+02,-2.1987875452e+04,-2.0860276915e+06,1.1241592308e+00,0.0000000000e+00,9.3352516402e-01,0.0000000000e+00,1.8507008753e+13,-9.9981492991e+16,4.0727403846e+00,-3.7252155315e-01,7.6589640752e-28,3.0000000000e+02,1.0000000000e-01,-7.4533300538e+16,-9.6816917610e+08,-1.9063406675e-01,2.6058022303e+03,3.6993748643e+02,7.6589640752e-28,1.4170000000e+03,3.8004631527e-02,1.1812154908e+07,2.5448192454e+16,0.0000000000e+00,0.0000000000e+00,4.7050000000e+02,4.7024497830e-16,3.2499412094e-07,-9.6608314841e+08,-3.6853552696e-08,-2.8750285756e-12,-1.5121738675e-09,-3.6801128454e-08,-4.4607522175e-12,-1.3692482030e-09,-8.2156103239e+03,-2.3699261924e+01,-2.5808674201e+03,-5.2424241585e-11,1.5857236419e-12,-1.4292566448e-10,-6.2753405859e-11,1.7449523460e-11,-1.2890356139e-09,1,1.5299999714e-01,1.5000000596e-01,1.9999999553e-02,1.5299999714e-01
1.0000000000e+17,7.2523940446e+02,4.9353419776e+02,-2.7041191632e+04,-1.7227920844e+06,1.1241592308e+00,0.0000000000e+00,9.2243854353e-01,0.0000000000e+00,2.7379754925e+13,-9.9972620245e+16,4.0727403846e+00,-3.6143493267e-01,1.5317945754e-27,3.0000000000e+02,1.0000000000e-01,-7.8981280917e+16,-1.6383250951e+09,-2.0172068724e-01,4.3029269602e+03,7.3987607537e+02,1.5317945754e-27,1.4170000000e+03,3.8587172705e-02,1.2161887909e+07,2.0991339328e+16,0.0000000000e+00,0.0000000000e+00,4.7050000000e+02,5.7311129244e-16,5.9990592543e-07,-1.6366023030e+09,-7.0811428223e-08,-6.3241317737e-12,-2.2853733884e-09,-7.0764607328e-08,-7.9237136316e-12,-2.1429711144e-09,-8.5259522029e+03,-2.4698921992e+01,-2.4017400768e+03,-4.6820895023e-11,1.5995818580e-12,-1.4240227399e-10,-1.0850777786e-10,2.0501308645e-11,-2.4487683201e-09,1,1.5600000322e-01,1.5000000596e-01,1.9999999553e-02,1.5600000322e-01
1.0000000000e+17,3.2809670675e+02,3.6314131333e+02,-3.2094482711e+04,-1.3595582815e+06,1.1241592308e+00,0.0000000000e+00,9.1135197811e-01,0.0000000000e+00,3.6252457025e+13,-9.9963747543e+16,4.0727403846e+00,-3.5034836725e-01,2.2976889391e-27,3.0000000000e+02,1.0000000000e-01,-8.3429239203e+16,-2.3084776854e+09,-2.1280725266e-01,6.0000432604e+03,1.1098128268e+03,2.2976889391e-27,1.4170000000e+03,3.9169710989e-02,1.2511619173e+07,1.6534508340e+16,0.0000000000e+00,0.0000000000e+00,4.7050000000e+02,6.7597709563e-16,8.7481636441e-07,-2.3071181271e+09,-1.0476913508e-07,-9.7732178399e-12,-3.0585690687e-09,-1.0472791750e-07,-1.1386657845e-11,-2.9166901826e-09,-8.8362925403e+03,-2.5698577094e+01,-2.2226136233e+03,-4.1217576292e-11,1.6134400052e-12,-1.4187888611e-10,-1.5426192259e-10,2.3553078671e-11,-3.6084952659e-09,1,1.5899999440e-01,1.5000000596e-01,1.9999999553e-02,1.5899999440e-01
1.0000000000e+17,-6.9047894721e+01,2.3274830431e+02,-3.7147799939e+04,-9.9632265763e+05,1.1241592308e+00,0.0000000000e+00,9.0026535748e-01,0.0000000000e+00,4.5125203196e+13,-9.9954874797e+16,4.0727403846e+00,-3.3926174662e-01,3.0635867040e-27,3.0000000000e+02,1.0000000000e-01,-8.7877219768e+16,-2.9786336001e+09,-2.2389387329e-01,7.6971679751e+03,1.4797514470e+03,3.0635867040e-27,1.4170000000e+03,3.9752252200e-02,1.2861352198e+07,1.2077655029e+16,0.0000000000e+00,0.0000000000e+00,4.7050000000e+02,7.7884340977e-16,1.1497281678e-06,-2.9776372774e+09,-1.3872702926e-07,-1.3222346765e-11,-3.8317685740e-09,-1.3869141503e-07,-1.4849643223e-11,-3.6904130761e-09,-9.1466346599e+03,-2.6698108021e+01,-2.0434861964e+03,-3.5614228110e-11,1.6272964576e-12,-1.4135549791e-10,-2.0001633514e-10,2.6605210264e-11,-4.7682281196e-09,1,1.6200000048e-01,1.5000000596e-01,1.9999999553e-02,1.6200000048e-01
1.0000000000e+17,-4.6619256506e+02,1.0235477221e+02,-4.2201116119e+04,-6.3308705049e+05,1.1241592308e+00,0.0000000000e+00,8.8917873699e-01,0.0000000000e+00,5.3997949368e+13,-9.9946002051e+16,4.0727403846e+00,-3.2817512613e-01,3.8294848719e-27,3.0000000000e+02,1.0000000000e-01,-9.2325200147e+16,-3.6487895190e+09,-2.3498049377e-01,9.3942927049e+03,1.8496900359e+03,3.8294848719e-27,1.4170000000e+03,4.0334793378e-02,1.3211085199e+07,7.6208019033e+15,0.0000000000e+00,0.0000000000e+00,4.7050000000e+02,8.8170972390e-16,1.4246399723e-06,-3.6481564320e+09,-1.7268490479e-07,-1.6671449964e-11,-4.6049680949e-09,-1.7265489390e-07,-1.8312604637e-11,-4.4641359874e-09,-9.4569765388e+03,-2.7697768088e+01,-1.8643588531e+03,-3.0010881548e-11,1.6411546737e-12,-1.4083210742e-10,-2.4577070714e-10,2.9656995448e-11,-5.9279608259e-09,1,1.6500000656e-01,1.5000000596e-01,1.9999999553e-02,1.6500000656e-01
1.0000000000e+17,-8.6333526277e+02,-2.8038112225e+01,-4.7254407198e+04,-2.6985324756e+05,1.1241592308e+00,0.0000000000e+00,8.7809217158e-01,0.0000000000e+00,6.2870651468e+13,-9.9937129349e+16,4.0727403846e+00,-3.1708856071e-01,4.5953792356e-27,3.0000000000e+02,1.0000000000e-01,-9.6773158433e+16,-4.3189421093e+09,-2.4606705919e-01,1.1091409005e+04,2.2196267874e+03,4.5953792356e-27,1.4170000000e+03,4.0917331662e-02,1.3560816463e+07,3.1639709153e+15,0.0000000000e+00,0.0000000000e+00,4.7050000000e+02,9.8457552710e-16,1.6995504113e-06,-4.3186722561e+09,-2.0664261164e-07,-2.0120536030e-11,-5.3781637752e-09,-2.0661820408e-07,-2.1775548851e-11,-5.2378550557e-09,-9.7673168763e+03,-2.8697423190e+01,-1.6852323996e+03,-2.4407562817e-11,1.6550128209e-12,-1.4030871954e-10,-2.9152485187e-10,3.2708765474e-11,-7.0876877717e-09,1,1.6799999774e-01,1.5000000596e-01,1.9999999553e-02,1.6799999774e-01
1.0000000000e+17,-1.0469693430e+03,-6.1619646061e+01,-5.0917022669e+04,-1.5785793870e+05,1.1241592308e+00,0.0000000000e+00,8.6200636400e-01,0.0000000000e+00,9.5450790161e+13,-9.9904549210e+16,4.0727403846e+00,-3.0100275314e-01,5.2468431999e-27,3.0000000000e+02,1.0000000000e-01,-9.8097398002e+16,-4.3892893373e+10,-2.6215286677e-01,1.0501991744e+05,3.9810345097e+03,5.2468431999e-27,1.4170000000e+03,4.1257014579e-02,1.3717622439e+07,1.8071512078e+15,0.0000000000e+00,0.0000000000e+00,4.7050000000e+02,4.3277297313e-15,2.7066854590e-05,-4.3892735516e+10,-6.2133299404e-06,6.1345796342e-10,-7.4550429253e-08,-6.2133079688e-06,6.1196938447e-10,-7.4411912835e-08,-9.9074482407e+03,-2.6278181295e+01,-1.5445036786e+03,-2.1971538570e-11,1.4885789526e-12,-1.3851641831e-10,4.4761678394e-09,-7.4359999986e-10,-1.6324283531e-07,1,1.7100000381e-01,1.5000000596e-01,1.9999999553e-02,1.7100000381e-01
1.0000000000e+17,-1.1594300170e+03,-6.2929615343e+01,-5.4116053383e+04,-1.2960966802e+05,1.1241592308e+00,0.0000000000e+00,8.4425424889e-01,0.0000000000e+00,1.3593307499e+14,-9.9864066925e+16,4.0727403846e+00,-2.8325063803e-01,5.8601563198e-27,3.0000000000e+02,1.0000000000e-01,-9.8380389303e+16,-9.6434531648e+10,-2.7990498188e-01,2.2969164394e+05,6.2062520423e+03,5.8601563198e-27,1.4170000000e+03,4.1515741114e-02,1.3810118962e+07,1.4836776225e+15,0.0000000000e+00,0.0000000000e+00,4.7050000000e+02,8.7509592687e-15,6.0798131682e-05,-9.6434402039e+10,-1.4210883612e-05,1.4594084645e-09,-1.6652197179e-07,-1.4210863020e-05,1.4581464156e-09,-1.6638567063e-07,-9.9908422695e+03,-2.2719617637e+01,-1.4165757914e+03,-2.0591294553e-11,1.2620488345e-12,-1.3630115550e-10,1.0848332855e-08,-1.7797756060e-09,-3.7106212831e-07,1,1.7399999499e-01,1.5000000596e-01,1.9999999553e-02,1.7399999499e-01
1.0000000000e+17,-1.2718912497e+03,-6.4239591133e+01,-5.7315099987e+04,-1.0136125703e+05,1.1241592308e+00,0.0000000000e+00,8.2650204560e-01,0.0000000000e+00,1.7641556089e+14,-9.9823584439e+16,4.0727403846e+00,-2.6549843474e-01,6.4734724860e-27,3.0000000000e+02,1.0000000000e-01,-9.8663382009e+16,-1.4897643090e+11,-2.9765718517e-01,3.5436398970e+05,8.4314806277e+03,6.4734724860e-27,1.4170000000e+03,4.1774468934e-02,1.3902615943e+07,1.1602024304e+15,0.0000000000e+00,0.0000000000e+00,4.7050000000e+02,1.3174210777e-14,9.4529576319e-05,-1.4897632954e+11,-2.2208477007e-05,2.3053631674e-09,-2.5849397115e-07,-2.2208457796e-05,2.3043276498e-09,-2.5835988527e-07,-1.0074236712e+04,-1.9161036304e+01,-1.2886472689e+03,-1.9211043680e-11,1.0355175912e-12,-1.3408588169e-10,1.7220529521e-08,-2.8159563590e-09,-5.7888245356e-07,1,1.7700000107e-01,1.5000000596e-01,1.9999999553e-02,1.7700000107e-01
1.0000000000e+17,-1.3843524823e+03,-6.5549566922e+01,-6.0514146591e+04,-7.3112846042e+04,1.1241592308e+00,0.0000000000e+00,8.0874984232e-01,0.0000000000e+00,2.1689804680e+14,-9.9783101953e+16,4.0727403846e+00,-2.4774623145e-01,7.0867886521e-27,3.0000000000e+02,1.0000000000e-01,-9.8946374715e+16,-2.0151833015e+11,-3.1540938845e-01,4.7903633545e+05,1.0656709213e+04,7.0867886521e-27,1.4170000000e+03,4.2033196754e-02,1.3995112925e+07,8.3672723835e+14,0.0000000000e+00,0.0000000000e+00,4.7050000000e+02,1.7597462284e-14,1.2826102096e-04,-2.0151825704e+11,-3.0206070403e-05,3.1513178703e-09,-3.5046597052e-07,-3.0206052572e-05,3.1505088840e-09,-3.5033409991e-07,-1.0157631155e+04,-1.5602454971e+01,-1.1607187464e+03,-1.7830792808e-11,8.0898634793e-13,-1.3187060788e-10,2.3592726188e-08,-3.8521371119e-09,-7.8670277881e-07,1,1.8000000715e-01,1.5000000596e-01,1.9999999553e-02,1.8000000715e-01
1.0000000000e+17,-1.4968131564e+03,-6.6859536205e+01,-6.3713177305e+04,-4.4864575365e+04,1.1241592308e+00,0.0000000000e+00,7.9099772720e-01,0.0000000000e+00,2.5738033163e+14,-9.9742619668e+16,4.0727403846e+00,-2.2999411634e-01,7.7001017720e-27,3.0000000000e+02,1.0000000000e-01,-9.9229366016e+16,-2.5405996843e+11,-3.3316150356e-01,6.0370806195e+05,1.2881926746e+04,7.7001017720e-27,1.4170000000e+03,4.2291923289e-02,1.4087609447e+07,5.1325365302e+14,0.0000000000e+00,0.0000000000e+00,4.7050000000e+02,2.2020691822e-14,1.6199229805e-04,-2.5405992356e+11,-3.8203624074e-05,3.9972683714e-09,-4.4243751305e-07,-3.8203607623e-05,3.9966859152e-09,-4.4230785771e-07,-1.0241025184e+04,-1.2043891313e+01,-1.0327908592e+03,-1.6450548791e-11,5.8245622982e-13,-1.2965534507e-10,2.9964891204e-08,-4.8883127181e-09,-9.9452207181e-07,1,1.8299999833e-01,1.5000000596e-01,1.9999999553e-02,1.8299999833e-01
1.0000000000e+17,-1.6092743890e+03,-6.8169511994e+01,-6.6912223909e+04,-1.6616164377e+04,1.1241592308e+00,0.0000000000e+00,7.7324552392e-01,0.0000000000e+00,2.9786281753e+14,-9.9702137182e+16,4.0727403846e+00,-2.1224191305e-01,8.3134179382e-27,3.0000000000e+02,1.0000000000e-01,-9.9512358722e+16,-3.0660186768e+11,-3.5091370685e-01,7.2838040770e+05,1.5107155331e+04,8.3134179382e-27,1.4170000000e+03,4.2550651109e-02,1.4180106429e+07,1.8977846097e+14,0.0000000000e+00,0.0000000000e+00,4.7050000000e+02,2.6443943330e-14,1.9572374268e-04,-3.0660185107e+11,-4.6201217469e-05,4.8432230743e-09,-5.3440951242e-07,-4.6201202399e-05,4.8428671493e-09,-5.3428207234e-07,-1.0324419627e+04,-8.4853099803e+00,-9.0486233670e+02,-1.5070297919e-11,3.5592498652e-13,-1.2744007126e-10,3.6337087870e-08,-5.9244934710e-09,-1.2023423971e-06,1,1.8600000441e-01,1.5000000596e-01,1.9999999553e-02,1.8600000441e-01
1.0000000000e+17,-1.9033455214e+03,-8.7911450815e+01,-6.9740738356e+04,-2.2934501761e+03,1.1241592308e+00,0.0000000000e+00,7.5285969041e-01,0.0000000000e+00,3.8262562683e+14,-9.9617374373e+16,4.0727403846e+00,-1.9185607955e-01,9.5155302952e-27,3.0000000000e+02,1.0000000000e-01,-9.9591567295e+16,-6.5319330033e+12,-3.7129954036e-01,1.6443031995e+07,1.5966346260e+04,9.5155302952e-27,1.4170000000e+03,4.2783508523e-02,1.4083067398e+07,2.5807094122e+13,0.0000000000e+00,0.0000000000e+00,4.7050000000e+02,4.0247724444e-13,5.7441500766e-03,-6.5319330010e+12,-2.8442248083e-03,-7.1215487097e-08,-1.1285356358e-04,-2.8442247943e-03,-7.1215710019e-08,-1.1285343950e-04,-1.0345998243e+04,-6.7367493646e+00,-8.4163496272e+02,-1.4048472112e-11,2.2292258568e-13,-1.2408080123e-10,-6.2319901386e-06,-1.8519774200e-07,-2.6555917042e-05,1,1.8899999559e-01,1.5000000596e-01,1.9999999553e-02,1.8899999559e-01
1.0000000000e+17,-2.3790285707e+03,-1.2608637414e+02,-7.2198748543e+04,-1.8962713076e+03,1.1241592308e+00,0.0000000000e+00,7.2984002818e-01,0.0000000000e+00,5.1166872946e+14,-9.9488331271e+16,4.0727403846e+00,-1.6883641731e-01,1.1306453606e-26,3.0000000000e+02,1.0000000000e-01,-9.9466993751e+16,-1.8930114996e+13,-3.9431920259e-01,4.7747818995e+07,1.5459514610e+04,1.1306453606e-26,1.4170000000e+03,4.2990497557e-02,1.3796490976e+07,2.1337567006e+13,0.0000000000e+00,0.0000000000e+00,4.7050000000e+02,1.1501243108e-12,1.6807325760e-02,-1.8930114994e+13,-8.4323004402e-03,-2.2417280852e-07,-3.3740114868e-04,-8.4323004268e-03,-2.2417299197e-07,-3.3740102910e-04,-1.0305760753e+04,-6.7977856549e+00,-8.4310904728e+02,-1.3385052523e-11,1.8344672335e-13,-1.1957749314e-10,-1.8775075049e-05,-5.4274043734e-07,-7.7055472512e-05,1,1.9200000167e-01,1.5000000596e-01,1.9999999553e-02,1.9200000167e-01
1.0000000000e+17,-2.8547092573e+03,-1.6426110784e+02,-7.4656746520e+04,-1.4990944119e+03,1.1241592308e+00,0.0000000000e+00,7.0682048028e-01,0.0000000000e+00,6.4071119112e+14,-9.9359288809e+16,4.0727403846e+00,-1.4581686942e-01,1.3097368021e-26,3.0000000000e+02,1.0000000000e-01,-9.9342420826e+16,-3.1328235406e+13,-4.1733875049e-01,7.9052450503e+07,1.4952685478e+04,1.3097368021e-26,1.4170000000e+03,4.3197485563e-02,1.3509915977e+07,1.6868062091e+13,0.0000000000e+00,0.0000000000e+00,4.7050000000e+02,1.8977676635e-12,2.7870446493e-02,-3.1328235404e+13,-1.4020348316e-02,-3.7712937021e-07,-5.6194761843e-04,-1.4020348303e-02,-3.7712951418e-07,-5.6194750336e-04,-1.0265523462e+04,-6.8588216421e+00,-8.4458312451e+02,-1.2721636230e-11,1.4397105710e-13,-1.1507420742e-10,-3.1318097658e-05,-9.0028135674e-07,-1.2755477715e-04,1,1.9499999285e-01,1.5000000596e-01,1.9999999553e-02,1.9499999285e-01
1.0000000000e+17,-3.3303923066e+03,-2.0243603116e+02,-7.7114756707e+04,-1.1019155434e+03,1.1241592308e+00,0.0000000000e+00,6.8380081805e-01,0.0000000000e+00,7.6975429376e+14,-9.9230245706e+16,4.0727403846e+00,-1.2279720718e-01,1.4888291331e-26,3.0000000000e+02,1.0000000000e-01,-9.9217847282e+16,-4.3726417398e+13,-4.4035841272e-01,1.1035723750e+08,1.4445853828e+04,1.4888291331e-26,1.4170000000e+03,4.3404474597e-02,1.3223339555e+07,1.2398534976e+13,0.0000000000e+00,0.0000000000e+00,4.7050000000e+02,2.6454147298e-12,3.8933622177e-02,-4.3726417397e+13,-1.9608423948e-02,-5.3008669164e-07,-7.8649520352e-04,-1.9608423936e-02,-5.3008679613e-07,-7.8649509295e-04,-1.0225285971e+04,-6.9198579324e+00,-8.4605720906e+02,-1.2058216641e-11,1.0449519477e-13,-1.1057089933e-10,-4.3861182569e-05,-1.2578240521e-06,-1.7805433262e-04,1,1.9799999893e-01,1.5000000596e-01,1.9999999553e-02,1.9799999893e-01
1.0000000000e+17,-3.8060753559e+03,-2.4061095448e+02,-7.9572766893e+04,-7.0473667491e+02,1.1241592308e+00,0.0000000000e+00,6.6078115581e-01,0.0000000000e+00,8.9879739639e+14,-9.9101202604e+16,4.0727403846e+00,-9.9777544949e-02,1.6679214642e-26,3.0000000000e+02,1.0000000000e-01,-9.9093273737e+16,-5.6124599391e+13,-4.6337807496e-01,1.4166202450e+08,1.3939022178e+04,1.6679214642e-26,1.4170000000e+03,4.3611463631e-02,1.2936763133e+07,7.9290078599e+12,0.0000000000e+00,0.0000000000e+00,4.7050000000e+02,3.3930617962e-12,4.9996797861e-02,-5.6124599390e+13,-2.5196499580e-02,-6.8304401306e-07,-1.0110427886e-03,-2.5196499568e-02,-6.8304407808e-07,-1.0110426825e-03,-1.0185048481e+04,-6.9808942227e+00,-8.4753129362e+02,-1.1394797052e-11,6.5019332440e-14,-1.0606759124e-10,-5.6404267480e-05,-1.6153667474e-06,-2.2855388809e-04,1,2.0100000501e-01,1.5000000596e-01,1.9999999553e-02,2.0100000501e-01
1.0000000000e+17,-4.2817560425e+03,-2.7878568818e+02,-8.2030764871e+04,-3.0755977923e+02,1.1241592308e+00,0.0000000000e+00,6.3776160792e-01,0.0000000000e+00,1.0278398581e+15,-9.8972160142e+16,4.0727403846e+00,-7.6757997054e-02,1.8470129057e-26,3.0000000000e+02,1.0000000000e-01,-9.8968700812e+16,-6.8522719801e+13,-4.8639762285e-01,1.7296665601e+08,1.3432193046e+04,1.8470129057e-26,1.4170000000e+03,4.3818451637e-02,1.2650188134e+07,3.4595029446e+12,0.0000000000e+00,0.0000000000e+00,4.7050000000e+02,4.1407051489e-12,6.1059918593e-02,-6.8522719801e+13,-3.0784547455e-02,-8.3600057475e-07,-1.2355892584e-03,-3.0784547445e-02,-8.3600060029e-07,-1.2355891568e-03,-1.0144811190e+04,-7.0419302099e+00,-8.4900537085e+02,-1.0731380758e-11,2.5543666190e-14,-1.0156430552e-10,-6.8947290089e-05,-1.9729076668e-06,-2.7905319273e-04,1,2.0399999619e-01,1.5000000596e-01,1.9999999553e-02,2.0399999619e-01
1.0000000000e+17,-4.6210743800e+03,-3.0438717027e+02,-8.4119978450e+04,-9.7976794905e+00,1.1241592308e+00,0.0000000000e+00,6.1395972513e-01,0.0000000000e+00,1.1946869270e+15,-9.8805313073e+16,4.0727403846e+00,-5.2956114262e-02,7.7670045122e-26,3.0000000000e+02,1.0000000000e-01,-9.8805214279e+16,-8.3252107578e+13,-5.1019950564e-01,4.2813391754e+09,1.3105309109e+04,7.7670045122e-26,1.4170000000e+03,4.4042166369e-02,1.2455119573e+07,1.0307579199e+11,0.0000000000e+00,0.0000000000e+00,4.7050000000e+02,5.1974772960e-11,7.8810467204e-02,-8.3252107578e+13,-1.6327602958e-01,7.4849207047e-03,-1.0466293549e-02,-1.6327602957e-01,7.4849207047e-03,-1.0466293454e-02,-1.0111741599e+04,-7.3929224918e+00,-8.5729015476e+02,-9.9792816434e-12,-4.3252196718e-15,-9.5613932052e-11,-9.5975726417e-05,-3.4121211611e-06,-3.4720502262e-04,1,2.0700000226e-01,1.5000000596e-01,1.9999999553e-02,2.0700000226e-01
1.0000000000e+17,-4.5512862770e+03,-2.9226853308e+02,-8.5102813576e+04,-1.0284357177e+01,1.1241592308e+00,0.0000000000e+00,5.8781131806e-01,0.0000000000e+00,1.4749384771e+15,-9.8525061523e+16,4.0727403846e+00,-2.6807707196e-02,8.3209599879e-26,3.0000000000e+02,1.0000000000e-01,-9.8524996215e+16,-1.0497494144e+14,-5.3634791271e-01,2.0620828505e+10,1.3318267683e+04,8.3209599879e-26,1.4170000000e+03,4.4316059218e-02,1.2534572769e+07,8.5928695311e+10,0.0000000000e+00,0.0000000000e+00,4.7050000000e+02,2.4106589593e-10,1.1662287591e-01,-1.0497494144e+14,-6.7648247083e-01,3.7428704061e-02,-4.6715823353e-02,-6.7648247082e-01,3.7428704061e-02,-4.6715823267e-02,-1.0100173891e+04,-8.6130063856e+00,-8.8600687491e+02,-8.9611476094e-12,-5.3733207419e-15,-8.5322455052e-11,-1.6646070153e-04,-8.0962909954e-06,-4.6831287719e-04,1,2.0999999344e-01,1.5000000596e-01,1.9999999553e-02,2.0999999344e-01
1.0000000000e+17,-4.4814978273e+03,-2.8014983569e+02,-8.6085653583e+04,-1.0771037281e+01,1.1241592308e+00,0.0000000000e+00,5.6166278111e-01,0.0000000000e+00,1.7551914192e+15,-9.8244808581e+16,4.0727403846e+00,-6.5917024988e-04,8.8749182152e-26,3.0000000000e+02,1.0000000000e-01,-9.8244776760e+16,-1.2669788320e+14,-5.6249644966e-01,3.6960398994e+10,1.3531227314e+04,8.8749182152e-26,1.4170000000e+03,4.4589953427e-02,1.2614026359e+07,6.8781513457e+10,0.0000000000e+00,0.0000000000e+00,4.7050000000e+02,4.3015795813e-10,1.5443547244e-01,-1.2669788320e+14,-1.1896914612e+00,6.7372636150e-02,-8.2965533210e-02,-1.1896914612e+00,6.7372636150e-02,-8.2965533135e-02,-1.0088606127e+04,-9.8330963396e+00,-9.1472373771e+02,-7.9430085183e-12,-6.4214270180e-15,-7.5030926935e-11,-2.3694602674e-04,-1.2780484096e-05,-5.8942133331e-04,1,2.1299999952e-01,1.5000000596e-01,1.9999999553e-02,2.1299999952e-01
1.0000000000e+17,-4.4117093777e+03,-2.6803113830e+02,-8.7068493590e+04,-1.1257717385e+01,1.1241592308e+00,0.0000000000e+00,5.3551424417e-01,0.0000000000e+00,2.0354443612e+15,-9.7964555639e+16,4.0727403846e+00,2.5489366697e-02,9.4288764430e-26,3.0000000000e+02,1.0000000000e-01,-9.7964557304e+16,-1.4842082497e+14,-5.8864498660e-01,5.3299969483e+10,1.3744186945e+04,9.4288764430e-26,1.4170000000e+03,4.4863847637e-02,1.2693479949e+07,5.1634331604e+10,0.0000000000e+00,0.0000000000e+00,4.7050000000e+02,6.1925002032e-10,1.9224806896e-01,-1.4842082497e+14,-1.7029004516e+00,9.7316568239e-02,-1.1921524307e-01,-1.7029004516e+00,9.7316568239e-02,-1.1921524300e-01,-1.0077038362e+04,-1.1053186294e+01,-9.4344060050e+02,-6.9248694272e-12,-7.4695332942e-15,-6.4739398817e-11,-3.0743135195e-04,-1.7464677197e-05,-7.1052978944e-04,1,2.1600000560e-01,1.5000000596e-01,1.9999999553e-02,2.1600000560e-01
1.0000000000e+17,-4.3419212747e+03,-2.5591250111e+02,-8.8051328716e+04,-1.1744395072e+01,1.1241592308e+00,0.0000000000e+00,5.0936583710e-01,0.0000000000e+00,2.3156959113e+15,-9.7684304089e+16,4.0727403846e+00,5.1637773762e-02,9.9828319187e-26,3.0000000000e+02,1.0000000000e-01,-9.7684339241e+16,-1.7014365883e+14,-6.1479339367e-01,6.9639458812e+10,1.3957145519e+04,9.9828319187e-26,1.4170000000e+03,4.5137740486e-02,1.2772933144e+07,3.4487234920e+10,0.0000000000e+00,0.0000000000e+00,4.7050000000e+02,8.0834114329e-10,2.3006047767e-01,-1.7014365883e+14,-2.2161068928e+00,1.2726035160e-01,-1.5546477287e-01,-2.2161068928e+00,1.2726035160e-01,-1.5546477282e-01,-1.0065470655e+04,-1.2273270187e+01,-9.7215732066e+02,-5.9067353932e-12,-8.5176343643e-15,-5.4447921817e-11,-3.7791632706e-04,-2.2148847032e-05,-8.3163764401e-04,1,2.1899999678e-01,1.5000000596e-01,1.9999999553e-02,2.1899999678e-01
1.0000000000e+17,-4.2721328250e+03,-2.4379380372e+02,-8.9034168723e+04,-1.2231075176e+01,1.1241592308e+00,0.0000000000e+00,4.8321730016e-01,0.0000000000e+00,2.5959488533e+15,-9.7404051147e+16,4.0727403846e+00,7.7786310709e-02,1.0536790146e-25,3.0000000000e+02,1.0000000000e-01,-9.7404119786e+16,-1.9186660059e+14,-6.4094193061e-01,8.5979029301e+10,1.4170105150e+04,1.0536790146e-25,1.4170000000e+03,4.5411634695e-02,1.2852386734e+07,1.7340053067e+10,0.0000000000e+00,0.0000000000e+00,4.7050000000e+02,9.9743320549e-10,2.6787307420e-01,-1.9186660059e+14,-2.7293158832e+00,1.5720428368e-01,-1.9171448273e-01,-2.7293158832e+00,1.5720428368e-01,-1.9171448268e-01,-1.0053902890e+04,-1.3493360141e+01,-1.0008741835e+03,-4.8885963021e-12,-9.5657406404e-15,-4.4156393699e-11,-4.4840165228e-04,-2.6833040133e-05,-9.5274610014e-04,1,2.2200000286e-01,1.5000000596e-01,1.9999999553e-02,2.2200000286e-01
1.0000000000e+17,-4.2023456967e+03,-2.3167575615e+02,-9.0017008696e+04,-1.2712715268e+01,1.1241592308e+00,0.0000000000e+00,4.5706889470e-01,0.0000000000e+00,2.8762010069e+15,-9.7123798993e+16,4.0727403846e+00,1.0393471616e-01,7.3741363351e-26,3.0000000000e+02,1.0000000000e-01,-9.7123901078e+16,-2.1358947205e+14,-6.6709033607e-01,1.0227835489e+11,1.4383063570e+04,7.3741363351e-26,1.4170000000e+03,4.5685527284e-02,1.2931840755e+07,1.9292235478e+08,0.0000000000e+00,0.0000000000e+00,4.7050000000e+02,1.1865234628e-09,3.0568540088e-01,-2.1358947205e+14,-3.2423707921e+00,1.8714835454e-01,-2.2795235734e-01,-3.2423707921e+00,1.8714835454e-01,-2.2795235730e-01,-1.0042335032e+04,-1.4713513271e+01,-1.0295911081e+03,-3.8704564016e-12,-1.0613852996e-14,-3.3864894711e-11,-5.1888652786e-04,-3.1517501968e-05,-1.0738541263e-03,1,2.2499999404e-01,1.5000000596e-01,1.9999999553e-02,2.2499999404e-01
1.0000000000e+17,-4.2538377540e+03,-1.8192719070e+02,-8.9914726119e+04,-1.3404779542e+03,1.1241592308e+00,0.0000000000e+00,4.3004267226e-01,0.0000000000e+00,3.2673957739e+15,-9.6732604226e+16,4.0727403846e+00,1.3096093861e-01,1.5794277391e-25,3.0000000000e+02,1.0000000000e-01,-9.6743272021e+16,-1.7949326973e+14,-6.9411655851e-01,1.0667956637e+13,1.4219139176e+04,1.5794277391e-25,1.4170000000e+03,4.5943907571e-02,1.2815454272e+07,1.6209957813e+08,0.0000000000e+00,0.0000000000e+00,4.7050000000e+02,1.6842280549e-09,5.2774380835e-01,-1.7949326973e+14,-5.3528358457e+01,2.1475021657e-01,-2.9852553160e+00,-5.3528358457e+01,2.1475021657e-01,-2.9852553159e+00,-1.0028031150e+04,-9.3058102573e+00,-9.6083947409e+02,-3.2958330312e-12,-8.8586288373e-15,-2.8509380235e-11,-8.4081043246e-04,3.9033951858e-05,-1.5403222641e-03,1,2.2800000012e-01,1.5000000596e-01,1.9999999553e-02,2.2800000012e-01
1.0000000000e+17,-4.3053294853e+03,-1.3217917863e+02,-8.9812443602e+04,-2.6682432265e+03,1.1241592308e+00,0.0000000000e+00,4.0301644969e-01,0.0000000000e+00,3.6585905408e+15,-9.6341409459e+16,4.0727403846e+00,1.5798716118e-01,2.3925805632e-25,3.0000000000e+02,1.0000000000e-01,-9.6362642963e+16,-1.4539706742e+14,-7.2114278108e-01,2.1233635169e+13,1.4055209681e+04,2.3925805632e-25,1.4170000000e+03,4.6202287891e-02,1.2699067934e+07,1.3127680147e+08,0.0000000000e+00,0.0000000000e+00,4.7050000000e+02,2.1819325643e-09,7.4980214526e-01,-1.4539706742e+14,-1.0381437437e+02,2.4235235153e-01,-5.7425593536e+00,-1.0381437437e+02,2.4235235153e-01,-5.7425593536e+00,-1.0013727240e+04,-3.8981638667e+00,-8.9208783047e+02,-2.7212096586e-12,-7.1034003509e-15,-2.3153865729e-11,-1.1627340051e-03,1.0958511833e-04,-2.0067904957e-03,1,2.3100000620e-01,1.5000000596e-01,1.9999999553e-02,2.3100000620e-01
1.0000000000e+17,-4.3568209610e+03,-8.2431413654e+01,-8.9710161593e+04,-3.9960019038e+03,1.1241592308e+00,0.0000000000e+00,3.7599036136e-01,0.0000000000e+00,4.0497833646e+15,-9.5950216635e+16,4.0727403846e+00,1.8501324951e-01,3.2057293483e-25,3.0000000000e+02,1.0000000000e-01,-9.5982015796e+16,-1.1130103447e+14,-7.4816886941e-01,3.1799261221e+13,1.3891281001e+04,3.2057293483e-25,1.4170000000e+03,4.6460666928e-02,1.2582682174e+07,1.0045417791e+08,0.0000000000e+00,0.0000000000e+00,4.7050000000e+02,2.6796346017e-09,9.7185937920e-01,-1.1130103446e+14,-1.5410014052e+02,2.6995434939e-01,-8.4998496957e+00,-1.5410014052e+02,2.6995434939e-01,-8.4998496957e+00,-9.9994234021e+03,1.5094556638e+00,-8.2333652833e+02,-2.1465891402e-12,-5.3481805829e-15,-1.7798377824e-11,-1.4846559787e-03,1.8013593437e-04,-2.4732564104e-03,1,2.3399999738e-01,1.5000000596e-01,1.9999999553e-02,2.3399999738e-01
1.0000000000e+17,-4.4083120171e+03,-3.2683477868e+01,-8.9607878396e+04,-5.3237719885e+03,1.1241592308e+00,0.0000000000e+00,3.4896414485e-01,0.0000000000e+00,4.4409724493e+15,-9.5559027551e+16,4.0727403846e+00,2.1203946602e-01,3.7969637553e-25,3.0000000000e+02,1.0000000000e-01,-9.5601392459e+16,-7.7204954825e+13,-7.7519508592e-01,4.2364977942e+13,1.3727345553e+04,3.7969637553e-25,1.4170000000e+03,4.6719046506e-02,1.2466295908e+07,6.9631516204e+07,0.0000000000e+00,0.0000000000e+00,4.7050000000e+02,3.1773398463e-09,1.1939176450e+00,-7.7204954819e+13,-2.0438631128e+02,2.9755659157e-01,-1.1257164142e+01,-2.0438631128e+02,2.9755659157e-01,-1.1257164142e+01,-9.9851193414e+03,6.9170989253e+00,-7.5458510462e+02,-1.5719672008e-12,-3.5929495275e-15,-1.2442884006e-11,-1.8065793441e-03,2.5068711063e-04,-2.9397246830e-03,1,2.3700000346e-01,1.5000000596e-01,1.9999999553e-02,2.3700000346e-01
1.0000000000e+17,-4.4598034928e+03,1.7064287104e+01,-8.9505596386e+04,-6.6515306658e+03,1.1241592308e+00,0.0000000000e+00,3.2193805652e-01,0.0000000000e+00,4.8321652731e+15,-9.5167834727e+16,4.0727403846e+00,2.3906555435e-01,4.6101125404e-25,3.0000000000e+02,1.0000000000e-01,-9.5220765292e+16,-4.3108921870e+13,-8.0222117425e-01,5.2930603994e+13,1.3563416873e+04,4.6101125404e-25,1.4170000000e+03,4.6977425543e-02,1.2349910148e+07,3.8808892645e+07,0.0000000000e+00,0.0000000000e+00,4.7050000000e+02,3.6750418837e-09,1.4159748790e+00,-4.3108921864e+13,-2.5467207742e+02,3.2515858942e-01,-1.4014454485e+01,-2.5467207742e+02,3.2515858942e-01,-1.4014454485e+01,-9.9708155031e+03,1.2324718456e+01,-6.8583380248e+02,-9.9734668235e-13,-1.8377297594e-15,-7.0873961009e-12,-2.1285013178e-03,3.2123792666e-04,-3.4061905976e-03,1,2.3999999464e-01,1.5000000596e-01,1.9999999553e-02,2.3999999464e-01
1.0000000000e+17,-4.5112952241e+03,6.6812299178e+01,-8.9403313869e+04,-7.9792959381e+03,1.1241592308e+00,0.0000000000e+00,2.9491183395e-01,0.0000000000e+00,5.2233600401e+15,-9.4776639960e+16,4.0727403846e+00,2.6609177692e-01,5.4232653645e-25,3.0000000000e+02,1.0000000000e-01,-9.4840136234e+16,-9.0127195588e+12,-8.2924739682e-01,6.3496282526e+13,1.3399487379e+04,5.4232653645e-25,1.4170000000e+03,4.7235805863e-02,1.2233523810e+07,7.9861159874e+06,0.0000000000e+00,0.0000000000e+00,4.7050000000e+02,4.1727463932e-09,1.6380332159e+00,-9.0127195508e+12,-3.0495809334e+02,3.5276072438e-01,-1.6771758522e+01,-3.0495809334e+02,3.5276072438e-01,-1.6771758522e+01,-9.9565115937e+03,1.7732364846e+01,-6.1708215886e+02,-4.2272330976e-13,-8.2501273076e-17,-1.7318815951e-12,-2.4504248904e-03,3.9178909313e-04,-3.8726588293e-03,1,2.4300000072e-01,1.5000000596e-01,1.9999999553e-02,2.4300000072e-01
1.0000000000e+17,-4.9555005826e+03,8.3487488882e+01,-8.9867532269e+04,-5.9912936009e+04,1.1241592308e+00,0.0000000000e+00,2.6764492958e-01,0.0000000000e+00,5.5825063838e+15,-9.4417493616e+16,4.0727403846e+00,2.9335868129e-01,5.6824988324e-25,3.0000000000e+02,1.0000000000e-01,-9.4893488519e+16,-3.7574865048e+11,-8.5651430119e-01,4.7599490268e+14,1.2766506988e+04,5.6824988324e-25,1.4170000000e+03,4.7403048419e-02,1.2442454550e+07,2.1556247407e+05,0.0000000000e+00,0.0000000000e+00,4.7050000000e+02,6.0996417055e-09,3.8332281862e+00,-3.7574859056e+11,-1.3359333845e+03,3.9074900538e-01,-5.2704615310e+01,-1.3359333845e+03,3.9074900538e-01,-5.2704615310e+01,-9.8069894378e+03,2.1114990378e+01,-5.1709898466e+02,-2.1688066341e-13,2.7670487863e-16,-3.0454433783e-13,-6.6735189487e-03,2.4909789985e-04,-6.4485659878e-03,1,2.4600000679e-01,1.5000000596e-01,1.9999999553e-02,2.4600000679e-01
1.0000000000e+17,-5.5306082461e+03,8.9138562311e+01,-9.0520578420e+04,-1.2871483950e+05,1.1241592308e+00,0.0000000000e+00,2.4029793538e-01,0.0000000000e+00,5.9309704373e+15,-9.4069029563e+16,4.0727403846e+00,3.2070567548e-01,5.7570902158e-25,3.0000000000e+02,1.0000000000e-01,-9.5091498007e+16,-2.2523922539e+11,-8.8386129539e-01,1.0224684447e+15,1.1977177284e+04,5.7570902158e-25,1.4170000000e+03,4.7539911220e-02,1.2759822209e+07,1.2912899535e+05,0.0000000000e+00,0.0000000000e+00,4.7050000000e+02,8.5029152158e-09,6.6861120061e+00,-2.2523909668e+11,-2.6937980241e+03,4.3219910638e-01,-9.9696077739e+01,-2.6937980241e+03,4.3219910638e-01,-9.9696077739e+01,-9.6123956250e+03,2.3822592134e+01,-4.0670664991e+02,-1.3396630679e-13,1.7056856257e-16,-1.8660894437e-13,-1.2196957893e-02,3.5327657287e-05,-9.7275923074e-03,1,2.4899999797e-01,1.5000000596e-01,1.9999999553e-02,2.4899999797e-01
1.0000000000e+17,-6.1057187661e+03,9.4789663809e+01,-9.1173627815e+04,-1.9751708473e+05,1.1241592308e+00,0.0000000000e+00,2.1295080535e-01,0.0000000000e+00,6.2794362217e+15,-9.3720563778e+16,4.0727403846e+00,3.4805280552e-01,5.8316819696e-25,3.0000000000e+02,1.0000000000e-01,-9.5289508479e+16,-7.4729052712e+10,-9.1120842542e-01,1.5689447012e+15,1.1187843660e+04,5.8316819696e-25,1.4170000000e+03,4.7676774701e-02,1.3077191444e+07,4.2695087303e+04,0.0000000000e+00,0.0000000000e+00,4.7050000000e+02,1.0906200663e-08,9.5390099964e+00,-7.4728855195e+10,-4.0516694083e+03,4.7364941327e-01,-1.4668777358e+02,-4.0516694083e+03,4.7364941327e-01,-1.4668777358e+02,-9.4178008456e+03,2.6530207338e+01,-2.9631376684e+02,-5.1051538322e-14,6.4431719311e-17,-6.8672965118e-14,-1.7720424273e-02,-1.7844364708e-04,-1.3006634914e-02,1,2.5200000405e-01,1.5000000596e-01,1.9999999553e-02,2.5200000405e-01
1.0000000000e+17,-6.6325419596e+03,6.2651689646e+01,-9.2619798149e+04,-6.2118439571e+05,1.1241592308e+00,0.0000000000e+00,1.8504642960e-01,0.0000000000e+00,6.5761216365e+15,-9.3423878364e+16,4.0727403846e+00,3.7595718126e-01,3.5158917271e-25,3.0000000000e+02,1.0000000000e-01,-9.8378241330e+16,-1.2308951564e+10,-9.3911280117e-01,4.9543629666e+15,1.0159126409e+04,3.5158917271e-25,1.4170000000e+03,4.7782042595e-02,1.2939291254e+07,6.9158574247e+03,0.0000000000e+00,0.0000000000e+00,4.7050000000e+02,1.5486017834e-08,1.7023174308e+01,-1.2308330379e+10,-1.1029354404e+04,6.0631019803e-01,-2.6944729254e+02,-1.1029354404e+04,6.0631019803e-01,-2.6944729254e+02,-9.1788381722e+03,1.8508441199e+01,-2.2457233658e+02,-1.4920073926e-14,1.5014162841e-17,-1.7672410690e-14,-2.9939748849e-02,-1.4590919621e-04,-1.8566374238e-02,1,2.5499999523e-01,1.5000000596e-01,1.9999999553e-02,2.5499999523e-01
1.0000000000e+17,-7.0923054182e+03,9.6398998690e+00,-9.4698186389e+04,-1.3519245091e+06,1.1241592308e+00,0.0000000000e+00,1.5675944393e-01,0.0000000000e+00,6.8382785696e+15,-9.3161721430e+16,4.0727403846e+00,4.0424416694e-01,2.2039291537e-29,3.0000000000e+02,1.0000000000e-01,-1.0397526248e+17,-3.1846605966e+09,-9.6739978684e-01,1.0813541052e+16,9.0531516266e+03,2.2039291537e-29,1.4170000000e+03,4.7866256851e-02,1.2534275188e+07,1.7786513417e+03,0.0000000000e+00,0.0000000000e+00,4.7050000000e+02,2.1560404187e-08,2.7759284140e+01,-3.1833086721e+09,-2.3234277863e+04,8.4145641687e-01,-4.7455358383e+02,-2.3234277863e+04,8.4145641687e-01,-4.7455358383e+02,-8.9117975778e+03,4.5585836501e+00,-1.7629622009e+02,-7.0922225330e-15,5.7961137982e-19,-7.1452455197e-15,-4.7037426366e-02,3.5268214609e-05,-2.5863380123e-02,1,2.5799998641e-01,1.5000000596e-01,1.9999999553e-02,2.5799998641e-01
1.0000000000e+17,-7.0973123887e+03,-9.2538325386e+00,-9.9042381249e+04,-4.3417785280e+06,1.1241592308e+00,0.0000000000e+00,1.2754051209e-01,0.0000000000e+00,7.0369275139e+15,-9.2963072486e+16,4.0727403846e+00,4.3346309877e-01,1.1950589850e-31,3.0000000000e+02,1.0000000000e-01,-1.2851386292e+17,-1.0995694220e+09,-9.9661871868e-01,3.5550790435e+16,8.8327721907e+03,1.1950589850e-31,1.4170000000e+03,4.7914205725e-02,1.2252571436e+07,6.1068800252e+02,0.0000000000e+00,0.0000000000e+00,4.7050000000e+02,3.1092202835e-08,4.5752288859e+01,-1.0952276435e+09,-7.8415770130e+04,2.2096597242e+00,-1.2301653496e+03,-7.8415770130e+04,2.2096597242e+00,-1.2301653496e+03,-8.6633115499e+03,3.1645647541e-02,-1.2645528359e+02,-3.3856337861e-15,3.7198141291e-19,-2.4338096816e-15,-7.8661852075e-02,1.9385129037e-04,-3.7589238479e-02,1,2.6100000739e-01,1.5000000596e-01,1.9999999553e-02,2.6100000739e-01
1.0000000000e+17,-7.3797147396e+03,-9.6540912531e+00,-1.0479840716e+05,-1.3035328470e+07,1.1241592308e+00,0.0000000000e+00,9.7188176278e-02,0.0000000000e+00,7.1841404086e+15,-9.2815859591e+16,4.0727403846e+00,4.6381543459e-01,2.8796228110e-32,3.0000000000e+02,1.0000000000e-01,-2.0677620368e+17,-3.5983176495e+08,-1.0269710545e+00,1.1396034408e+17,8.3630563924e+03,2.8796228110e-32,1.4170000000e+03,4.7943172437e-02,1.2085069443e+07,1.9310579618e+02,0.0000000000e+00,0.0000000000e+00,4.7050000000e+02,4.3028297072e-08,6.4958494437e+01,-3.4679643648e+08,-2.4764957782e+05,6.8035564158e+00,-1.9951729773e+03,-2.4764957782e+05,6.8035564158e+00,-1.9951729773e+03,-8.5404165776e+03,5.5384685225e-02,-6.8750131507e+01,-1.6299123552e-15,1.4150324129e-19,-9.8512974454e-16,-1.1793037081e-01,2.5895659412e-04,-4.3702800776e-02,1,2.6399999857e-01,1.5000000596e-01,1.9999999553e-02,2.6399999857e-01
1.0000000000e+17,-7.5677788260e+03,-9.1380908491e+00,-1.1812519584e+05,-3.5753772486e+07,1.1241592308e+00,0.0000000000e+00,6.4616074862e-02,0.0000000000e+00,7.2767847468e+15,-9.2723215253e+16,4.0727403846e+00,4.9638753600e-01,2.1718973639e-32,3.0000000000e+02,1.0000000000e-01,-4.7027342662e+17,-1.2874840795e+08,-1.0595431559e+00,3.7755021136e+17,7.9194127786e+03,2.1718973639e-32,1.4170000000e+03,4.7957731575e-02,1.1988489335e+07,5.1740338340e+01,0.0000000000e+00,0.0000000000e+00,4.7050000000e+02,5.5521691489e-08,8.3081333257e+01,-9.2994635463e+07,-8.3024384752e+05,2.3819383677e+01,-2.0593895656e+03,-8.3024384752e+05,2.3819383677e+01,-2.0593895656e+03,-8.4688734930e+03,9.0636623499e-02,-2.5997170525e+01,-6.4364170767e-16,5.5820855925e-20,-2.7581289997e-16,-1.6141310550e-01,2.9456711198e-04,-3.6519822855e-02,1,2.6699998975e-01,1.5000000596e-01,1.9999999553e-02,2.6699998975e-01
1.0000000000e+17,-7.5796317035e+03,-1.4439183797e+01,-1.5670669988e+05,-7.8187746321e+07,1.1241592308e+00,0.0000000000e+00,2.5283822691e-02,0.0000000000e+00,7.3083379014e+15,-9.2691662099e+16,4.0727403846e+00,5.3571978817e-01,5.7104670080e-32,3.0000000000e+02,1.0000000000e-01,-1.7730186062e+18,-9.7526628834e+07,-1.0988754081e+00,1.6803269441e+18,7.4596519012e+03,5.7104670080e-32,1.4170000000e+03,4.7961255651e-02,1.1929763910e+07,1.0757533389e+01,0.0000000000e+00,0.0000000000e+00,4.7050000000e+02,6.2298153973e-08,8.4896654681e+01,-1.9338882513e+07,-6.3262301346e+05,1.6225717312e+01,6.4645500441e+01,-3.1633243155e+06,8.1134278284e+01,3.2329848228e+02,-8.4600747580e+03,-7.9813523711e-01,4.8291871932e+00,-1.4211394220e-16,2.4571523404e-20,-1.0053519102e-17,-2.1073860604e-01,-8.0448636206e-04,-8.5888292502e-04,1,2.7000001073e-01,1.5000000596e-01,1.9999999553e-02,2.7000001073e-01
0.0000000000e+00,-6.5461328308e+03,-3.2332564215e+01,-4.8861249505e+05,0.0000000000e+00,9.0000000000e+00,0.0000000000e+00,3.0513727405e+00,0.0000000000e+00,0.0000000000e+00,0.0000000000e+00,9.0000000000e-01,6.8237125501e-01,0.0000000000e+00,3.0000000000e+02,-2.0000000000e-01,0.0000000000e+00,0.0000000000e+00,-5.9486272595e+00,0.0000000000e+00,0.0000000000e+00,0.0000000000e+00,0.0000000000e+00,-2.0000000000e-01,0.0000000000e+00,0.0000000000e+00,0.0000000000e+00,0.0000000000e+00,0.0000000000e+00,-2.0000000000e-01,0.0000000000e+00,0.0000000000e+00,0.0000000000e+00,0.0000000000e+00,0.0000000000e+00,0.0000000000e+00,0.0000000000e+00,0.0000000000e+00,0.0000000000e+00,0.0000000000e+00,0.0000000000e+00,0.0000000000e+00,0.0000000000e+00,0.0000000000e+00,0.0000000000e+00,0.0000000000e+00,0.0000000000e+00,1,2.7300000191e-01,1.5000000596e-01,1.9999999553e-02,2.7300000191e-01
0.0000000000e+00,-6.0425070363e+03,-2.0523225176e+01,-4.8812418351e+05,0.0000000000e+00,9.0000000000e+00,0.0000000000e+00,2.9048476329e+00,0.0000000000e+00,0.0000000000e+00,0.0000000000e+00,9.0000000000e-01,8.2889636258e-01,0.0000000000e+00,3.0000000000e+02,-2.0000000000e-01,0.0000000000e+00,0.0000000000e+00,-6.0951523671e+00,0.0000000000e+00,0.0000000000e+00,0.0000000000e+00,0.0000000000e+00,-2.0000000000e-01,0.0000000000e+00,0.0000000000e+00,0.0000000000e+00,0.0000000000e+00,0.0000000000e+00,-2.0000000000e-01,0.0000000000e+00,0.0000000000e+00,0.0000000000e+00,0.0000000000e+00,0.0000000000e+00,0.0000000000e+00,0.0000000000e+00,0.0000000000e+00,0.0000000000e+00,0.0000000000e+00,0.0000000000e+00,0.0000000000e+00,0.0000000000e+00,0.0000000000e+00,0.0000000000e+00,0.0000000000e+00,0.0000000000e+00,1,2.7599999309e-01,1.5000000596e-01,1.9999999553e-02,2.7599999309e-01
0.0000000000e+00,-5.0942217159e+03,2.9979194488e+01,-4.8825660476e+05,0.0000000000e+00,9.0000000000e+00,0.0000000000e+00,2.7583939022e+00,0.0000000000e+00,0.0000000000e+00,0.0000000000e+00,9.0000000000e-01,9.7535009326e-01,0.0000000000e+00,3.0000000000e+02,-2.0000000000e-01,0.0000000000e+00,0.0000000000e+00,-6.2416060978e+00,0.0000000000e+00,0.0000000000e+00,0.0000000000e+00,0.0000000000e+00,-2.0000000000e-01,0.0000000000e+00,0.0000000000e+00,0.0000000000e+00,0.0000000000e+00,0.0000000000e+00,-2.0000000000e-01,0.0000000000e+00,0.0000000000e+00,0.0000000000e+00,0.0000000000e+00,0.0000000000e+00,0.0000000000e+00,0.0000000000e+00,0.0000000000e+00,0.0000000000e+00,0.0000000000e+00,0.0000000000e+00,0.0000000000e+00,0.0000000000e+00,0.0000000000e+00,0.0000000000e+00,0.0000000000e+00,0.0000000000e+00,1,2.7900001407e-01,1.5000000596e-01,1.9999999553e-02,2.7900001407e-01
0.0000000000e+00,-4.1652246000e+03,7.6552546184e+01,-4.8843426908e+05,0.0000000000e+00,9.0000000000e+00,0.0000000000e+00,2.6119744636e+00,0.0000000000e+00,0.0000000000e+00,0.0000000000e+00,9.0000000000e-01,1.1217695319e+00,0.0000000000e+00,3.0000000000e+02,-1.1199938456e-01,0.0000000000e+00,0.0000000000e+00,-6.3880255364e+00,0.0000000000e+00,0.0000000000e+00,0.0000000000e+00,0.0000000000e+00,-1.9199994405e-01,0.0000000000e+00,0.0000000000e+00,0.0000000000e+00,0.0000000000e+00,0.0000000000e+00,-1.9199994405e-01,0.0000000000e+00,0.0000000000e+00,0.0000000000e+00,0.0000000000e+00,0.0000000000e+00,0.0000000000e+00,0.0000000000e+00,0.0000000000e+00,0.0000000000e+00,0.0000000000e+00,0.0000000000e+00,0.0000000000e+00,0.0000000000e+00,0.0000000000e+00,0.0000000000e+00,0.0000000000e+00,0.0000000000e+00,1,2.8200000525e-01,1.5000000596e-01,1.9999999553e-02,2.8200000525e-01
0.0000000000e+00,-3.6018979340e+03,8.4553370192e+01,-4.8831793756e+05,0.0000000000e+00,9.0000000000e+00,0.0000000000e+00,2.4656031066e+00,0.0000000000e+00,0.0000000000e+00,0.0000000000e+00,9.0000000000e-01,1.2681408888e+00,0.0000000000e+00,3.0000000000e+02,2.3999958038e-01,0.0000000000e+00,0.0000000000e+00,-6.5343968934e+00,0.0000000000e+00,0.0000000000e+00,0.0000000000e+00,0.0000000000e+00,-1.6000003815e-01,0.0000000000e+00,0.0000000000e+00,0.0000000000e+00,0.0000000000e+00,0.0000000000e+00,-1.6000003815e-01,0.0000000000e+00,0.0000000000e+00,0.0000000000e+00,0.0000000000e+00,0.0000000000e+00,0.0000000000e+00,0.0000000000e+00,0.0000000000e+00,0.0000000000e+00,0.0000000000e+00,0.0000000000e+00,0.0000000000e+00,0.0000000000e+00,0.0000000000e+00,0.0000000000e+00,0.0000000000e+00,0.0000000000e+00,1,2.8499999642e-01,1.5000000596e-01,1.9999999553e-02,2.8499999642e-01
0.0000000000e+00,-3.0385712680e+03,9.2554194199e+01,-4.8820160603e+05,0.0000000000e+00,9.0000000000e+00,0.0000000000e+00,2.3192317497e+00,0.0000000000e+00,0.0000000000e+00,0.0000000000e+00,9.0000000000e-01,1.4145122458e+00,0.0000000000e+00,3.0000000000e+02,5.9199854533e-01,0.0000000000e+00,0.0000000000e+00,-6.6807682503e+00,0.0000000000e+00,0.0000000000e+00,0.0000000000e+00,0.0000000000e+00,-1.2800013224e-01,0.0000000000e+00,0.0000000000e+00,0.0000000000e+00,0.0000000000e+00,0.0000000000e+00,-1.2800013224e-01,0.0000000000e+00,0.0000000000e+00,0.0000000000e+00,0.0000000000e+00,0.0000000000e+00,0.0000000000e+00,0.0000000000e+00,0.0000000000e+00,0.0000000000e+00,0.0000000000e+00,0.0000000000e+00,0.0000000000e+00,0.0000000000e+00,0.0000000000e+00,0.0000000000e+00,0.0000000000e+00,0.0000000000e+00,1,2.8799998760e-01,1.5000000596e-01,1.9999999553e-02,2.8799998760e-01
0.0000000000e+00,-2.4752383780e+03,1.0055508371e+02,-4.8808527316e+05,0.0000000000e+00,9.0000000000e+00,0.0000000000e+00,2.1728589360e+00,0.0000000000e+00,0.0000000000e+00,0.0000000000e+00,9.0000000000e-01,1.5608850594e+00,0.0000000000e+00,3.0000000000e+02,9.4400100708e-01,0.0000000000e+00,0.0000000000e+00,-6.8271410640e+00,0.0000000000e+00,0.0000000000e+00,0.0000000000e+00,0.0000000000e+00,-9.5999908447e-02,0.0000000000e+00,0.0000000000e+00,0.0000000000e+00,0.0000000000e+00,0.0000000000e+00,-9.5999908447e-02,0.0000000000e+00,0.0000000000e+00,0.0000000000e+00,0.0000000000e+00,0.0000000000e+00,0.0000000000e+00,0.0000000000e+00,0.0000000000e+00,0.0000000000e+00,0.0000000000e+00,0.0000000000e+00,0.0000000000e+00,0.0000000000e+00,0.0000000000e+00,0.0000000000e+00,0.0000000000e+00,0.0000000000e+00,1,2.9100000858e-01,1.5000000596e-01,1.9999999553e-02,2.9100000858e-01
0.0000000000e+00,-1.9119117120e+03,1.0855590772e+02,-4.8796894164e+05,0.0000000000e+00,9.0000000000e+00,0.0000000000e+00,2.0264875791e+00,0.0000000000e+00,0.0000000000e+00,0.0000000000e+00,9.0000000000e-01,1.7072564164e+00,0.0000000000e+00,3.0000000000e+02,1.2959999720e+00,0.0000000000e+00,0.0000000000e+00,-6.9735124209e+00,0.0000000000e+00,0.0000000000e+00,0.0000000000e+00,0.0000000000e+00,-6.4000002543e-02,0.0000000000e+00,0.0000000000e+00,0.0000000000e+00,0.0000000000e+00,0.0000000000e+00,-6.4000002543e-02,0.0000000000e+00,0.0000000000e+00,0.0000000000e+00,0.0000000000e+00,0.0000000000e+00,0.0000000000e+00,0.0000000000e+00,0.0000000000e+00,0.0000000000e+00,0.0000000000e+00,0.0000000000e+00,0.0000000000e+00,0.0000000000e+00,0.0000000000e+00,0.0000000000e+00,0.0000000000e+00,0.0000000000e+00,1,2.9399999976e-01,1.5000000596e-01,1.9999999553e-02,2.9399999976e-01
0.0000000000e+00,-1.3485850460e+03,1.1655673172e+02,-4.8785261012e+05,0.0000000000e+00,9.0000000000e+00,0.0000000000e+00,1.8801162222e+00,0.0000000000e+00,0.0000000000e+00,0.0000000000e+00,9.0000000000e-01,1.8536277733e+00,0.0000000000e+00,3.0000000000e+02,1.6479989370e+00,0.0000000000e+00,0.0000000000e+00,-7.1198837778e+00,0.0000000000e+00,0.0000000000e+00,0.0000000000e+00,0.0000000000e+00,-3.2000096639e-02,0.0000000000e+00,0.0000000000e+00,0.0000000000e+00,0.0000000000e+00,0.0000000000e+00,-3.2000096639e-02,0.0000000000e+00,0.0000000000e+00,0.0000000000e+00,0.0000000000e+00,0.0000000000e+00,0.0000000000e+00,0.0000000000e+00,0.0000000000e+00,0.0000000000e+00,0.0000000000e+00,0.0000000000e+00,0.0000000000e+00,0.0000000000e+00,0.0000000000e+00,0.0000000000e+00,0.0000000000e+00,0.0000000000e+00,1,2.9699999094e-01,1.5000000596e-01,1.9999999553e-02,2.9699999094e-01
nan,nan,nan,nan,nan,nan,nan,nan,nan,nan,nan,nan,nan,nan,nan,nan,nan,nan,nan,nan,nan,nan,nan,nan,nan,nan,nan,nan,nan,nan,nan,nan,nan,nan,nan,nan,nan,nan,nan,nan,nan,nan,nan,nan,nan,nan,nan,0,3.0000001192e-01,1.5000000596e-01,1.9999999553e-02,3.0000001192e-01
