"Acceptor concentration [cm-3]","Jn [A cm-2]:0","Jn [A cm-2]:1","Jn [A cm-2]:2","ArsenicActiveConcentration","BoronActiveConcentration","Conduction band level [eV]","Donor concentration [cm-3]","Dopant concentration [cm-3]","DopingConcentration","Electron Mobility [cm2 s-1 V-1]","Electron density [cm-3]","Electron quasi fermi band level [eV]","Electron quasi fermi potential [V]","Electrostatic potential [V]","G Impact ionization [cm-3 s-1]","GR Auger [cm-3 s-1]","GR Srh [cm-3 s-1]","Hole Mobility [cm2 s-1 V-1]","Hole density [cm-3]","Hole quasi fermi band level [eV]","Hole quasi fermi potential [V]","Middle band level [eV]","PhosphorusActiveConcentration","Space Charge [cm-3]","Valence band level [eV]","Jp [A cm-2]:0","Jp [A cm-2]:1","Jp [A cm-2]:2","Electron Avalanche field [V cm-1]","Hole Avalanche field [V cm-1]","Stabi X","Stabi Y","Stabi Z","Electric field [V cm-1]:0","Electric field [V cm-1]:1","Electric field [V cm-1]:2","Electron velocity [cm s-1]:0","Electron velocity [cm s-1]:1","Electron velocity [cm s-1]:2","Grad Electron quasi fermi potential [V cm]:0","Grad Electron quasi fermi potential [V cm]:1","Grad Electron quasi fermi potential [V cm]:2","Grad Hole quasi fermi potential [V cm]:0","Grad Hole quasi fermi potential [V cm]:1","Grad Hole quasi fermi potential [V cm]:2","Hole velocity [cm s-1]:0","Hole velocity [cm s-1]:1","Hole velocity [cm s-1]:2","Jn element [A cm-2]:0","Jn element [A cm-2]:1","Jn element [A cm-2]:2","Jp element [A cm-2]:0","Jp element [A cm-2]:1","Jp element [A cm-2]:2","vtkValidPointMask","arc_length","Points:0","Points:1","Points:2"
1.0000000000e+17,-1.7692331237e+00,3.0950916852e+01,-3.3354672674e+04,9.1007689730e+17,1.0000000000e+17,1.3751824842e-01,9.1007689730e+17,8.1007689730e+17,8.1007689730e+17,1.4169997992e+03,8.1007689730e+17,4.4150000000e-02,0.0000000000e+00,4.6893175158e-01,0.0000000000e+00,0.0000000000e+00,-1.0084812368e-08,4.7049997786e+02,1.4265621016e+02,4.4150000000e-02,0.0000000000e+00,-4.2478175158e-01,0.0000000000e+00,0.0000000000e+00,-9.8708175158e-01,-1.1937796981e-14,-5.6730603284e-13,-1.3374012396e-08,nan,nan,nan,nan,nan,nan,nan,nan,nan,nan,nan,nan,nan,nan,nan,nan,nan,nan,nan,nan,nan,nan,nan,nan,nan,nan,1,0.0000000000e+00,5.0000000745e-02,5.0000000745e-02,0.0000000000e+00
1.0000000000e+17,-6.0285020679e+00,3.9996882520e+01,-3.3311663963e+04,9.0636834887e+17,1.0000000000e+17,1.3780215449e-01,9.0636834887e+17,8.0636834887e+17,8.0636834887e+17,1.4169997992e+03,7.9973295839e+17,4.4094195226e-02,5.5804773646e-05,4.6864784551e-01,0.0000000000e+00,0.0000000000e+00,-4.8442717292e+19,4.7049997786e+02,1.4573199299e+14,-1.2769867529e-01,1.7184867529e-01,-4.2449784551e-01,0.0000000000e+00,0.0000000000e+00,-9.8679784551e-01,7.7635069920e-02,-2.8008473684e-01,-1.0299328770e+02,0.0000000000e+00,0.0000000000e+00,-5.9843820010e-04,-2.2659298795e-02,2.2946771381e+01,-1.3960523280e+03,3.3227004749e+02,9.9367245377e+02,0.0000000000e+00,0.0000000000e+00,0.0000000000e+00,3.6605338671e-02,8.0480437648e-02,1.9531670982e+02,1.0944201696e+00,-9.9781626746e+00,6.0147036997e+05,0.0000000000e+00,0.0000000000e+00,0.0000000000e+00,-6.1986225365e+00,-1.3628281356e+01,-3.3074261930e+04,-4.7071374088e-14,4.2916408251e-13,-2.5869439886e-08,1,2.8571428265e-03,5.0000000745e-02,5.0000000745e-02,2.8571428265e-03
1.0000000000e+17,-1.0287774192e+01,4.9042847314e+01,-3.3268655128e+04,9.0265978847e+17,1.0000000000e+17,1.3808606090e-01,9.0265978847e+17,8.0265978847e+17,8.0265978847e+17,1.4169997992e+03,7.8938900915e+17,4.4038390453e-02,1.1160954728e-04,4.6836393910e-01,0.0000000000e+00,0.0000000000e+00,-9.6885435250e+19,4.7049997786e+02,2.9146398799e+14,-2.9954735059e-01,3.4369735059e-01,-4.2421393910e-01,0.0000000000e+00,0.0000000000e+00,-9.8651393910e-01,1.5527014109e-01,-5.6016950647e-01,-2.0598657275e+02,0.0000000000e+00,0.0000000000e+00,-5.9843820010e-04,-2.2659298795e-02,2.2946771381e+01,-1.3960523280e+03,3.3227004749e+02,9.9367245377e+02,0.0000000000e+00,0.0000000000e+00,0.0000000000e+00,3.6605338671e-02,8.0480437648e-02,1.9531670982e+02,1.0944201696e+00,-9.9781626746e+00,6.0147036997e+05,0.0000000000e+00,0.0000000000e+00,0.0000000000e+00,-6.1986225365e+00,-1.3628281356e+01,-3.3074261930e+04,-4.7071374088e-14,4.2916408251e-13,-2.5869439886e-08,1,5.7142856531e-03,5.0000000745e-02,5.0000000745e-02,5.7142856531e-03
1.0000000000e+17,-1.4547044188e+01,5.8088811626e+01,-3.3225646307e+04,8.9895122830e+17,1.0000000000e+17,1.3836996729e-01,8.9895122830e+17,7.9895122830e+17,7.9895122830e+17,1.4169997992e+03,7.7904506042e+17,4.3982585684e-02,1.6741431619e-04,4.6808003271e-01,0.0000000000e+00,0.0000000000e+00,-1.4532814831e+20,4.7049997786e+02,4.3719596826e+14,-4.7139601189e-01,5.1554601189e-01,-4.2393003271e-01,0.0000000000e+00,0.0000000000e+00,-9.8623003271e-01,2.3290517544e-01,-8.4025422368e-01,-3.0897984510e+02,0.0000000000e+00,0.0000000000e+00,-4.4357969066e-02,-4.4357969066e-02,1.5006242469e+01,3.9466279910e+02,-1.3993567837e+03,9.9367245377e+02,0.0000000000e+00,0.0000000000e+00,0.0000000000e+00,-1.1661625844e+00,-1.1661625844e+00,1.9531670982e+02,1.1399535905e+02,1.1399535905e+02,6.0147036997e+05,0.0000000000e+00,0.0000000000e+00,0.0000000000e+00,2.0026902892e+02,2.0026902892e+02,-3.3542396516e+04,-2.5577413906e-12,-2.5577413906e-12,-1.3495335892e-08,1,8.5714282468e-03,5.0000000745e-02,5.0000000745e-02,8.5714282468e-03
1.0000000000e+17,-1.8806316660e+01,6.7134777158e+01,-3.3182637468e+04,8.9524266760e+17,1.0000000000e+17,1.3865387373e-01,8.9524266760e+17,7.9524266760e+17,7.9524266760e+17,1.4169997992e+03,7.6870111034e+17,4.3926780906e-02,2.2321909438e-04,4.6779612627e-01,0.0000000000e+00,0.0000000000e+00,-1.9377087022e+20,4.7049997786e+02,5.8292797514e+14,-6.4324470119e-01,6.8739470119e-01,-4.2364612627e-01,0.0000000000e+00,0.0000000000e+00,-9.8594612627e-01,3.1054025294e-01,-1.1203390161e+00,-4.1197313854e+02,0.0000000000e+00,0.0000000000e+00,-4.4357969066e-02,-4.4357969066e-02,1.5006242469e+01,3.9466279910e+02,-1.3993567837e+03,9.9367245377e+02,0.0000000000e+00,0.0000000000e+00,0.0000000000e+00,-1.1661625844e+00,-1.1661625844e+00,1.9531670982e+02,1.1399535905e+02,1.1399535905e+02,6.0147036997e+05,0.0000000000e+00,0.0000000000e+00,0.0000000000e+00,2.0026902892e+02,2.0026902892e+02,-3.3542396516e+04,-2.5577413906e-12,-2.5577413906e-12,-1.3495335892e-08,1,1.1428571306e-02,5.0000000745e-02,5.0000000745e-02,1.1428571306e-02
1.0000000000e+17,-2.5409234898e+01,7.2302912398e+01,-3.3156919043e+04,8.8714340946e+17,1.0000000000e+17,1.3896815379e-01,8.8714340946e+17,7.8714340946e+17,7.8714340946e+17,1.4169997992e+03,7.5781869991e+17,4.3868998296e-02,2.8100170404e-04,4.6748184621e-01,0.0000000000e+00,0.0000000000e+00,-2.4411355773e+20,4.7049997786e+02,7.3500642271e+14,-7.1016671460e-01,7.5431671460e-01,-4.2333184621e-01,0.0000000000e+00,0.0000000000e+00,-9.8563184621e-01,5.4607040312e-01,-1.3540885546e+00,-5.2763997140e+02,2.0639671876e+02,1.3881147850e+04,4.2303859419e-02,-3.0801130539e-02,9.9716312478e-01,3.5991125849e+02,-1.3647871570e+03,1.1637647405e+03,-6.0080733102e+02,-1.7554314528e+03,2.9245826507e+05,-4.2399952789e-01,-1.2388365934e+00,2.0639256533e+02,-2.9062860565e+01,5.4266287034e+01,1.3881011352e+04,-1.3674075896e+04,2.5532288050e+04,6.5310158411e+06,6.8526650004e+01,2.0022032116e+02,-3.3357091594e+04,1.9531244212e+00,-3.6468815660e+00,-9.3285181618e+02,1,1.4285714366e-02,5.0000000745e-02,5.0000000745e-02,1.4285714366e-02
1.0000000000e+17,-3.3418331449e+01,7.5144356209e+01,-3.3141574887e+04,8.7640973673e+17,1.0000000000e+17,1.3930065792e-01,8.7640973673e+17,7.7640973673e+17,7.7640973673e+17,1.4169997992e+03,7.4661321713e+17,4.3810029007e-02,3.3997099337e-04,4.6714934208e-01,0.0000000000e+00,0.0000000000e+00,-2.9559620905e+20,4.7049997786e+02,8.9089268780e+14,-7.1413271683e-01,7.5828271683e-01,-4.2299934208e-01,0.0000000000e+00,0.0000000000e+00,-9.8529934208e-01,8.7633732284e-01,-1.5600370787e+00,-6.5091088363e+02,2.0639671876e+02,1.3881147850e+04,4.2303859419e-02,-3.0801130539e-02,9.9716312478e-01,3.5991125849e+02,-1.3647871570e+03,1.1637647405e+03,-6.0080733102e+02,-1.7554314528e+03,2.9245826507e+05,-4.2399952789e-01,-1.2388365934e+00,2.0639256533e+02,-2.9062860565e+01,5.4266287034e+01,1.3881011352e+04,-1.3674075896e+04,2.5532288050e+04,6.5310158411e+06,6.8526650004e+01,2.0022032116e+02,-3.3357091594e+04,1.9531244212e+00,-3.6468815660e+00,-9.3285181618e+02,1,1.7142856494e-02,5.0000000745e-02,5.0000000745e-02,1.7142856494e-02
1.0000000000e+17,-4.1427436464e+01,7.7985808408e+01,-3.3126230642e+04,8.6567605302e+17,1.0000000000e+17,1.3963316231e-01,8.6567605302e+17,7.6567605302e+17,7.6567605302e+17,1.4169997992e+03,7.3540772649e+17,4.3751059698e-02,3.9894030215e-04,4.6681683769e-01,0.0000000000e+00,0.0000000000e+00,-3.4707888009e+20,4.7049997786e+02,1.0467790127e+15,-7.1809872034e-01,7.6224872034e-01,-4.2266683769e-01,0.0000000000e+00,0.0000000000e+00,-9.8496683769e-01,1.2066044202e+00,-1.7659859029e+00,-7.7418183896e+02,2.0639536612e+02,1.3881423332e+04,-1.0081594532e-01,7.9341122569e-02,8.1842727198e-01,1.4178681818e+03,-3.0683023362e+02,1.1637647405e+03,1.4869290659e+03,3.3230494409e+02,2.9245826507e+05,1.0493500818e+00,2.3451301629e-01,2.0639256533e+02,-1.0477438616e+02,-2.1445238558e+01,1.3881011352e+04,-4.9296348686e+04,-1.0089984742e+04,6.5310158411e+06,-1.7242167534e+02,-3.8533495981e+01,-3.3912945269e+04,6.0204216182e+00,1.2322608851e+00,-7.9761422511e+02,1,1.9999999553e-02,5.0000000745e-02,5.0000000745e-02,1.9999999553e-02
1.0000000000e+17,-4.9436535626e+01,8.0827253146e+01,-3.3110886481e+04,8.5494237678e+17,1.0000000000e+17,1.3996566654e-01,8.5494237678e+17,7.5494237678e+17,7.5494237678e+17,1.4169997992e+03,7.2420224006e+17,4.3692090389e-02,4.5790961070e-04,4.6648433346e-01,0.0000000000e+00,0.0000000000e+00,-3.9856154819e+20,4.7049997786e+02,1.2026653286e+15,-7.2206472387e-01,7.6621472387e-01,-4.2233433346e-01,0.0000000000e+00,0.0000000000e+00,-9.8463433346e-01,1.5368714476e+00,-1.9719344941e+00,-8.9745279137e+02,2.0639536612e+02,1.3881423332e+04,-1.0081594532e-01,7.9341122569e-02,8.1842727198e-01,1.4178681818e+03,-3.0683023362e+02,1.1637647405e+03,1.4869290659e+03,3.3230494409e+02,2.9245826507e+05,1.0493500818e+00,2.3451301629e-01,2.0639256533e+02,-1.0477438616e+02,-2.1445238558e+01,1.3881011352e+04,-4.9296348686e+04,-1.0089984742e+04,6.5310158411e+06,-1.7242167534e+02,-3.8533495981e+01,-3.3912945269e+04,6.0204216182e+00,1.2322608851e+00,-7.9761422511e+02,1,2.2857142612e-02,5.0000000745e-02,5.0000000745e-02,2.2857142612e-02
1.0000000000e+17,-5.5382636442e+01,8.3497927928e+01,-3.3087197595e+04,8.4272936421e+17,1.0000000000e+17,1.4035632955e-01,8.4272936421e+17,7.4272936421e+17,7.4272936421e+17,1.4169997992e+03,7.1166702486e+17,4.3631852700e-02,5.1814730044e-04,4.6609367045e-01,0.0000000000e+00,0.0000000000e+00,-4.5200448938e+20,4.7049997786e+02,1.3649196408e+15,-7.2559349509e-01,7.6974349509e-01,-4.2194367045e-01,0.0000000000e+00,0.0000000000e+00,-9.8424367045e-01,1.7831411123e+00,-2.1442848782e+00,-9.9213502320e+02,2.2415193716e+02,7.7598772342e+03,-3.6151224591e-02,-3.0977716276e-02,7.4124448301e-01,1.3719948650e+03,-3.5176934984e+02,1.9779876716e+03,1.3259218098e+03,-2.6908526827e+02,3.1762041342e+05,9.3572463644e-01,-1.8989786046e-01,2.2414990361e+02,-4.1808639371e+01,9.5943609097e+00,7.7597586738e+03,-1.9670964824e+04,4.5141468080e+03,3.6509664560e+06,-1.4249897104e+02,2.8919030946e+01,-3.4135181847e+04,4.7735207833e+00,-1.0954406050e+00,-8.8597404412e+02,1,2.5714285672e-02,5.0000000745e-02,5.0000000745e-02,2.5714285672e-02
1.0000000000e+17,-5.5139753602e+01,8.5656278282e+01,-3.3038474526e+04,8.2607834105e+17,1.0000000000e+17,1.4092146892e-01,8.2607834105e+17,7.2607834105e+17,7.2607834105e+17,1.4169997992e+03,6.9514262134e+17,4.3567809865e-02,5.8219013458e-04,4.6552853108e-01,0.0000000000e+00,0.0000000000e+00,-5.1132824827e+20,4.7049997786e+02,1.5462779371e+15,-7.2781056916e-01,7.7196056916e-01,-4.2137853108e-01,0.0000000000e+00,0.0000000000e+00,-9.8367853108e-01,1.7774188235e+00,-2.2158399678e+00,-1.0010510863e+03,2.2415193716e+02,7.7598772342e+03,-3.6151224591e-02,-3.0977716276e-02,7.4124448301e-01,1.3719948650e+03,-3.5176934984e+02,1.9779876716e+03,1.3259218098e+03,-2.6908526827e+02,3.1762041342e+05,9.3572463644e-01,-1.8989786046e-01,2.2414990361e+02,-4.1808639371e+01,9.5943609097e+00,7.7597586738e+03,-1.9670964824e+04,4.5141468080e+03,3.6509664560e+06,-1.4249897104e+02,2.8919030946e+01,-3.4135181847e+04,4.7735207833e+00,-1.0954406050e+00,-8.8597404412e+02,1,2.8571428731e-02,5.0000000745e-02,5.0000000745e-02,2.8571428731e-02
1.0000000000e+17,-5.4896859307e+01,8.7814622385e+01,-3.2989751528e+04,8.0942732504e+17,1.0000000000e+17,1.4148660815e-01,8.0942732504e+17,7.0942732504e+17,7.0942732504e+17,1.4169997992e+03,6.7861822161e+17,4.3503767031e-02,6.4623296878e-04,4.6496339185e-01,0.0000000000e+00,0.0000000000e+00,-5.7065200395e+20,4.7049997786e+02,1.7276362236e+15,-7.3002764322e-01,7.7417764322e-01,-4.2081339185e-01,0.0000000000e+00,0.0000000000e+00,-9.8311339185e-01,1.7716962071e+00,-2.2873948140e+00,-1.0099671470e+03,2.2415290481e+02,7.7598260438e+03,9.3460988562e-03,-7.0744274333e-02,9.4360340318e-01,-1.3307315798e+03,3.9219017805e+02,1.9779876716e+03,7.7643093437e+02,1.4486760025e+03,3.1762041342e+05,5.4793996780e-01,1.0223542713e+00,2.2414990361e+02,-1.3746965781e+01,-2.9267317793e+01,7.7597586738e+03,-6.4679473998e+03,-1.3770273022e+04,3.6509664560e+06,-7.9008277207e+01,-1.4741477976e+02,-3.2320507284e+04,1.9640140652e+00,4.1813898947e+00,-1.1086282909e+03,1,3.1428571790e-02,5.0000000745e-02,5.0000000745e-02,3.1428571790e-02
1.0000000000e+17,-5.4653976626e+01,8.9972971331e+01,-3.2941028491e+04,7.9277631273e+17,1.0000000000e+17,1.4205174716e-01,7.9277631273e+17,6.9277631273e+17,6.9277631273e+17,1.4169997992e+03,6.6209382887e+17,4.3439724239e-02,7.1027576116e-04,4.6439825284e-01,0.0000000000e+00,0.0000000000e+00,-6.2997572417e+20,4.7049997786e+02,1.9089944018e+15,-7.3224471584e-01,7.7639471584e-01,-4.2024825284e-01,0.0000000000e+00,0.0000000000e+00,-9.8254825284e-01,1.7659739219e+00,-2.3589498569e+00,-1.0188832043e+03,2.2415290481e+02,7.7598260438e+03,9.3460988562e-03,-7.0744274333e-02,9.4360340318e-01,-1.3307315798e+03,3.9219017805e+02,1.9779876716e+03,7.7643093437e+02,1.4486760025e+03,3.1762041342e+05,5.4793996780e-01,1.0223542713e+00,2.2414990361e+02,-1.3746965781e+01,-2.9267317793e+01,7.7597586738e+03,-6.4679473998e+03,-1.3770273022e+04,3.6509664560e+06,-7.9008277207e+01,-1.4741477976e+02,-3.2320507284e+04,1.9640140652e+00,4.1813898947e+00,-1.1086282909e+03,1,3.4285712987e-02,5.0000000745e-02,5.0000000745e-02,3.4285712987e-02
1.0000000000e+17,-5.4411093629e+01,9.2131323091e+01,-3.2892305390e+04,7.7612527871e+17,1.0000000000e+17,1.4261688690e-01,7.7612527871e+17,6.7612527871e+17,6.7612527871e+17,1.4169997992e+03,6.4556941458e+17,4.3375681363e-02,7.7431863705e-04,4.6383311310e-01,0.0000000000e+00,0.0000000000e+00,-6.8929952174e+20,4.7049997786e+02,2.0903528164e+15,-7.3446179135e-01,7.7861179135e-01,-4.1968311310e-01,0.0000000000e+00,0.0000000000e+00,-9.8198311310e-01,1.7602516293e+00,-2.4305049931e+00,-1.0277992732e+03,2.2415290481e+02,7.7598260438e+03,9.3460988562e-03,-7.0744274333e-02,9.4360340318e-01,-1.3307315798e+03,3.9219017805e+02,1.9779876716e+03,7.7643093437e+02,1.4486760025e+03,3.1762041342e+05,5.4793996780e-01,1.0223542713e+00,2.2414990361e+02,-1.3746965781e+01,-2.9267317793e+01,7.7597586738e+03,-6.4679473998e+03,-1.3770273022e+04,3.6509664560e+06,-7.9008277207e+01,-1.4741477976e+02,-3.2320507284e+04,1.9640140652e+00,4.1813898947e+00,-1.1086282909e+03,1,3.7142857909e-02,5.0000000745e-02,5.0000000745e-02,3.7142857909e-02
1.0000000000e+17,-5.1548340105e+01,9.0439798292e+01,-3.2948613260e+04,7.5646138820e+17,1.0000000000e+17,1.4335081380e-01,7.5646138820e+17,6.5646138820e+17,6.5646138820e+17,1.4169997992e+03,6.2608482032e+17,4.3306313113e-02,8.4368688693e-04,4.6309918620e-01,0.0000000000e+00,0.0000000000e+00,-7.5681379849e+20,4.7049997786e+02,2.2987214435e+15,-7.3612959254e-01,7.8027959254e-01,-4.1894918620e-01,0.0000000000e+00,0.0000000000e+00,-9.8124918620e-01,1.6222153442e+00,-2.4363845764e+00,-1.0260887403e+03,2.4545287642e+02,5.5626983159e+03,7.3522349405e-03,-3.2302953260e-02,7.4183581850e-01,-1.3386654509e+03,4.0112544522e+02,2.6531394727e+03,7.0954405595e+02,7.8444439217e+02,3.4780511751e+05,5.0073680731e-01,5.5359519560e-01,2.4545174136e+02,-1.0313441489e+01,-1.3574108893e+01,5.5626721933e+03,-4.8524742204e+03,-6.3866182340e+03,2.6172372669e+06,-6.6745955550e+01,-7.3791740050e+01,-3.2717608890e+04,1.9661085507e+00,2.5877076620e+00,-1.0604430515e+03,1,3.9999999106e-02,5.0000000745e-02,5.0000000745e-02,3.9999999106e-02
1.0000000000e+17,-4.8311321148e+01,8.8198296859e+01,-3.3019925524e+04,7.3636705467e+17,1.0000000000e+17,1.4410885434e-01,7.3636705467e+17,6.3636705467e+17,6.3636705467e+17,1.4169997992e+03,6.0617731163e+17,4.3236183994e-02,9.1381600649e-04,4.6234114566e-01,0.0000000000e+00,0.0000000000e+00,-8.2549824695e+20,4.7049997786e+02,2.5109489909e+15,-7.3771892860e-01,7.8186892860e-01,-4.1819114566e-01,0.0000000000e+00,0.0000000000e+00,-9.8049114566e-01,1.4652771155e+00,-2.4328822119e+00,-1.0228601251e+03,2.4545497854e+02,5.5627652023e+03,-1.6528457494e-02,-7.1212063943e-02,6.6913806727e-01,1.3756432747e+03,-3.6966892119e+02,2.6531394727e+03,1.2343716788e+03,-1.2911896998e+03,3.4780511751e+05,8.7111621654e-01,-9.1121362015e-01,2.4545174136e+02,-2.1163073242e+01,2.4225813769e+01,5.5626721933e+03,-9.9572259602e+03,1.1398245378e+04,2.6172372669e+06,-1.2034450787e+02,1.2588395510e+02,-3.3909102437e+04,3.6660900437e+00,-4.1966501579e+00,-9.6362456017e+02,1,4.2857144028e-02,5.0000000745e-02,5.0000000745e-02,4.2857144028e-02
1.0000000000e+17,-4.5409386018e+01,8.5127312298e+01,-3.3026731458e+04,7.1511936233e+17,1.0000000000e+17,1.4495879027e-01,7.1511936233e+17,6.1511936233e+17,6.1511936233e+17,1.4169997992e+03,5.8513984088e+17,4.3162352451e-02,9.8764754855e-04,4.6149120973e-01,0.0000000000e+00,0.0000000000e+00,-9.0018013581e+20,4.7049997786e+02,2.7434351132e+15,-7.3911875011e-01,7.8326875011e-01,-4.1734120973e-01,0.0000000000e+00,0.0000000000e+00,-9.7964120973e-01,1.3606951511e+00,-2.3579790391e+00,-1.0223097500e+03,2.6430303612e+02,4.5979243505e+03,-1.1360204173e-02,-3.6790683928e-02,5.9039169248e-01,1.3530698651e+03,-3.9236735354e+02,3.1209764325e+03,1.1716346117e+03,-9.4162236180e+02,3.7451438577e+05,8.2684164551e-01,-6.6451825110e-01,2.6430090739e+02,-1.4417807572e+01,1.3763460038e+01,4.5978811454e+03,-6.7835784626e+03,6.4757079479e+03,2.1633030789e+06,-1.0620866815e+02,8.5358059542e+01,-3.3949726065e+04,3.0382060497e+00,-2.9003180507e+00,-9.6889282520e+02,1,4.5714285225e-02,5.0000000745e-02,5.0000000745e-02,4.5714285225e-02
1.0000000000e+17,-4.2659757722e+01,8.1679291245e+01,-3.3004216319e+04,6.9334737295e+17,1.0000000000e+17,1.4585049847e-01,6.9334737295e+17,5.9334737295e+17,5.9334737295e+17,1.4169997992e+03,5.6358870982e+17,4.3086837852e-02,1.0631621481e-03,4.6059950153e-01,0.0000000000e+00,0.0000000000e+00,-9.7758827423e+20,4.7049997786e+02,2.9851301146e+15,-7.4043243139e-01,7.8458243139e-01,-4.1644950153e-01,0.0000000000e+00,0.0000000000e+00,-9.7874950153e-01,1.2799113482e+00,-2.2506210721e+00,-1.0229767568e+03,2.6430303612e+02,4.5979243505e+03,-1.1360204173e-02,-3.6790683928e-02,5.9039169248e-01,1.3530698651e+03,-3.9236735354e+02,3.1209764325e+03,1.1716346117e+03,-9.4162236180e+02,3.7451438577e+05,8.2684164551e-01,-6.6451825110e-01,2.6430090739e+02,-1.4417807572e+01,1.3763460038e+01,4.5978811454e+03,-6.7835784626e+03,6.4757079479e+03,2.1633030789e+06,-1.0620866815e+02,8.5358059542e+01,-3.3949726065e+04,3.0382060497e+00,-2.9003180507e+00,-9.6889282520e+02,1,4.8571430147e-02,5.0000000745e-02,5.0000000745e-02,4.8571430147e-02
1.0000000000e+17,-4.0004027070e+01,7.8453587204e+01,-3.2979709275e+04,6.7097989222e+17,1.0000000000e+17,1.4681182535e-01,6.7097989222e+17,5.7097989222e+17,5.7097989222e+17,1.4169997992e+03,5.4145454246e+17,4.3007923621e-02,1.1420763792e-03,4.5963817465e-01,0.0000000000e+00,0.0000000000e+00,-1.0604773707e+21,4.7049997786e+02,3.2459139302e+15,-7.4163697689e-01,7.8578697689e-01,-4.1548817465e-01,0.0000000000e+00,0.0000000000e+00,-9.7778817465e-01,1.2058920837e+00,-2.1511800886e+00,-1.0235904871e+03,2.8810077640e+02,3.8339659727e+03,-8.5771297335e-03,-1.9545846805e-02,5.1148008789e-01,1.3423531584e+03,-4.1143606751e+02,3.6083154100e+03,1.2283287482e+03,-7.2409768232e+02,4.0823631005e+05,8.6685162191e-01,-5.1100753869e-01,2.8809901909e+02,-1.0844252254e+01,7.8107915343e+00,3.8339426800e+03,-5.1022206857e+03,3.6749774169e+03,1.8038700309e+06,-1.0227597665e+02,6.0291512148e+01,-3.3991524966e+04,2.7501492455e+00,-1.9808504949e+00,-9.7230443571e+02,1,5.1428571343e-02,5.0000000745e-02,5.0000000745e-02,5.1428571343e-02
1.0000000000e+17,-3.7442184043e+01,7.5450192742e+01,-3.2953210369e+04,6.4801689753e+17,1.0000000000e+17,1.4784277187e-01,6.4801689753e+17,5.4801689753e+17,5.4801689753e+17,1.4169997992e+03,5.1873731350e+17,4.2925609663e-02,1.2243903367e-03,4.5860722813e-01,0.0000000000e+00,0.0000000000e+00,-1.1488475131e+21,4.7049997786e+02,3.5257868316e+15,-7.4273238845e-01,7.8688238845e-01,-4.1445722813e-01,0.0000000000e+00,0.0000000000e+00,-9.7675722813e-01,1.1386370638e+00,-2.0596558451e+00,-1.0241509398e+03,2.8810182682e+02,3.8339677780e+03,-4.0163234614e-02,-8.6410971675e-03,5.3610637070e-01,4.2165009234e+02,-1.3321391335e+03,3.6083154100e+03,1.5694242254e+02,-1.7954840080e+03,4.0823631005e+05,1.1075682607e-01,-1.2671023345e+00,2.8809901909e+02,-6.2907314599e+00,1.2364312329e+01,3.8339426800e+03,-2.9597891519e+03,5.8174089507e+03,1.8038700309e+06,-1.2753421126e+01,1.4590423233e+02,-3.3174010550e+04,1.6647622787e+00,-3.2720584081e+00,-1.0146042941e+03,1,5.4285712540e-02,5.0000000745e-02,5.0000000745e-02,5.4285712540e-02
1.0000000000e+17,-3.4875179395e+01,7.2620486463e+01,-3.2924011309e+04,6.2483284173e+17,1.0000000000e+17,1.4891919249e-01,6.2483284173e+17,5.2483284173e+17,5.2483284173e+17,1.4169997992e+03,4.9581120252e+17,4.2840631116e-02,1.3093688839e-03,4.5753080751e-01,0.0000000000e+00,0.0000000000e+00,-1.2414806330e+21,4.7049997786e+02,3.8211675815e+15,-7.4377225524e-01,7.8792225524e-01,-4.1338080751e-01,0.0000000000e+00,0.0000000000e+00,-9.7568080751e-01,1.0727461601e+00,-1.9750619104e+00,-1.0247247038e+03,3.1794451485e+02,3.2118433044e+03,-1.9068686224e-02,-7.1041966931e-03,4.5604717225e-01,4.4131424265e+02,-1.3241432218e+03,4.1176084608e+03,-4.5886655452e+00,-2.0544643295e+03,4.5052269319e+05,-3.2382960799e-03,-1.4498689693e+00,3.1794120902e+02,-3.4921977749e+00,1.0105789696e+01,3.2118255073e+03,-1.6430790531e+03,4.7547740517e+03,1.5111639012e+06,3.3704734484e-01,1.5090481982e+02,-3.3091859939e+04,1.1051121775e+00,-3.1979950665e+00,-1.0163878763e+03,1,5.7142857462e-02,5.0000000745e-02,5.0000000745e-02,5.7142857462e-02
1.0000000000e+17,-3.2296819791e+01,7.0172902282e+01,-3.2888872239e+04,6.0116256379e+17,1.0000000000e+17,1.5009565123e-01,6.0116256379e+17,5.0116256379e+17,5.0116256379e+17,1.4169997992e+03,4.7242565508e+17,4.2749790823e-02,1.4002091765e-03,4.5635434877e-01,0.0000000000e+00,0.0000000000e+00,-1.3434919027e+21,4.7049997786e+02,4.1506643237e+15,-7.4468991914e-01,7.8883991914e-01,-4.1220434877e-01,0.0000000000e+00,0.0000000000e+00,-9.7450434877e-01,1.0098563129e+00,-1.9057148097e+00,-1.0253277432e+03,3.1794454659e+02,3.2118430806e+03,2.3787634536e-03,-7.3918931894e-03,4.7451557683e-01,-1.3216380997e+03,-1.3241432218e+03,4.1176084608e+03,2.0134663810e+02,-2.0544643295e+03,4.5052269319e+05,1.4209360487e-01,-1.4498689693e+00,3.1794120902e+02,-3.2799146716e+00,1.0105789680e+01,3.2118255073e+03,-1.5431998530e+03,4.7547740445e+03,1.5111639012e+06,-1.4468124049e+01,1.4762722166e+02,-3.2373116698e+04,1.0784665856e+00,-3.3228780571e+00,-1.0560782323e+03,1,5.9999998659e-02,5.0000000745e-02,5.0000000745e-02,5.9999998659e-02
1.0000000000e+17,-2.9685077126e+01,6.7762062360e+01,-3.2852068930e+04,5.7746189927e+17,1.0000000000e+17,1.5129121281e-01,5.7746189927e+17,4.7746189927e+17,4.7746189927e+17,1.4169997992e+03,4.4901855934e+17,4.2657614130e-02,1.4923858699e-03,4.5515878719e-01,0.0000000000e+00,0.0000000000e+00,-1.4475970796e+21,4.7049997786e+02,4.4882742527e+15,-7.4558911026e-01,7.8973911026e-01,-4.1100878719e-01,0.0000000000e+00,0.0000000000e+00,-9.7330878719e-01,9.4657256848e-01,-1.8380792361e+00,-1.0259538792e+03,3.5536151609e+02,2.6945701380e+03,1.1183609446e-03,-6.5023063082e-03,3.9708893739e-01,-1.3118639706e+03,-1.3150576432e+03,4.6524400825e+03,-1.9133736920e+02,-2.5201345073e+03,5.0354092556e+05,-1.3502990063e-01,-1.7785000051e+00,3.5535703992e+02,-1.5287080209e+00,8.8380302291e+00,2.6945552102e+03,-7.1925712384e+02,4.1582932228e+03,1.2677882264e+06,1.2221529630e+01,1.6097168410e+02,-3.2163295478e+04,6.0014373712e-01,-3.4696543865e+00,-1.0578347281e+03,1,6.2857143581e-02,5.0000000745e-02,5.0000000745e-02,6.2857143581e-02
1.0000000000e+17,-2.6839674763e+01,6.5608502339e+01,-3.2803616632e+04,5.5354879198e+17,1.0000000000e+17,1.5262048089e-01,5.5354879198e+17,4.5354879198e+17,4.5354879198e+17,1.4169997992e+03,4.2546088594e+17,4.2556083606e-02,1.5939163938e-03,4.5382951911e-01,0.0000000000e+00,0.0000000000e+00,-1.5663584826e+21,4.7049997786e+02,4.8826728442e+15,-7.4635898273e-01,7.9050898273e-01,-4.0967951911e-01,0.0000000000e+00,0.0000000000e+00,-9.7197951911e-01,8.8053212540e-01,-1.7824261680e+00,-1.0267416757e+03,3.5535910207e+02,2.6945670297e+03,-8.1653301673e-03,4.1768190641e-03,3.8234700042e-01,-4.7182578835e+02,1.3235537511e+03,4.6524400825e+03,-1.5750116741e+03,-6.7978460487e+02,5.0354092556e+05,-1.1115114143e+00,-4.7973507754e-01,3.5535703992e+02,6.2014229876e+00,5.0238594944e+00,2.6945552102e+03,2.9177695157e+03,2.3637258921e+03,1.2677882264e+06,1.0306570550e+02,4.4483784495e+01,-3.2950740362e+04,-2.3426902842e+00,-1.8978461637e+00,-1.0179128764e+03,1,6.5714284778e-02,5.0000000745e-02,5.0000000745e-02,6.5714284778e-02
1.0000000000e+17,-2.3994272927e+01,6.3454938605e+01,-3.2755164458e+04,5.2963569212e+17,1.0000000000e+17,1.5394974872e-01,5.2963569212e+17,4.2963569212e+17,4.2963569212e+17,1.4169997992e+03,4.0190321683e+17,4.2454553082e-02,1.6954469176e-03,4.5250025128e-01,0.0000000000e+00,0.0000000000e+00,-1.6851198714e+21,4.7049997786e+02,5.2770713879e+15,-7.4712885520e-01,7.9127885520e-01,-4.0835025128e-01,0.0000000000e+00,0.0000000000e+00,-9.7065025128e-01,8.1449169306e-01,-1.7267730241e+00,-1.0275294680e+03,3.5535910207e+02,2.6945670297e+03,-8.1653301673e-03,4.1768190641e-03,3.8234700042e-01,-4.7182578835e+02,1.3235537511e+03,4.6524400825e+03,-1.5750116741e+03,-6.7978460487e+02,5.0354092556e+05,-1.1115114143e+00,-4.7973507754e-01,3.5535703992e+02,6.2014229876e+00,5.0238594944e+00,2.6945552102e+03,2.9177695157e+03,2.3637258921e+03,1.2677882264e+06,1.0306570550e+02,4.4483784495e+01,-3.2950740362e+04,-2.3426902842e+00,-1.8978461637e+00,-1.0179128764e+03,1,6.8571425974e-02,5.0000000745e-02,5.0000000745e-02,6.8571425974e-02
1.0000000000e+17,-2.0580275036e+01,6.1462498063e+01,-3.2689360293e+04,5.0589878962e+17,1.0000000000e+17,1.5542944377e-01,5.0589878962e+17,4.0589878962e+17,4.0589878962e+17,1.4169997992e+03,3.7864287278e+17,4.2340415721e-02,1.8095842791e-03,4.5102055623e-01,0.0000000000e+00,0.0000000000e+00,-1.8226928383e+21,4.7049997786e+02,5.7515634664e+15,-7.4778185381e-01,7.9193185381e-01,-4.0687055623e-01,0.0000000000e+00,0.0000000000e+00,-9.6917055623e-01,7.3520848190e-01,-1.6794452608e+00,-1.0286497964e+03,4.0242510994e+02,2.2582296566e+03,-7.8489982448e-03,2.5377260370e-03,3.1509903920e-01,-4.9455626601e+02,1.3138143651e+03,5.2140214902e+03,-2.3831900421e+03,-3.4283564602e+02,5.7023129766e+05,-1.6818560636e+00,-2.4194470432e-01,4.0242152270e+02,6.1825887850e+00,3.0194471636e+00,2.2582191746e+03,2.9089080233e+03,1.4206498905e+03,1.0624921216e+06,1.3707593120e+02,1.9719164060e+01,-3.2798469591e+04,-2.7932382070e+00,-1.3641591694e+00,-1.0202431858e+03,1,7.1428574622e-02,5.0000000745e-02,5.0000000745e-02,7.1428574622e-02
1.0000000000e+17,-1.7128377300e+01,5.9480806396e+01,-3.2622399495e+04,4.8217369953e+17,1.0000000000e+17,1.5691916333e-01,4.8217369953e+17,3.8217369953e+17,3.8217369953e+17,1.4169997992e+03,3.5540241520e+17,4.2225438210e-02,1.9245617902e-03,4.4953083667e-01,0.0000000000e+00,0.0000000000e+00,-1.9615195441e+21,4.7049997786e+02,6.2313938647e+15,-7.4842705891e-01,7.9257705891e-01,-4.0538083667e-01,0.0000000000e+00,0.0000000000e+00,-9.6768083667e-01,6.5504257122e-01,-1.6326726896e+00,-1.0297922910e+03,4.0242510994e+02,2.2582296566e+03,-7.8489982448e-03,2.5377260370e-03,3.1509903920e-01,-4.9455626601e+02,1.3138143651e+03,5.2140214902e+03,-2.3831900421e+03,-3.4283564602e+02,5.7023129766e+05,-1.6818560636e+00,-2.4194470432e-01,4.0242152270e+02,6.1825887850e+00,3.0194471636e+00,2.2582191746e+03,2.9089080233e+03,1.4206498905e+03,1.0624921216e+06,1.3707593120e+02,1.9719164060e+01,-3.2798469591e+04,-2.7932382070e+00,-1.3641591694e+00,-1.0202431858e+03,1,7.4285715818e-02,5.0000000745e-02,5.0000000745e-02,7.4285715818e-02
1.0000000000e+17,-1.2815128668e+01,5.7733726708e+01,-3.2537282986e+04,4.5887876105e+17,1.0000000000e+17,1.5853389876e-01,4.5887876105e+17,3.5887876105e+17,3.5887876105e+17,1.4169997992e+03,3.3276120276e+17,4.2097715997e-02,2.0522840035e-03,4.4791610124e-01,0.0000000000e+00,0.0000000000e+00,-2.1175026265e+21,4.7049997786e+02,6.7958901601e+15,-7.4899272641e-01,7.9314272641e-01,-4.0376610124e-01,0.0000000000e+00,0.0000000000e+00,-9.6606610124e-01,5.4837364024e-01,-1.5950048442e+00,-1.0313636789e+03,4.6190436871e+02,1.8870554321e+03,-8.0774207962e-03,8.3323245955e-04,2.5605928756e-01,-5.1580488339e+02,1.3012551947e+03,5.7974289222e+03,-3.7357744281e+03,2.7766914324e+02,6.5450777020e+05,-2.6363969147e+00,1.9595564096e-01,4.6189680324e+02,6.5944765137e+00,9.7737822076e-01,1.8870436565e+03,3.1027011997e+03,4.5985645287e+02,8.8785404039e+05,1.8602898330e+02,-1.3826988059e+01,-3.2592282375e+04,-3.5770078557e+00,-5.3015422322e-01,-1.0235793500e+03,1,7.7142857015e-02,5.0000000745e-02,5.0000000745e-02,7.7142857015e-02
1.0000000000e+17,-8.2147624160e+00,5.6064851606e+01,-3.2446114588e+04,4.3572720604e+17,1.0000000000e+17,1.6019030606e-01,4.3572720604e+17,3.3572720604e+17,3.3572720604e+17,1.4169997992e+03,3.1031973830e+17,4.1965745558e-02,2.1842544422e-03,4.4625969394e-01,0.0000000000e+00,0.0000000000e+00,-2.2792044897e+21,4.7049997786e+02,7.3886083690e+15,-7.4953188143e-01,7.9368188143e-01,-4.0210969394e-01,0.0000000000e+00,0.0000000000e+00,-9.6440969394e-01,4.3287036794e-01,-1.5603719365e+00,-1.0330780309e+03,4.6190248628e+02,1.8870581154e+03,-5.2940928278e-03,-7.0481963312e-03,2.4357044039e-01,1.3078478616e+03,-5.0072451248e+02,5.7974289222e+03,2.8227891315e+03,-1.6041326723e+03,6.5450777020e+05,1.9920883073e+00,-1.1320625775e+00,4.6189680324e+02,-6.5236596718e+00,3.4657432714e+00,1.8870436565e+03,-3.0693818756e+03,1.6306322092e+03,8.8785404039e+05,-1.4636947351e+02,8.3178744053e+01,-3.3938049662e+04,3.3889114932e+00,-1.8003847221e+00,-9.8028166053e+02,1,7.9999998212e-02,5.0000000745e-02,5.0000000745e-02,7.9999998212e-02
1.0000000000e+17,-2.5437564500e+00,5.4957338419e+01,-3.2337925143e+04,4.1308477158e+17,1.0000000000e+17,1.6194140838e-01,4.1308477158e+17,3.1308477158e+17,3.1308477158e+17,1.4169997992e+03,2.8859218943e+17,4.1821651838e-02,2.3283481623e-03,4.4450859162e-01,0.0000000000e+00,0.0000000000e+00,-2.4541339539e+21,4.7049997786e+02,8.0650587993e+15,-7.5002019106e-01,7.9417019106e-01,-4.0035859162e-01,0.0000000000e+00,0.0000000000e+00,-9.6265859162e-01,2.7475688244e-01,-1.5462446563e+00,-1.0352771571e+03,5.3734115352e+02,1.5706916719e+03,-5.5028449696e-03,-8.2049193984e-03,1.9547689331e-01,1.2959705519e+03,-5.2611200383e+02,6.3866436569e+03,3.9585458251e+03,-2.6173460324e+03,7.6139762571e+05,2.7936103212e+00,-1.8471037631e+00,5.3733071680e+02,-6.7037707648e+00,4.2266333684e+00,1.5706716789e+03,-3.1541241448e+03,1.9886309998e+03,7.3900102495e+05,-1.7566297658e+02,1.1614638686e+02,-3.3787501573e+04,4.1996226382e+00,-2.6478031246e+00,-9.8395792035e+02,1,8.2857139409e-02,5.0000000745e-02,5.0000000745e-02,8.2857139409e-02
1.0000000000e+17,3.9599980814e+00,5.4286437350e+01,-3.2216496800e+04,3.9083826627e+17,1.0000000000e+17,1.6376616730e-01,3.9083826627e+17,2.9083826627e+17,2.9083826627e+17,1.4169997992e+03,2.6741985590e+17,4.1668128465e-02,2.4818715349e-03,4.4268383270e-01,0.0000000000e+00,0.0000000000e+00,-2.6393520627e+21,4.7049997786e+02,8.8066364145e+15,-7.5046895530e-01,7.9461895530e-01,-3.9853383270e-01,0.0000000000e+00,0.0000000000e+00,-9.6083383270e-01,8.3501237962e-02,-1.5480661373e+00,-1.0378533360e+03,5.3735159477e+02,1.5706987670e+03,-6.9972882349e-03,-6.5568181984e-03,2.0551037938e-01,5.4870704157e+02,-1.2733755142e+03,6.3866436569e+03,-1.3478682130e+02,-6.7106786788e+03,7.6139762571e+05,-9.5121257093e-02,-4.7358353414e+00,5.3733071680e+02,-1.9045422255e+00,9.0258619181e+00,1.5706716790e+03,-8.9608711711e+02,4.2466680325e+03,7.3900102495e+05,5.7268585097e+00,2.8512511035e+02,-3.2350465943e+04,1.2485695881e+00,-5.9171261975e+00,-1.0296925239e+03,1,8.5714288056e-02,5.0000000745e-02,5.0000000745e-02,8.5714288056e-02
1.0000000000e+17,-2.7356456619e+00,5.1686568238e+01,-3.2114371976e+04,3.6903327774e+17,1.0000000000e+17,1.6565133076e-01,3.6903327774e+17,2.6903327774e+17,2.6903327774e+17,1.4169997992e+03,2.4688834368e+17,4.1504362081e-02,2.6456379195e-03,4.4079866924e-01,0.0000000000e+00,0.0000000000e+00,-2.8316538302e+21,4.7049997786e+02,9.6210208835e+15,-7.5088900091e-01,7.9503900091e-01,-3.9664866924e-01,0.0000000000e+00,0.0000000000e+00,-9.5894866924e-01,2.4906307567e-01,-1.5013821212e+00,-1.0398836684e+03,6.3298396918e+02,1.3026933958e+03,-5.4357090074e-03,-8.4603951260e-03,1.6432815118e-01,5.8477639311e+02,-1.2498854122e+03,6.9504623625e+03,-6.9048097812e+02,-1.1039519294e+04,8.9687007874e+05,-4.8728368252e-01,-7.7907687324e+00,6.3293583538e+02,-1.6328370756e+00,1.1440206068e+01,1.3026421377e+03,-7.6824984408e+02,5.3826169548e+03,6.1289312579e+05,2.4605397420e+01,3.9339499300e+02,-3.1960105232e+04,1.3015336111e+00,-9.1189824980e+00,-1.0383353923e+03,1,8.8571429253e-02,5.0000000745e-02,5.0000000745e-02,8.8571429253e-02
1.0000000000e+17,-3.1430183862e+01,4.5871762662e+01,-3.2044419174e+04,3.4796405866e+17,1.0000000000e+17,1.6763717600e-01,3.4796405866e+17,2.4796405866e+17,2.4796405866e+17,1.4169997992e+03,2.2742477496e+17,4.1323523375e-02,2.8264766250e-03,4.3881282400e-01,0.0000000000e+00,0.0000000000e+00,-3.0357624597e+21,4.7049997786e+02,1.0556753046e+16,-7.5126118416e-01,7.9541118416e-01,-3.9466282400e-01,0.0000000000e+00,0.0000000000e+00,-9.5696282400e-01,1.0093177942e+00,-1.3738560266e+00,-1.0410042669e+03,6.3297491316e+02,1.3026779768e+03,-6.1448984329e-03,-9.3483535339e-03,1.7272515680e-01,-1.1979205223e+03,5.9672201929e+02,6.9504623625e+03,-7.9591648792e+03,5.9983254441e+03,8.9687007874e+05,-5.6169124059e+00,4.2331160509e+00,6.3293583538e+02,7.5891873636e+00,-5.9813410873e+00,1.3026421377e+03,3.5707126546e+03,-2.8142209816e+03,6.1289312579e+05,2.7092808588e+02,-2.0418157630e+02,-3.0529244890e+04,-6.3430393483e+00,4.9992021615e+00,-1.0887477065e+03,1,9.1428570449e-02,5.0000000745e-02,5.0000000745e-02,9.1428570449e-02
1.0000000000e+17,-4.9626444303e+01,4.0466998812e+01,-3.1982953821e+04,3.2715500046e+17,1.0000000000e+17,1.6967325131e-01,3.2715500046e+17,2.2715500046e+17,2.2715500046e+17,1.4169997992e+03,2.0818680987e+17,4.1135578071e-02,3.0144219294e-03,4.3677674869e-01,0.0000000000e+00,0.0000000000e+00,-3.2425791573e+21,4.7049997786e+02,1.1551363955e+16,-7.5162050548e-01,7.9577050548e-01,-3.9262674869e-01,0.0000000000e+00,0.0000000000e+00,-9.5492674869e-01,1.4912960258e+00,-1.2440603709e+00,-1.0416911584e+03,7.6561049827e+02,1.0625652707e+03,-5.2850713070e-03,-1.1749939080e-02,1.2695382343e-01,-6.9230647358e+02,3.1000462743e+02,7.8880947151e+03,-5.5249679663e+03,4.8211290115e+03,1.0848452947e+06,-3.8990599621e+00,3.4023493377e+00,7.6559300964e+02,3.8155443503e+00,-3.8180934040e+00,1.0625515603e+03,1.7952136168e+03,-1.7964129466e+03,4.9993050910e+05,1.5774196488e+02,-1.3764683666e+02,-3.0973143992e+04,-3.8473162851e+00,3.8498865648e+00,-1.0713993984e+03,1,9.4285711646e-02,5.0000000745e-02,5.0000000745e-02,9.4285711646e-02
1.0000000000e+17,-2.2329835354e+01,3.6839237801e+01,-3.1958267542e+04,3.0747326106e+17,1.0000000000e+17,1.7192699728e-01,3.0747326106e+17,2.0747326106e+17,2.0747326106e+17,1.4169997992e+03,1.8992641954e+17,4.0916836767e-02,3.2331632327e-03,4.3452300272e-01,0.0000000000e+00,0.0000000000e+00,-3.4611314474e+21,4.7049997786e+02,1.2801120787e+16,-7.5192409226e-01,7.9607409226e-01,-3.9037300272e-01,0.0000000000e+00,0.0000000000e+00,-9.5267300272e-01,7.6740056293e-01,-1.1044344077e+00,-1.0404986398e+03,7.6561066257e+02,1.0625655019e+03,-8.9396691274e-03,-6.3824291489e-03,1.2691817744e-01,-3.5347054799e+02,6.4884055304e+02,7.8880947151e+03,-4.5595148928e+03,5.7865820846e+03,1.0848452947e+06,-3.2177239893e+00,4.0836853103e+00,7.6559300964e+02,3.3211702320e+00,-4.3124675646e+00,1.0625515603e+03,1.5626105942e+03,-2.0290159891e+03,4.9993050910e+05,1.3021350004e+02,-1.6525685829e+02,-3.0981695672e+04,-3.3479921489e+00,4.3472952423e+00,-1.0711327734e+03,1,9.7142860293e-02,5.0000000745e-02,5.0000000745e-02,9.7142860293e-02
1.0000000000e+17,4.9667088723e+00,3.3211470310e+01,-3.1933581238e+04,2.8779157638e+17,1.0000000000e+17,1.7418073731e-01,2.8779157638e+17,1.8779157638e+17,1.8779157638e+17,1.4169997992e+03,1.7166607907e+17,4.0698096011e-02,3.4519039888e-03,4.3226926269e-01,0.0000000000e+00,0.0000000000e+00,-3.6796831431e+21,4.7049997786e+02,1.4050874487e+16,-7.5222767821e-01,7.9637767821e-01,-3.8811926269e-01,0.0000000000e+00,0.0000000000e+00,-9.5041926269e-01,4.3506622301e-02,-9.6480819008e-01,-1.0393061282e+03,9.2246290613e+02,8.8029435517e+02,-1.0007537207e-02,-7.1448278752e-03,9.5246055139e-02,-3.5347054799e+02,6.4884055304e+02,7.8420839616e+03,-4.5595148928e+03,5.7865820847e+03,1.3071091772e+06,-3.2177239893e+00,4.0836853103e+00,9.2244825489e+02,3.3211702318e+00,-4.3124675644e+00,8.8027752680e+02,1.5626105941e+03,-2.0290159890e+03,4.1417057636e+05,1.1644899164e+02,-1.4778801356e+02,-3.3383276341e+04,-3.7504194661e+00,4.8698383917e+00,-9.9405021172e+02,1,1.0000000149e-01,5.0000000745e-02,5.0000000745e-02,1.0000000149e-01
1.0000000000e+17,-1.3371683438e+01,2.8390506225e+01,-3.1776236579e+04,2.6964639217e+17,1.0000000000e+17,1.7642928089e-01,2.6964639217e+17,1.6964639217e+17,1.6964639217e+17,1.4169997992e+03,1.5663916091e+17,4.0434460459e-02,3.7155395406e-03,4.3002071911e-01,0.0000000000e+00,0.0000000000e+00,-3.8644782068e+21,4.7049997786e+02,1.5563495624e+16,-7.5247847075e-01,7.9662847075e-01,-3.8587071911e-01,0.0000000000e+00,0.0000000000e+00,-9.4817071911e-01,6.5509513937e-01,-8.2539697441e-01,-1.0441935185e+03,9.2273869048e+02,8.7778535067e+02,-1.6427247510e-03,-7.4952862407e-03,1.0173095900e-01,-3.2564740391e+02,6.4884055304e+02,7.8699071057e+03,-4.1674137158e+03,5.7865820847e+03,1.3075012784e+06,-2.9410117966e+00,4.0836853103e+00,9.2272496708e+02,8.1801954401e-01,-4.3124675644e+00,8.7777437609e+02,3.8487819546e+02,-2.0290159890e+03,4.1299284395e+05,1.0143893055e+02,-1.4085107413e+02,-3.1825861413e+04,-9.6674194116e-01,5.0965081395e+00,-1.0373606724e+03,1,1.0285714269e-01,5.0000000745e-02,5.0000000745e-02,1.0285714269e-01
1.0000000000e+17,-3.1710031474e+01,2.3569530917e+01,-3.1618891809e+04,2.5150121072e+17,1.0000000000e+17,1.7867782443e-01,2.5150121072e+17,1.5150121072e+17,1.5150121072e+17,1.4169997992e+03,1.4161224342e+17,4.0170824908e-02,3.9791750921e-03,4.2777217557e-01,0.0000000000e+00,0.0000000000e+00,-4.0492732620e+21,4.7049997786e+02,1.7076116772e+16,-7.5272926328e-01,7.9687926328e-01,-3.8362217557e-01,0.0000000000e+00,0.0000000000e+00,-9.4592217557e-01,1.2666820394e+00,-6.8598498294e-01,-1.0490809122e+03,9.2273838782e+02,8.7778187560e+02,-4.0171682160e-03,-6.6470290580e-03,1.0708743730e-01,-6.0061086136e+02,3.7387709559e+02,7.8699071057e+03,-5.2846635389e+03,4.6693322613e+03,1.3075012784e+06,-3.7294732103e+00,3.2952238965e+00,9.2272496708e+02,2.5159147859e+00,-2.6145723436e+00,8.7777437609e+02,1.1837379068e+03,-1.2301562876e+03,4.1299284395e+05,1.2216954884e+02,-1.0794447206e+02,-3.0226492208e+04,-3.1367591513e+00,3.2597621236e+00,-1.0943799935e+03,1,1.0571428388e-01,5.0000000745e-02,5.0000000745e-02,1.0571428388e-01
1.0000000000e+17,-2.9642346494e+01,2.1830109008e+01,-3.1381294325e+04,2.3467806550e+17,1.0000000000e+17,1.8097972187e-01,2.3467806550e+17,1.3467806550e+17,1.3467806550e+17,1.4169997992e+03,1.2848859016e+17,3.9859880547e-02,4.2901194530e-03,4.2547027813e-01,0.0000000000e+00,0.0000000000e+00,-4.1842250137e+21,4.7049997786e+02,1.8892453771e+16,-7.5294391941e-01,7.9709391941e-01,-3.8132027813e-01,0.0000000000e+00,0.0000000000e+00,-9.4362027813e-01,1.2202927300e+00,-6.3817767411e-01,-1.0566764460e+03,1.1265392082e+03,7.2211929690e+02,-4.0289564509e-03,-7.5380971166e-03,8.7325244519e-02,-5.3369808374e+02,3.7655160683e+02,8.0997394115e+03,-6.5315174785e+03,7.5832306706e+03,1.5962746833e+06,-4.6093983616e+00,5.3516095064e+00,1.1265170666e+03,2.2430663328e+00,-2.9823948366e+00,7.2210965437e+02,1.0553627096e+03,-1.4032167706e+03,3.3975259238e+05,1.2117223407e+02,-1.4068354021e+02,-2.9613971058e+04,-3.4569656662e+00,4.5964028806e+00,-1.1128998933e+03,1,1.0857142508e-01,5.0000000745e-02,5.0000000745e-02,1.0857142508e-01
1.0000000000e+17,-2.2865521284e+01,2.0801819352e+01,-3.1125176174e+04,2.1815996273e+17,1.0000000000e+17,1.8329393785e-01,2.1815996273e+17,1.1815996273e+17,1.1815996273e+17,1.4169997992e+03,1.1580412071e+17,3.9538017876e-02,4.6119821240e-03,4.2315606215e-01,0.0000000000e+00,0.0000000000e+00,-4.3076747318e+21,4.7049997786e+02,2.0778884313e+16,-7.5315023688e-01,7.9730023688e-01,-3.7900606215e-01,0.0000000000e+00,0.0000000000e+00,-9.4130606215e-01,1.0220609072e+00,-6.1151041990e-01,-1.0648969615e+03,1.1265408113e+03,7.2211911305e+02,-5.2088901054e-03,-5.2115346446e-03,8.2924552628e-02,-3.3197337687e+02,5.7827631368e+02,8.0997394115e+03,-9.0329206180e+03,5.0818275313e+03,1.5962746833e+06,-6.3746793352e+00,3.5863285330e+00,1.1265170666e+03,2.5503558726e+00,-2.6751052546e+00,7.2210965437e+02,1.1999424381e+03,-1.2586370223e+03,3.3975259238e+05,1.7687836015e+02,-9.9509932427e+01,-3.1257492486e+04,-3.7238049600e+00,3.9059530172e+00,-1.0543608998e+03,1,1.1142857373e-01,5.0000000745e-02,5.0000000745e-02,1.1142857373e-01
1.0000000000e+17,-1.9714097598e+01,2.0778986785e+01,-3.0862932050e+04,2.0268216841e+17,1.0000000000e+17,1.8560711262e-01,2.0268216841e+17,1.0268216841e+17,1.0268216841e+17,1.4169997992e+03,1.0454936582e+17,3.9169818585e-02,4.9801814149e-03,4.2084288738e-01,0.0000000000e+00,0.0000000000e+00,-4.3718799481e+21,4.7049997786e+02,2.2921265004e+16,-7.5333391985e-01,7.9748391985e-01,-3.7669288738e-01,0.0000000000e+00,0.0000000000e+00,-9.3899288738e-01,9.4329072900e-01,-6.2905036852e-01,-1.0739985505e+03,1.3860439661e+03,5.9537084159e+02,-6.1682874152e-03,-5.1282330141e-03,6.9350619546e-02,-3.0492801825e+02,5.3014803947e+02,8.0939426202e+03,-1.2870019422e+04,6.4448233008e+03,1.9639715573e+06,-9.0825825138e+00,4.5482168672e+00,1.3860067447e+03,2.7553035922e+00,-2.4181605720e+00,5.9535955507e+02,1.2963703401e+03,-1.1377445491e+03,2.8011667066e+05,2.0109396102e+02,-1.0070031778e+02,-3.0687041474e+04,-4.9686741651e+00,4.3606998501e+00,-1.0736194910e+03,1,1.1428571492e-01,5.0000000745e-02,5.0000000745e-02,1.1428571492e-01
1.0000000000e+17,-1.8737901834e+01,2.1359419687e+01,-3.0597011922e+04,1.8782853188e+17,1.0000000000e+17,1.8791966629e-01,1.8782853188e+17,8.7828531879e+16,8.7828531879e+16,1.4169997992e+03,9.4152417564e+16,3.8773816888e-02,5.3761831117e-03,4.1853033371e-01,0.0000000000e+00,0.0000000000e+00,-4.4005387476e+21,4.7049997786e+02,2.5217218336e+16,-7.5350402248e-01,7.9765402248e-01,-3.7438033371e-01,0.0000000000e+00,0.0000000000e+00,-9.3668033371e-01,9.3619684189e-01,-6.7311413327e-01,-1.0836287960e+03,1.3860426096e+03,5.9537769352e+02,-1.0699732926e-02,-6.5195496177e-03,6.9340154550e-02,4.2956276316e+02,-4.9454976302e+02,8.0939426202e+03,4.2867467208e+03,-1.3462788372e+04,1.9639715573e+06,3.0252270436e+00,-9.5009092253e+00,1.3860067447e+03,-3.0251680391e+00,3.5279576436e+00,5.9535955507e+02,-1.4233415624e+03,1.6599040713e+03,2.8011667066e+05,-6.6991557911e+01,2.1039105541e+02,-3.0692159552e+04,5.4594666862e+00,-6.3668420981e+00,-1.0744347471e+03,1,1.1714285612e-01,5.0000000745e-02,5.0000000745e-02,1.1714285612e-01
1.0000000000e+17,-1.7889435930e+01,2.1665193545e+01,-3.0325963036e+04,1.7369890914e+17,1.0000000000e+17,1.9020024451e-01,1.7369890914e+17,7.3698909139e+16,7.3698909139e+16,1.4169997992e+03,8.4664212262e+16,3.8337417660e-02,5.8125823397e-03,4.1624975549e-01,0.0000000000e+00,0.0000000000e+00,-4.3837912424e+21,4.7049997786e+02,2.7691924520e+16,-7.5366160675e-01,7.9781160675e-01,-3.7209975549e-01,0.0000000000e+00,0.0000000000e+00,-9.3439975549e-01,9.3319498339e-01,-7.1143407620e-01,-1.0940047587e+03,1.7092396103e+03,4.9523511297e+02,-1.2495288063e-02,-6.6940200097e-03,6.0077217603e-02,4.0593231124e+02,-4.4280642460e+02,7.8381383082e+03,7.9008278822e+03,-1.7145529642e+04,2.4219189525e+06,5.5757430361e+00,-1.2099879775e+01,1.7091876870e+03,-3.4599805521e+00,3.2307479739e+00,4.9521248764e+02,-1.6279208498e+03,1.5200669217e+03,2.3299747544e+05,-9.8164318063e+01,2.1302567911e+02,-3.0091279790e+04,7.6680176713e+00,-7.1599918503e+00,-1.0974911706e+03,1,1.1999999732e-01,5.0000000745e-02,5.0000000745e-02,1.1999999732e-01
1.0000000000e+17,-1.7205192668e+01,2.1617809477e+01,-3.0048319252e+04,1.6050013168e+17,1.0000000000e+17,1.9243971714e-01,1.6050013168e+17,6.0500131680e+16,6.0500131680e+16,1.4169997992e+03,7.6344372414e+16,3.7849077331e-02,6.3009226685e-03,4.1401028286e-01,0.0000000000e+00,0.0000000000e+00,-4.3086638444e+21,4.7049997786e+02,3.0396463463e+16,-7.5380309632e-01,7.9795309632e-01,-3.6986028286e-01,0.0000000000e+00,0.0000000000e+00,-9.3216028286e-01,9.3545381423e-01,-7.4236823236e-01,-1.1053395339e+03,1.7092396103e+03,4.9523511297e+02,-1.2495288063e-02,-6.6940200097e-03,6.0077217603e-02,4.0593231124e+02,-4.4280642460e+02,7.8381383082e+03,7.9008278822e+03,-1.7145529642e+04,2.4219189525e+06,5.5757430361e+00,-1.2099879775e+01,1.7091876870e+03,-3.4599805521e+00,3.2307479739e+00,4.9521248764e+02,-1.6279208498e+03,1.5200669217e+03,2.3299747544e+05,-9.8164318063e+01,2.1302567911e+02,-3.0091279790e+04,7.6680176713e+00,-7.1599918503e+00,-1.0974911706e+03,1,1.2285714597e-01,5.0000000745e-02,5.0000000745e-02,1.2285714597e-01
1.0000000000e+17,-1.6614153530e+01,2.1270976692e+01,-2.9771145482e+04,1.4770289534e+17,1.0000000000e+17,1.9464370994e-01,1.4770289534e+17,4.7702895337e+16,4.7702895337e+16,1.4169997992e+03,6.8468738746e+16,3.7332456530e-02,6.8175434704e-03,4.1180629006e-01,0.0000000000e+00,0.0000000000e+00,-4.2128781743e+21,4.7049997786e+02,3.3189394206e+16,-7.5393903449e-01,7.9808903449e-01,-3.6765629006e-01,0.0000000000e+00,0.0000000000e+00,-9.2995629006e-01,9.4245929463e-01,-7.5748499975e-01,-1.1169767148e+03,2.1051973169e+03,4.1752092538e+02,-1.2344326590e-02,-6.8105372216e-03,5.4328954719e-02,3.7423866547e+02,-3.8719565223e+02,7.3415035621e+03,1.0996467555e+04,-2.0901301929e+04,2.9829711044e+06,7.7603864186e+00,-1.4750389505e+01,2.1051313369e+03,-3.2948492675e+00,2.8564458503e+00,4.1749815307e+02,-1.5502265803e+03,1.3439577726e+03,1.9643288102e+05,-1.0870173058e+02,2.0661250348e+02,-2.9487116630e+04,8.8680412141e+00,-7.6880844829e+00,-1.1236905023e+03,1,1.2571428716e-01,5.0000000745e-02,5.0000000745e-02,1.2571428716e-01
1.0000000000e+17,-1.6302724275e+01,2.0025790578e+01,-2.9495378913e+04,1.3611014562e+17,1.0000000000e+17,1.9674128658e-01,1.3611014562e+17,3.6110145617e+16,3.6110145617e+16,1.4169997992e+03,6.1925636960e+16,3.6730989216e-02,7.4190107842e-03,4.0970871342e-01,0.0000000000e+00,0.0000000000e+00,-4.0551169102e+21,4.7049997786e+02,3.6247528486e+16,-7.5405831991e-01,7.9820831991e-01,-3.6555871342e-01,0.0000000000e+00,0.0000000000e+00,-9.2785871342e-01,9.6370450041e-01,-7.2515044651e-01,-1.1295212284e+03,2.1052089913e+03,4.1751281795e+02,-5.2281255285e-03,-7.1152133363e-03,5.6759412528e-02,-3.7223887147e+02,-3.8719565227e+02,7.3415035621e+03,-1.4819495168e+04,-2.0901301927e+04,2.9829711044e+06,-1.0458359328e+01,-1.4750389504e+01,2.1051313369e+03,2.0213991012e+00,2.8564459351e+00,4.1749815307e+02,9.5106827713e+02,1.3439578125e+03,1.9643288102e+05,1.3888064570e+02,1.9587619380e+02,-2.7954862724e+04,-5.6917973642e+00,-8.0430981859e+00,-1.1755792737e+03,1,1.2857143581e-01,5.0000000745e-02,5.0000000745e-02,1.2857143581e-01
1.0000000000e+17,-1.5985996209e+01,1.8784979360e+01,-2.9220270514e+04,1.2461281203e+17,1.0000000000e+17,1.9882652990e-01,1.2461281203e+17,2.4612812029e+16,2.4612812029e+16,1.4169997992e+03,5.5472596072e+16,3.6120998230e-02,8.0290017696e-03,4.0762347010e-01,0.0000000000e+00,0.0000000000e+00,-3.8945099181e+21,4.7049997786e+02,3.9320876649e+16,-7.5417654504e-01,7.9832654504e-01,-3.6347347010e-01,0.0000000000e+00,0.0000000000e+00,-9.2577347010e-01,9.8430116942e-01,-6.9258970923e-01,-1.1421103515e+03,2.5827266356e+03,3.5816847150e+02,-5.5291098707e-03,-7.1945200603e-03,5.3598661107e-02,-3.1595327470e+02,-3.3190774866e+02,6.6514391095e+03,-1.7887442960e+04,-2.4573330122e+04,3.6595974275e+06,-1.2623460099e+01,-1.7341799663e+01,2.5826375635e+03,1.8069185875e+00,2.4661077836e+00,3.5815542343e+02,8.5015519544e+02,1.1603037122e+03,1.6851212672e+05,1.3404177196e+02,1.8414329650e+02,-2.7423647133e+04,-6.0548357139e+00,-8.2637245449e+00,-1.2001493946e+03,1,1.3142856956e-01,5.0000000745e-02,5.0000000745e-02,1.3142856956e-01
1.0000000000e+17,-1.5589808286e+01,1.7609722898e+01,-2.8955012657e+04,1.1454578394e+17,1.0000000000e+17,2.0072694493e-01,1.1454578394e+17,1.4545783943e+16,1.4545783943e+16,1.4169997992e+03,5.0369943616e+16,3.5383100288e-02,8.7668997117e-03,4.0572305507e-01,0.0000000000e+00,0.0000000000e+00,-3.6912033026e+21,4.7049997786e+02,4.2622690259e+16,-7.5427887537e-01,7.9842887537e-01,-3.6157305507e-01,0.0000000000e+00,0.0000000000e+00,-9.2387305507e-01,9.9517344951e-01,-6.5663934463e-01,-1.1553696355e+03,2.5827266356e+03,3.5816847150e+02,-5.5291098707e-03,-7.1945200603e-03,5.3598661107e-02,-3.1595327470e+02,-3.3190774866e+02,6.6514391095e+03,-1.7887442960e+04,-2.4573330122e+04,3.6595974275e+06,-1.2623460099e+01,-1.7341799663e+01,2.5826375635e+03,1.8069185875e+00,2.4661077836e+00,3.5815542343e+02,8.5015519544e+02,1.1603037122e+03,1.6851212672e+05,1.3404177196e+02,1.8414329650e+02,-2.7423647133e+04,-6.0548357139e+00,-8.2637245449e+00,-1.2001493946e+03,1,1.3428571820e-01,5.0000000745e-02,5.0000000745e-02,1.3428571820e-01
1.0000000000e+17,-1.5193621988e+01,1.6434474157e+01,-2.8689756145e+04,1.0447880795e+17,1.0000000000e+17,2.0262735008e-01,1.0447880795e+17,4.4788079503e+15,4.4788079503e+15,1.4169997992e+03,4.5267317695e+16,3.4645206192e-02,9.5047938078e-03,4.0382264992e-01,0.0000000000e+00,0.0000000000e+00,-3.4878977440e+21,4.7049997786e+02,4.5924486726e+16,-7.5438120516e-01,7.9853120516e-01,-3.5967264992e-01,0.0000000000e+00,0.0000000000e+00,-9.2197264992e-01,1.0060456398e+00,-6.2068923940e-01,-1.1686288524e+03,2.5827087610e+03,3.5816685971e+02,-5.5369741816e-03,-8.8446366953e-03,5.3674896982e-02,-3.1595327470e+02,2.4219897197e+02,6.6514391095e+03,-1.7887442960e+04,2.0456293703e+04,3.6595974275e+06,-1.2623460099e+01,1.4436339946e+01,2.5826375635e+03,1.8069185875e+00,-2.2197095596e+00,3.5815542343e+02,8.5015519544e+02,-1.0443733478e+03,1.6851212672e+05,1.3383945415e+02,-1.5306040048e+02,-2.7382254870e+04,-6.0626502299e+00,7.4476640865e+00,-1.2016983361e+03,1,1.3714285195e-01,5.0000000745e-02,5.0000000745e-02,1.3714285195e-01
1.0000000000e+17,-1.4861279988e+01,1.5055551241e+01,-2.8439658154e+04,9.5655926517e+16,1.0000000000e+17,2.0432367033e-01,9.5655926517e+16,-4.3440734835e+15,-4.3440734835e+15,1.4169997992e+03,4.1143166515e+16,3.3764759974e-02,1.0385240026e-02,4.0212632967e-01,0.0000000000e+00,0.0000000000e+00,-3.2742132876e+21,4.7049997786e+02,4.9307398881e+16,-7.5447233908e-01,7.9862233908e-01,-3.5797632967e-01,0.0000000000e+00,0.0000000000e+00,-9.2027632967e-01,1.0108921938e+00,-5.7186895863e-01,-1.1820066588e+03,3.1529091247e+03,3.1337962008e+02,-5.8070830496e-03,-9.0226812730e-03,5.3197515741e-02,-2.6285558581e+02,2.0714947642e+02,5.8350602006e+03,-2.0754597391e+04,2.3755079077e+04,4.4675608664e+06,-1.4646857721e+01,1.6764346561e+01,3.1528305338e+03,1.5693655061e+00,-1.9260199515e+00,3.1336977171e+02,7.3838647060e+02,-9.0619238717e+02,1.4744047759e+05,1.2491672349e+02,-1.4297587125e+02,-2.6889129907e+04,-6.1404418061e+00,7.5359203344e+00,-1.2261189885e+03,1,1.4000000060e-01,5.0000000745e-02,5.0000000745e-02,1.4000000060e-01
1.0000000000e+17,-1.4538059022e+01,1.3647523820e+01,-2.8191725874e+04,8.7010782126e+16,1.0000000000e+17,2.0599083378e-01,8.7010782126e+16,-1.2989217874e+16,-1.2989217874e+16,1.4169997992e+03,3.7158803196e+16,3.2863949425e-02,1.1286050575e-02,4.0045916622e-01,0.0000000000e+00,0.0000000000e+00,-3.0590462604e+21,4.7049997786e+02,5.2701896727e+16,-7.5456187348e-01,7.9871187348e-01,-3.5630916622e-01,0.0000000000e+00,0.0000000000e+00,-9.1860916622e-01,1.0148778155e+00,-5.2121001009e-01,-1.1954013977e+03,3.1529112300e+03,3.1337965402e+02,-7.3194303935e-03,-6.7158391427e-03,5.1306961976e-02,-1.5352116878e+02,3.1648389341e+02,5.8350602006e+03,-2.6201808763e+04,1.8307867706e+04,4.4675608664e+06,-1.8491043587e+01,1.2920160696e+01,3.1528305338e+03,1.5416928092e+00,-1.9536925636e+00,3.1336977171e+02,7.2536646673e+02,-9.1921235116e+02,1.4744047759e+05,1.6620390907e+02,-1.1613088268e+02,-2.8338733661e+04,-5.8108876964e+00,7.3637809118e+00,-1.1811409770e+03,1,1.4285714924e-01,5.0000000745e-02,5.0000000745e-02,1.4285714924e-01
1.0000000000e+17,-1.2807223700e+01,1.2408056641e+01,-2.7957526818e+04,7.9260816391e+16,1.0000000000e+17,2.0748628940e-01,7.9260816391e+16,-2.0739183609e+16,-2.0739183609e+16,1.4169997992e+03,3.3752074351e+16,3.1829520531e-02,1.2320479469e-02,3.9896371060e-01,0.0000000000e+00,0.0000000000e+00,-2.8500895892e+21,4.7049997786e+02,5.6044903760e+16,-7.5464482991e-01,7.9879482991e-01,-3.5481371060e-01,0.0000000000e+00,0.0000000000e+00,-9.1711371060e-01,9.4064263292e-01,-4.7079486845e-01,-1.2085618403e+03,3.8331852960e+03,2.7989287911e+02,-7.9013983563e-03,-6.9081057996e-03,5.3693302439e-02,-1.3337525708e+02,2.6647871842e+02,4.9609543348e+03,-3.0689419772e+04,2.1443752980e+04,5.4314945338e+06,-2.1658023833e+01,1.5133206055e+01,3.8330942370e+03,1.3777876995e+00,-1.7118638068e+00,2.7988425286e+02,6.4824911259e+02,-8.0543192109e+02,1.3168554097e+05,1.5716875610e+02,-1.0981921480e+02,-2.7816141392e+04,-5.9598635374e+00,7.4049686225e+00,-1.2106886670e+03,1,1.4571428299e-01,5.0000000745e-02,5.0000000745e-02,1.4571428299e-01
1.0000000000e+17,-1.0436567917e+01,1.1245193105e+01,-2.7729568335e+04,7.1917688137e+16,1.0000000000e+17,2.0890370782e-01,7.1917688137e+16,-2.8082311863e+16,-2.8082311863e+16,1.4169997992e+03,3.0607879201e+16,3.0734348527e-02,1.3415651473e-02,3.9754629218e-01,0.0000000000e+00,0.0000000000e+00,-2.6439542027e+21,4.7049997786e+02,5.9364531453e+16,-7.5472479700e-01,7.9887479700e-01,-3.5339629218e-01,0.0000000000e+00,0.0000000000e+00,-9.1569629218e-01,8.3085268755e-01,-4.2049026612e-01,-1.2216158854e+03,3.8331724397e+03,2.7989732541e+02,-7.8249304009e-03,-6.6836662367e-03,5.1948846869e-02,2.7876623239e+02,2.6647871838e+02,4.9609543348e+03,2.7275281729e+04,2.1443752981e+04,5.4314945338e+06,1.9248610959e+01,1.5133206056e+01,3.8330942370e+03,-2.0945875335e+00,-1.7118637224e+00,2.7988425286e+02,-9.8550343451e+02,-8.0543188140e+02,1.3168554097e+05,-1.4766142030e+02,-1.1609101065e+02,-2.9404726417e+04,8.7776797604e+00,7.1738188586e+00,-1.1728964783e+03,1,1.4857143164e-01,5.0000000745e-02,5.0000000745e-02,1.4857143164e-01
1.0000000000e+17,-1.5174699125e+01,1.0677941548e+01,-2.7570568763e+04,6.5161056819e+16,1.0000000000e+17,2.1019438515e-01,6.5161056819e+16,-3.4838943181e+16,-3.4838943181e+16,1.4169997992e+03,2.7773663269e+16,2.9522229953e-02,1.4627770047e-02,3.9625561485e-01,0.0000000000e+00,0.0000000000e+00,-2.4468959625e+21,4.7049997786e+02,6.2563156598e+16,-7.5480123585e-01,7.9895123585e-01,-3.5210561485e-01,0.0000000000e+00,0.0000000000e+00,-9.1440561485e-01,1.1305555780e+00,-4.0201135203e-01,-1.2325744652e+03,4.6518461359e+03,2.5519991118e+02,-7.7045172264e-03,-6.8768870454e-03,5.7616371078e-02,2.3745994224e+02,2.2642054414e+02,4.0738148750e+03,3.0361225081e+04,2.4867943076e+04,6.5915491428e+06,2.1426411490e+01,1.7549712827e+01,4.6517636858e+03,-1.7674006133e+00,-1.5052133277e+00,2.5518935184e+02,-8.3156198855e+02,-7.0820287069e+02,1.2006659004e+05,-1.3301192054e+02,-1.0894596182e+02,-2.8877445112e+04,8.3603117366e+00,7.1200906886e+00,-1.2071188146e+03,1,1.5142856538e-01,5.0000000745e-02,5.0000000745e-02,1.5142856538e-01
1.0000000000e+17,-2.7021692780e+01,1.0706291953e+01,-2.7480526567e+04,5.8990852656e+16,1.0000000000e+17,2.1135833461e-01,5.8990852656e+16,-4.1009147344e+16,-4.1009147344e+16,1.4169997992e+03,2.5249397565e+16,2.8193151921e-02,1.5956848079e-02,3.9509166539e-01,0.0000000000e+00,0.0000000000e+00,-2.2589128284e+21,4.7049997786e+02,6.5640812383e+16,-7.5487414724e-01,7.9902414724e-01,-3.5094166539e-01,0.0000000000e+00,0.0000000000e+00,-9.1324166539e-01,1.8397556099e+00,-4.1535783324e-01,-1.2414376910e+03,4.6518461359e+03,2.5519991118e+02,-7.7045172264e-03,-6.8768870454e-03,5.7616371078e-02,2.3745994224e+02,2.2642054414e+02,4.0738148750e+03,3.0361225081e+04,2.4867943076e+04,6.5915491428e+06,2.1426411490e+01,1.7549712827e+01,4.6517636858e+03,-1.7674006133e+00,-1.5052133277e+00,2.5518935184e+02,-8.3156198855e+02,-7.0820287069e+02,1.2006659004e+05,-1.3301192054e+02,-1.0894596182e+02,-2.8877445112e+04,8.3603117366e+00,7.1200906886e+00,-1.2071188146e+03,1,1.5428571403e-01,5.0000000745e-02,5.0000000745e-02,1.5428571403e-01
1.0000000000e+17,-2.9375002697e+01,1.5463548067e+01,-2.7297920375e+04,5.3145812864e+16,1.0000000000e+17,2.1244990032e-01,5.3145812864e+16,-4.6854187136e+16,-4.6854187136e+16,1.4169997992e+03,2.2861405501e+16,2.6772985595e-02,1.7377014405e-02,3.9400009968e-01,0.0000000000e+00,0.0000000000e+00,-2.0767236325e+21,4.7049997786e+02,6.8611307369e+16,-7.5494541515e-01,7.9909541515e-01,-3.4985009968e-01,0.0000000000e+00,0.0000000000e+00,-9.1215009968e-01,1.9687306206e+00,-7.1772925742e-01,-1.2531578036e+03,5.6720534050e+03,2.3679311834e+02,-7.3422416710e-03,-7.1312702187e-03,6.6438297410e-02,2.3711784469e+02,2.1133788958e+02,3.2631217517e+03,3.7830708127e+04,3.1777478880e+04,8.0371478208e+06,2.6697747443e+01,2.2425884883e+01,5.6719462391e+03,-1.6915825391e+00,-1.4641994766e+00,2.3678254911e+02,-7.9588958466e+02,-6.8890585376e+02,1.1140618935e+05,-1.3402336626e+02,-1.1257850835e+02,-2.8473313333e+04,8.8421474753e+00,7.6535832017e+00,-1.2376967546e+03,1,1.5714286268e-01,5.0000000745e-02,5.0000000745e-02,1.5714286268e-01
1.0000000000e+17,-1.0842458452e+01,3.0624248651e+01,-2.6911676699e+04,4.8016156755e+16,1.0000000000e+17,2.1338221784e-01,4.8016156755e+16,-5.1983843245e+16,-5.1983843245e+16,1.4169997992e+03,2.0773224489e+16,2.5152434695e-02,1.8997565305e-02,3.9306778216e-01,0.0000000000e+00,0.0000000000e+00,-1.9072819062e+21,4.7049997786e+02,7.1346035744e+16,-7.5501306710e-01,7.9916306710e-01,-3.4891778216e-01,0.0000000000e+00,0.0000000000e+00,-9.1121778216e-01,8.2122574522e-01,-1.6559465995e+00,-1.2711629328e+03,5.6720534050e+03,2.3679311834e+02,-7.3422416710e-03,-7.1312702187e-03,6.6438297410e-02,2.3711784469e+02,2.1133788958e+02,3.2631217517e+03,3.7830708127e+04,3.1777478880e+04,8.0371478208e+06,2.6697747443e+01,2.2425884883e+01,5.6719462391e+03,-1.6915825391e+00,-1.4641994766e+00,2.3678254911e+02,-7.9588958466e+02,-6.8890585376e+02,1.1140618935e+05,-1.3402336626e+02,-1.1257850835e+02,-2.8473313333e+04,8.8421474753e+00,7.6535832017e+00,-1.2376967546e+03,1,1.5999999642e-01,5.0000000745e-02,5.0000000745e-02,1.5999999642e-01
1.0000000000e+17,4.8770163174e+00,4.0674505640e+01,-2.6552403064e+04,4.3000188039e+16,1.0000000000e+17,2.1428791868e-01,4.3000188039e+16,-5.6999811961e+16,-5.6999811961e+16,1.4169997992e+03,1.8723861670e+16,2.3484997741e-02,2.0665002259e-02,3.9216208132e-01,0.0000000000e+00,0.0000000000e+00,-1.7398822790e+21,4.7049997786e+02,7.4027634438e+16,-7.5508024912e-01,7.9923024912e-01,-3.4801208132e-01,0.0000000000e+00,0.0000000000e+00,-9.1031208132e-01,-1.5028748619e-01,-2.2679403845e+00,-1.2881667626e+03,6.9847141186e+03,2.2363020515e+02,-7.1386436932e-03,-7.6529951988e-03,8.0736890781e-02,2.5621935817e+02,2.5500589655e+02,2.5177227257e+03,5.2163760305e+04,5.4586720914e+04,9.8970519069e+06,3.6812816023e+01,3.8522738824e+01,6.9845108729e+03,-1.7859134149e+00,-1.9045064751e+00,2.2361496378e+02,-8.4027226171e+02,-8.9607029653e+02,1.0521084046e+05,-1.4773295306e+02,-1.5459501830e+02,-2.8029434540e+04,1.0150727767e+01,1.0824783888e+01,-1.2709768586e+03,1,1.6285714507e-01,5.0000000745e-02,5.0000000745e-02,1.6285714507e-01
1.0000000000e+17,9.0441288102e-01,1.4951334808e+01,-2.6381933507e+04,3.8780236144e+16,1.0000000000e+17,2.1500726574e-01,3.8780236144e+16,-6.1219763856e+16,-6.1219763856e+16,1.4169997992e+03,1.6946310394e+16,2.1489429570e-02,2.2660570430e-02,3.9144273426e-01,0.0000000000e+00,0.0000000000e+00,-1.5867842631e+21,4.7049997786e+02,7.6337215087e+16,-7.5514413890e-01,7.9929413890e-01,-3.4729273426e-01,0.0000000000e+00,0.0000000000e+00,-9.0959273426e-01,1.1017664621e-01,-5.9635085571e-01,-1.2981608320e+03,6.9847141186e+03,2.2363020515e+02,-7.1386436932e-03,-7.6529951988e-03,8.0736890781e-02,2.5621935817e+02,2.5500589655e+02,2.5177227257e+03,5.2163760305e+04,5.4586720914e+04,9.8970519069e+06,3.6812816023e+01,3.8522738824e+01,6.9845108729e+03,-1.7859134149e+00,-1.9045064751e+00,2.2361496378e+02,-8.4027226171e+02,-8.9607029653e+02,1.0521084046e+05,-1.4773295306e+02,-1.5459501830e+02,-2.8029434540e+04,1.0150727767e+01,1.0824783888e+01,-1.2709768586e+03,1,1.6571427882e-01,5.0000000745e-02,5.0000000745e-02,1.6571427882e-01
1.0000000000e+17,-3.0682112742e+00,-1.0771970181e+01,-2.6211463061e+04,3.4560262239e+16,1.0000000000e+17,2.1572661654e-01,3.4560262239e+16,-6.5439737761e+16,-6.5439737761e+16,1.4169997992e+03,1.5168749847e+16,1.9493850991e-02,2.4656149009e-02,3.9072338346e-01,0.0000000000e+00,0.0000000000e+00,-1.4336854488e+21,4.7049997786e+02,7.8646807780e+16,-7.5520802902e-01,7.9935802902e-01,-3.4657338346e-01,0.0000000000e+00,0.0000000000e+00,-9.0887338346e-01,3.7064213705e-01,1.0752473911e+00,-1.3081549535e+03,6.9847141186e+03,2.2363020515e+02,-7.1386436932e-03,-7.6529951988e-03,8.0736890781e-02,2.5621935817e+02,2.5500589655e+02,2.5177227257e+03,5.2163760305e+04,5.4586720914e+04,9.8970519069e+06,3.6812816023e+01,3.8522738824e+01,6.9845108729e+03,-1.7859134149e+00,-1.9045064751e+00,2.2361496378e+02,-8.4027226171e+02,-8.9607029653e+02,1.0521084046e+05,-1.4773295306e+02,-1.5459501830e+02,-2.8029434540e+04,1.0150727767e+01,1.0824783888e+01,-1.2709768586e+03,1,1.6857142746e-01,5.0000000745e-02,5.0000000745e-02,1.6857142746e-01
1.0000000000e+17,-8.3125159898e+00,-5.2323788664e+00,-2.6106103221e+04,3.1075607476e+16,1.0000000000e+17,2.1627729270e-01,3.1075607476e+16,-6.8924392524e+16,-6.8924392524e+16,1.4169997992e+03,1.3588124728e+16,1.7011646294e-02,2.7138353706e-02,3.9017270730e-01,0.0000000000e+00,0.0000000000e+00,-1.2920300061e+21,4.7049997786e+02,8.0551576779e+16,-7.5526940240e-01,7.9941940240e-01,-3.4602270730e-01,0.0000000000e+00,0.0000000000e+00,-9.0832270730e-01,7.3446927613e-01,6.0773778909e-01,-1.3151189564e+03,8.8014464913e+03,2.1423019269e+02,-7.3755208499e-03,-7.2656770510e-03,1.0114222376e-01,2.1588737952e+02,2.1288695341e+02,1.8880051554e+03,6.1357799279e+04,5.7876986066e+04,1.2471364447e+07,4.3301199209e+01,4.0844732580e+01,8.8012451990e+03,-1.5605795506e+00,-1.5160271933e+00,2.1421914413e+02,-7.3425267854e+02,-7.1329079444e+02,1.0079010731e+05,-1.3705162562e+02,-1.2927671982e+02,-2.7856617923e+04,9.4331309802e+00,9.1638283217e+00,-1.2948761531e+03,1,1.7142857611e-01,5.0000000745e-02,5.0000000745e-02,1.7142857611e-01
1.0000000000e+17,-1.3641576042e+01,2.3913707535e+00,-2.6005084646e+04,2.7639992038e+16,1.0000000000e+17,2.1681672103e-01,2.7639992038e+16,-7.2360007962e+16,-7.2360007962e+16,1.4169997992e+03,1.2020636861e+16,1.4497012827e-02,2.9652987173e-02,3.8963327897e-01,0.0000000000e+00,0.0000000000e+00,-1.1511381923e+21,4.7049997786e+02,8.2429347631e+16,-7.5533060767e-01,7.9948060767e-01,-3.4548327897e-01,0.0000000000e+00,0.0000000000e+00,-9.0778327897e-01,1.1051855540e+00,-2.3761706373e-03,-1.3218809144e+03,8.8014464913e+03,2.1423019269e+02,-7.3755208499e-03,-7.2656770510e-03,1.0114222376e-01,2.1588737952e+02,2.1288695341e+02,1.8880051554e+03,6.1357799279e+04,5.7876986066e+04,1.2471364447e+07,4.3301199209e+01,4.0844732580e+01,8.8012451990e+03,-1.5605795506e+00,-1.5160271933e+00,2.1421914413e+02,-7.3425267854e+02,-7.1329079444e+02,1.0079010731e+05,-1.3705162562e+02,-1.2927671982e+02,-2.7856617923e+04,9.4331309802e+00,9.1638283217e+00,-1.2948761531e+03,1,1.7428570986e-01,5.0000000745e-02,5.0000000745e-02,1.7428570986e-01
1.0000000000e+17,-1.4978935229e+01,4.3427758853e+00,-2.5878282437e+04,2.4704797266e+16,1.0000000000e+17,2.1724236906e-01,2.4704797266e+16,-7.5295202734e+16,-7.5295202734e+16,1.4169997992e+03,1.0556629640e+16,1.1382745004e-02,3.2767254996e-02,3.8920763094e-01,0.0000000000e+00,0.0000000000e+00,-1.0164158603e+21,4.7049997786e+02,8.3994098313e+16,-7.5539029793e-01,7.9954029793e-01,-3.4505763094e-01,0.0000000000e+00,0.0000000000e+00,-9.0735763094e-01,1.1880829075e+00,-1.6643710732e-01,-1.3273832917e+03,1.1599648283e+04,2.0715468680e+02,-7.2698947492e-03,-6.7793934767e-03,1.3174590191e-01,1.7744720680e+02,1.7286127022e+02,1.3570176874e+03,6.7426178729e+04,5.9028762810e+04,1.6436457324e+07,4.7583753514e+01,4.1657560205e+01,1.1599475881e+04,-1.2686896923e+00,-1.1529474887e+00,2.0714759328e+02,-5.9691850021e+02,-5.4246179344e+02,9.7462942636e+04,-1.1447249782e+02,-1.0021582195e+02,-2.7904922994e+04,8.0354979434e+00,7.3024217276e+00,-1.3120103914e+03,1,1.7714285851e-01,5.0000000745e-02,5.0000000745e-02,1.7714285851e-01
1.0000000000e+17,-1.4985710878e+01,4.4033760718e+00,-2.5742885861e+04,2.1936416613e+16,1.0000000000e+17,2.1763008913e-01,2.1936416613e+16,-7.8063583387e+16,-7.8063583387e+16,1.4169997992e+03,9.1271188975e+15,8.0686023346e-03,3.6081397665e-02,3.8881991087e-01,0.0000000000e+00,0.0000000000e+00,-8.8375027994e+20,4.7049997786e+02,8.5454504960e+16,-7.5544948308e-01,7.9959948308e-01,-3.4466991087e-01,0.0000000000e+00,0.0000000000e+00,-9.0696991087e-01,1.1750394066e+00,-1.8181188875e-01,-1.3324657920e+03,1.1599639259e+04,2.0715088354e+02,-5.3252252305e-03,-6.3295058015e-03,1.3415892597e-01,-1.4090668032e+02,-1.4051811337e+02,1.3570176874e+03,-5.5101057855e+04,-6.7633125186e+04,1.6436457324e+07,-3.8885714788e+01,-4.7729799002e+01,1.1599475881e+04,7.5331475807e-01,8.9200207940e-01,2.0714759328e+02,3.5443459367e+02,4.1968697836e+02,9.7462942636e+04,8.0071352021e+01,9.8282609915e+01,-2.3885010770e+04,-4.8579913795e+00,-5.7523609698e+00,-1.3358575704e+03,1,1.8000000715e-01,5.0000000745e-02,5.0000000745e-02,1.8000000715e-01
1.0000000000e+17,-1.3709779990e+01,3.7323458309e+00,-2.1178774543e+04,1.9483241759e+16,1.0000000000e+17,2.1794636922e-01,1.9483241759e+16,-8.0516758241e+16,-8.0516758241e+16,1.4169997992e+03,7.7470876935e+15,3.9504965873e-03,4.0199503413e-02,3.8850363078e-01,0.0000000000e+00,0.0000000000e+00,-7.5388408780e+20,4.7049997786e+02,8.6698091612e+16,-7.5550786804e-01,7.9965786804e-01,-3.4435363078e-01,0.0000000000e+00,0.0000000000e+00,-9.0665363078e-01,1.0940958475e+00,-1.8822408871e-01,-1.3374810445e+03,1.6602120295e+04,2.0217172803e+02,-3.3842146517e-03,-4.5814978362e-03,1.8314202990e-01,-1.2483826971e+02,-1.1800888966e+02,9.1251393485e+02,-4.6882214421e+04,-6.3749633446e+04,2.3525071367e+07,-3.3085542993e+01,-4.4989155573e+01,1.6602026370e+04,4.2388839019e-01,5.4171894304e-01,2.0217055788e+02,1.9943948758e+02,2.5487876270e+02,9.5121247481e+04,4.5566290123e+01,6.1960262089e+01,-2.2864752450e+04,-2.8148178729e+00,-3.5972680505e+00,-1.3425073979e+03,1,1.8285714090e-01,5.0000000745e-02,5.0000000745e-02,1.8285714090e-01
1.0000000000e+17,-1.1436192072e+01,2.4922567782e+00,-1.3170080572e+04,1.7275203453e+16,1.0000000000e+17,2.1820708803e-01,1.7275203453e+16,-8.2724796547e+16,-8.2724796547e+16,1.4169997992e+03,6.4055276270e+15,-7.9294913788e-04,4.4942949138e-02,3.8824291197e-01,0.0000000000e+00,0.0000000000e+00,-6.2619398558e+20,4.7049997786e+02,8.7773052692e+16,-7.5556563117e-01,7.9971563117e-01,-3.4409291197e-01,0.0000000000e+00,0.0000000000e+00,-9.0639291197e-01,9.6034103382e-01,-1.8766513937e-01,-1.3424440385e+03,1.6602116131e+04,2.0217175535e+02,-3.3869348171e-03,-9.2841520127e-03,1.8328923588e-01,-1.2483826971e+02,5.9376543200e+01,9.1251393485e+02,-4.6882214421e+04,6.1534086450e+04,2.3525071367e+07,-3.3085542993e+01,4.3425607939e+01,1.6602026370e+04,4.2388839019e-01,-5.5182260681e-01,2.0217055788e+02,1.9943948758e+02,-2.5963253651e+02,9.5121247481e+04,4.5507104293e+01,-5.9729219795e+01,-2.2835053536e+04,-2.8170325115e+00,3.6672441614e+00,-1.3435636540e+03,1,1.8571428955e-01,5.0000000745e-02,5.0000000745e-02,1.8571428955e-01
1.0000000000e+17,-9.1567614657e+00,1.5700181954e+00,-7.4648425141e+03,1.5312809623e+16,1.0000000000e+17,2.1840941363e-01,1.5312809623e+16,-8.4687190377e+16,-8.4687190377e+16,1.4169997992e+03,5.0898822009e+15,-6.8222336387e-02,1.1237233639e-01,3.8804058637e-01,0.0000000000e+00,0.0000000000e+00,-4.9955497804e+20,4.7049997786e+02,8.8655270652e+16,-7.5562301290e-01,7.9977301290e-01,-3.4389058637e-01,0.0000000000e+00,0.0000000000e+00,-9.0619058637e-01,9.1134860058e-01,-1.8059864642e-01,-1.3462385693e+03,0.0000000000e+00,0.0000000000e+00,-0.0000000000e+00,0.0000000000e+00,3.5456334305e-01,-1.5257786201e+02,-0.0000000000e+00,3.6752080861e+02,0.0000000000e+00,0.0000000000e+00,0.0000000000e+00,0.0000000000e+00,0.0000000000e+00,6.0167392773e+05,0.0000000000e+00,0.0000000000e+00,1.9861361657e+02,0.0000000000e+00,0.0000000000e+00,0.0000000000e+00,-0.0000000000e+00,-0.0000000000e+00,-2.3038303176e-07,-0.0000000000e+00,-0.0000000000e+00,-1.3563655116e+03,1,1.8857142329e-01,5.0000000745e-02,5.0000000745e-02,1.8857142329e-01
1.0000000000e+17,-6.8675675175e+00,1.1775130324e+00,-5.5986289657e+03,1.3759797061e+16,1.0000000000e+17,2.1851441979e-01,1.3759797061e+16,-8.6240202939e+16,-8.6240202939e+16,1.4169997992e+03,3.8174096598e+15,-2.4012952126e-01,2.8427952126e-01,3.8793558021e-01,0.0000000000e+00,0.0000000000e+00,-3.7466603812e+20,4.7049997786e+02,8.9216261593e+16,-7.5567975977e-01,7.9982975977e-01,-3.4378558021e-01,0.0000000000e+00,0.0000000000e+00,-9.0608558021e-01,1.0036270401e+00,-1.6268558697e-01,-1.3480857095e+03,0.0000000000e+00,0.0000000000e+00,-0.0000000000e+00,0.0000000000e+00,3.5456334305e-01,-1.5257786201e+02,-0.0000000000e+00,3.6752080861e+02,0.0000000000e+00,0.0000000000e+00,0.0000000000e+00,0.0000000000e+00,0.0000000000e+00,6.0167392773e+05,0.0000000000e+00,0.0000000000e+00,1.9861361657e+02,0.0000000000e+00,0.0000000000e+00,0.0000000000e+00,-0.0000000000e+00,-0.0000000000e+00,-2.3038303176e-07,-0.0000000000e+00,-0.0000000000e+00,-1.3563655116e+03,1,1.9142857194e-01,5.0000000745e-02,5.0000000745e-02,1.9142857194e-01
1.0000000000e+17,-4.5783755991e+00,7.8500557867e-01,-3.7324154093e+03,1.2206784318e+16,1.0000000000e+17,2.1861942597e-01,1.2206784318e+16,-8.7793215682e+16,-8.7793215682e+16,1.4169997992e+03,2.5449371134e+15,-4.1203670614e-01,4.5618670614e-01,3.8783057403e-01,0.0000000000e+00,0.0000000000e+00,-2.4977709772e+20,4.7049997786e+02,8.9777252637e+16,-7.5573650663e-01,7.9988650663e-01,-3.4368057403e-01,0.0000000000e+00,0.0000000000e+00,-9.0598057403e-01,1.0959056502e+00,-1.4477232281e-01,-1.3499328506e+03,0.0000000000e+00,0.0000000000e+00,-4.7700352015e-03,-3.6269092436e-03,3.4946215058e-01,1.2058830602e+02,1.2280380349e+02,3.6752080861e+02,0.0000000000e+00,0.0000000000e+00,0.0000000000e+00,4.6450837946e+01,3.3679893851e+01,6.0167392773e+05,-5.6854788179e-01,-4.4076214847e-01,1.9861361657e+02,0.0000000000e+00,0.0000000000e+00,0.0000000000e+00,-5.3621945168e-11,-3.8879415338e-11,-6.9456069660e-07,3.8272126381e+00,2.9670156535e+00,-1.3369789384e+03,1,1.9428572059e-01,5.0000000745e-02,5.0000000745e-02,1.9428572059e-01
1.0000000000e+17,-2.2891935901e+00,3.9250246277e-01,-1.8662115940e+03,1.0653779855e+16,1.0000000000e+17,2.1872443159e-01,1.0653779855e+16,-8.9346220145e+16,-8.9346220145e+16,1.4169997992e+03,1.2724712087e+15,-5.8394299445e-01,6.2809299445e-01,3.8772556841e-01,0.0000000000e+00,0.0000000000e+00,-1.2488880915e+20,4.7049997786e+02,9.0338240652e+16,-7.5579325320e-01,7.9994325320e-01,-3.4357556841e-01,0.0000000000e+00,0.0000000000e+00,-9.0587556841e-01,1.1881836084e+00,-1.2685935678e-01,-1.3517799812e+03,0.0000000000e+00,0.0000000000e+00,-4.7700352015e-03,-3.6269092436e-03,3.4946215058e-01,1.2058830602e+02,1.2280380349e+02,3.6752080861e+02,0.0000000000e+00,0.0000000000e+00,0.0000000000e+00,4.6450837946e+01,3.3679893851e+01,6.0167392773e+05,-5.6854788179e-01,-4.4076214847e-01,1.9861361657e+02,0.0000000000e+00,0.0000000000e+00,0.0000000000e+00,-5.3621945168e-11,-3.8879415338e-11,-6.9456069660e-07,3.8272126381e+00,2.9670156535e+00,-1.3369789384e+03,1,1.9714285433e-01,5.0000000745e-02,5.0000000745e-02,1.9714285433e-01
nan,nan,nan,nan,nan,nan,nan,nan,nan,nan,nan,nan,nan,nan,nan,nan,nan,nan,nan,nan,nan,nan,nan,nan,nan,nan,nan,nan,nan,nan,nan,nan,nan,nan,nan,nan,nan,nan,nan,nan,nan,nan,nan,nan,nan,nan,nan,nan,nan,nan,nan,nan,nan,nan,nan,0,2.0000000298e-01,5.0000000745e-02,5.0000000745e-02,2.0000000298e-01
