"AcceptorConcentration","ElectricField:0","ElectricField:1","ElectricField:2","AugerRecombination","BandGap","BandgapNarrowing","ConductionBandEnergy","DonorConcentration","DopingConcentration","ElectronAffinity","ElectrostaticPotential","ImpactIonization","IntrinsicDensity","LatticeTemperature","QuasiFermiPotential","SpaceCharge","TotalRecombination","ValenceBandEnergy","eAlphaAvalanche","eDensity","eEparallel","eImpactIonization","eMobility","eQuasiFermiPotential","eVelocity","hAlphaAvalanche","hDensity","hEparallel","hImpactIonization","hMobility","hQuasiFermiPotential","hVelocity","srhRecombination","TotalCurrentDensity:0","TotalCurrentDensity:1","TotalCurrentDensity:2","eCurrentDensity:0","eCurrentDensity:1","eCurrentDensity:2","eGradQuasiFermi:0","eGradQuasiFermi:1","eGradQuasiFermi:2","hCurrentDensity:0","hCurrentDensity:1","hCurrentDensity:2","hGradQuasiFermi:0","hGradQuasiFermi:1","hGradQuasiFermi:2","vtkValidPointMask","arc_length","Points:0","Points:1","Points:2"
1.0000000000e+17,-2.6843370955e+02,-1.1196238293e+02,1.4546755561e+03,0.0000000000e+00,1.1241592308e+00,0.0000000000e+00,9.2107090400e-02,9.1007689730e+17,8.1007689730e+17,4.0727403846e+00,4.6889652046e-01,0.0000000000e+00,1.0750038489e+10,3.0000000000e+02,0.0000000000e+00,-6.5947940266e+03,1.0039546198e-08,-1.0320521404e+00,0.0000000000e+00,8.1007689730e+17,0.0000000000e+00,0.0000000000e+00,1.4170000000e+03,2.1813120707e-16,2.7743508707e+05,0.0000000000e+00,1.4265723168e+02,0.0000000000e+00,0.0000000000e+00,4.7050000000e+02,0.0000000000e+00,1.9260553640e+07,1.0039546198e-08,8.5155163453e+00,8.0235522860e+00,-3.5005831182e+04,8.7902895679e+00,8.2818794803e+00,-3.4005105533e+04,6.0621595209e-02,3.9936526299e-02,-1.9579500968e+02,-2.7477322256e-01,-2.5832719433e-01,-1.0007256487e+03,-6.4390406572e+00,-4.1380216666e+00,-6.0144643757e+05,1,0.0000000000e+00,5.0000000745e-02,5.0000000745e-02,0.0000000000e+00
1.0000000000e+17,-2.1992893687e+02,-8.9268974677e+01,1.3849014078e+03,0.0000000000e+00,1.1241592308e+00,0.0000000000e+00,9.2305778516e-02,9.0748091684e+17,8.0748091684e+17,4.0727403846e+00,4.6869783235e-01,0.0000000000e+00,1.0750038489e+10,3.0000000000e+02,0.0000000000e+00,4.7483255659e+15,3.3962547044e+19,-1.0318534523e+00,0.0000000000e+00,8.0283476249e+17,0.0000000000e+00,0.0000000000e+00,1.4170000000e+03,3.9138217220e-05,2.7866940781e+05,0.0000000000e+00,1.0217121274e+14,0.0000000000e+00,0.0000000000e+00,4.7050000000e+02,1.2029150160e-01,1.8221393017e+07,3.3962547044e+19,7.4521635817e+00,6.9902151772e+00,-3.4994635606e+04,7.6931639769e+00,7.2157552430e+00,-3.3993521037e+04,5.3330652845e-02,3.4791387509e-02,-1.9667014677e+02,-2.4100039523e-01,-2.2554006578e-01,-1.0011145689e+03,-5.5379221862e+00,-3.5464851780e+00,-5.5444177262e+05,1,2.0000000950e-03,5.0000000745e-02,5.0000000745e-02,2.0000000950e-03
1.0000000000e+17,-1.7142415736e+02,-6.6575514775e+01,1.3151271668e+03,0.0000000000e+00,1.1241592308e+00,0.0000000000e+00,9.2504466978e-02,9.0488492441e+17,8.0488492441e+17,4.0727403846e+00,4.6849914389e-01,0.0000000000e+00,1.0750038489e+10,3.0000000000e+02,0.0000000000e+00,9.4966494748e+15,6.7925094710e+19,-1.0316547638e+00,0.0000000000e+00,7.9559261736e+17,0.0000000000e+00,0.0000000000e+00,1.4170000000e+03,7.8276434476e-05,2.7990372856e+05,0.0000000000e+00,2.0434242737e+14,0.0000000000e+00,0.0000000000e+00,4.7050000000e+02,2.4058300321e-01,1.7182232398e+07,6.7925094710e+19,6.3888133522e+00,5.9568781452e+00,-3.4983439860e+04,6.5960410154e+00,6.1496310934e+00,-3.3981936366e+04,4.6039689457e-02,2.9646220436e-02,-1.9754528386e+02,-2.0722766315e-01,-1.9275294816e-01,-1.0015034945e+03,-4.6346639593e+00,-2.9534549955e+00,-5.0743710785e+05,1,4.0000001900e-03,5.0000000745e-02,5.0000000745e-02,4.0000001900e-03
1.0000000000e+17,-1.2291938349e+02,-4.3882057516e+01,1.2453529340e+03,0.0000000000e+00,1.1241592308e+00,0.0000000000e+00,9.2703155417e-02,9.0228893228e+17,8.0228893228e+17,4.0727403846e+00,4.6830045545e-01,0.0000000000e+00,1.0750038489e+10,3.0000000000e+02,0.0000000000e+00,1.4244972831e+16,1.0188763842e+20,-1.0314560754e+00,0.0000000000e+00,7.8835047308e+17,0.0000000000e+00,0.0000000000e+00,1.4170000000e+03,1.1741464718e-04,2.8113804917e+05,0.0000000000e+00,3.0651363010e+14,0.0000000000e+00,0.0000000000e+00,4.7050000000e+02,3.6087449080e-01,1.6143071900e+07,1.0188763842e+20,5.3254632466e+00,4.9235412336e+00,-3.4972244116e+04,5.4989181816e+00,5.0835070680e+00,-3.3970351696e+04,3.8748726917e-02,2.4501053962e-02,-1.9842042086e+02,-1.7345493500e-01,-1.5996583437e-01,-1.0018924200e+03,-3.7314058375e+00,-2.3604248819e+00,-4.6043244855e+05,1,6.0000000522e-03,5.0000000745e-02,5.0000000745e-02,6.0000000522e-03
1.0000000000e+17,-7.4414639767e+01,-2.1188542904e+01,1.1755786594e+03,0.0000000000e+00,1.1241592308e+00,0.0000000000e+00,9.2901843907e-02,8.9969293948e+17,7.9969293948e+17,4.0727403846e+00,4.6810176696e-01,0.0000000000e+00,1.0750038489e+10,3.0000000000e+02,0.0000000000e+00,1.8993297575e+16,1.3585018896e+20,-1.0312573869e+00,0.0000000000e+00,7.8110832676e+17,0.0000000000e+00,0.0000000000e+00,1.4170000000e+03,1.5655286897e-04,2.8237237007e+05,0.0000000000e+00,4.0868485335e+14,0.0000000000e+00,0.0000000000e+00,4.7050000000e+02,4.8116600641e-01,1.5103911161e+07,1.3585018896e+20,4.2621163015e+00,3.8902015915e+00,-3.4961048394e+04,4.4017986232e+00,4.0173802140e+00,-3.3958767049e+04,3.1457749699e-02,1.9355887233e-02,-1.9929555806e+02,-1.3968232163e-01,-1.2717862249e-01,-1.0022813448e+03,-2.8262408575e+00,-1.7688111041e+00,-4.1342777859e+05,1,8.0000003800e-03,5.0000000745e-02,5.0000000745e-02,8.0000003800e-03
1.0000000000e+17,-2.5909877192e+01,1.5049090713e+00,1.1058044429e+03,0.0000000000e+00,1.1241592308e+00,0.0000000000e+00,9.3100532299e-02,8.9709694795e+17,7.9709694795e+17,4.0727403846e+00,4.6790307856e-01,0.0000000000e+00,1.0750038489e+10,3.0000000000e+02,0.0000000000e+00,2.3741619825e+16,1.6981272477e+20,-1.0310586985e+00,0.0000000000e+00,7.7386618416e+17,0.0000000000e+00,0.0000000000e+00,1.4170000000e+03,1.9569107256e-04,2.8360669039e+05,0.0000000000e+00,5.1085603229e+14,0.0000000000e+00,0.0000000000e+00,4.7050000000e+02,6.0145746600e-01,1.4064750905e+07,1.6981272477e+20,3.1987664435e+00,2.8568649204e+00,-3.4949852652e+04,3.3046760448e+00,2.9512564367e+00,-3.3947182381e+04,2.4166788857e-02,1.4210721957e-02,-2.0017069485e+02,-1.0590960135e-01,-9.4391516323e-02,-1.0026702702e+03,-1.9229829460e+00,-1.1757811287e+00,-3.6642313023e+05,1,9.9999997765e-03,5.0000000745e-02,5.0000000745e-02,9.9999997765e-03
1.0000000000e+17,2.2594907969e+01,2.4198371615e+01,1.0360301938e+03,0.0000000000e+00,1.1241592308e+00,0.0000000000e+00,9.3299220785e-02,8.9450095522e+17,7.9450095522e+17,4.0727403846e+00,4.6770439008e-01,0.0000000000e+00,1.0750038489e+10,3.0000000000e+02,0.0000000000e+00,2.8489944287e+16,2.0377527639e+20,-1.0308600100e+00,0.0000000000e+00,7.6662403819e+17,0.0000000000e+00,0.0000000000e+00,1.4170000000e+03,2.3482929437e-04,2.8484101129e+05,0.0000000000e+00,6.1302725881e+14,0.0000000000e+00,0.0000000000e+00,4.7050000000e+02,7.2174898160e-01,1.3025590166e+07,2.0377527639e+20,2.1354160903e+00,1.8235277682e+00,-3.4938656904e+04,2.2075529556e+00,1.8851321631e+00,-3.3935597709e+04,1.6875824620e-02,9.0655542852e-03,-2.0104583205e+02,-7.2136865331e-02,-6.1604394891e-02,-1.0030591958e+03,-1.0197246140e+00,-5.8275087706e-01,-3.1941845999e+05,1,1.2000000104e-02,5.0000000745e-02,5.0000000745e-02,1.2000000104e-02
1.0000000000e+17,3.0933903350e+01,2.6709295885e+01,1.0840549338e+03,0.0000000000e+00,1.1241592308e+00,0.0000000000e+00,9.3523215567e-02,8.8821677569e+17,7.8821677569e+17,4.0727403846e+00,4.6748039530e-01,0.0000000000e+00,1.0750038489e+10,3.0000000000e+02,0.0000000000e+00,3.0001979728e+16,2.3933110756e+20,-1.0306360152e+00,0.0000000000e+00,7.5893531884e+17,0.0000000000e+00,0.0000000000e+00,1.4170000000e+03,2.7563213571e-04,2.8760931439e+05,0.0000000000e+00,7.2052287803e+14,0.0000000000e+00,0.0000000000e+00,4.7050000000e+02,7.5390378276e-01,1.1825491543e+07,2.3933110756e+20,1.2989855176e+00,1.0270819644e+00,-3.4923038399e+04,1.3432036817e+00,1.0626637812e+00,-3.3919428866e+04,1.1097432657e-02,5.1468598214e-03,-2.0300732181e+02,-4.4218164032e-02,-3.5581816807e-02,-1.0036095322e+03,-3.5017898719e-01,-1.5320581147e-01,-2.7204570021e+05,1,1.4000000432e-02,5.0000000745e-02,5.0000000745e-02,1.4000000432e-02
1.0000000000e+17,2.5884335397e+01,2.2492729771e+01,1.1713459718e+03,0.0000000000e+00,1.1241592308e+00,0.0000000000e+00,9.3755645779e-02,8.8070320162e+17,7.8070320162e+17,4.0727403846e+00,4.6724796509e-01,0.0000000000e+00,1.0750038489e+10,3.0000000000e+02,0.0000000000e+00,3.0435252966e+16,2.7541803259e+20,-1.0304035850e+00,0.0000000000e+00,7.5109774195e+17,0.0000000000e+00,0.0000000000e+00,1.4170000000e+03,3.1698984988e-04,2.9088894463e+05,0.0000000000e+00,8.2979329691e+14,0.0000000000e+00,0.0000000000e+00,4.7050000000e+02,7.5667969370e-01,1.0571746983e+07,2.7541803259e+20,5.3819564944e-01,3.0959783215e-01,-3.4905945664e+04,5.5644649469e-01,3.2141183609e-01,-3.3901731993e+04,5.8231901761e-03,1.6369525633e-03,-2.0533092889e+02,-1.8250845246e-02,-1.1814003940e-02,-1.0042136714e+03,2.4330500986e-01,2.1650529476e-01,-2.2455024443e+05,1,1.6000000760e-02,5.0000000745e-02,5.0000000745e-02,1.6000000760e-02
1.0000000000e+17,2.0834772147e+01,1.8276167585e+01,1.2586369285e+03,0.0000000000e+00,1.1241592308e+00,0.0000000000e+00,9.3988075774e-02,8.7318963455e+17,7.7318963455e+17,4.0727403846e+00,4.6701553509e-01,0.0000000000e+00,1.0750038489e+10,3.0000000000e+02,0.0000000000e+00,3.0868525801e+16,3.1150492402e+20,-1.0301711550e+00,0.0000000000e+00,7.4326017237e+17,0.0000000000e+00,0.0000000000e+00,1.4170000000e+03,3.5834752554e-04,2.9416857181e+05,0.0000000000e+00,9.3906361403e+14,0.0000000000e+00,0.0000000000e+00,4.7050000000e+02,7.5945560206e-01,9.3180035918e+06,3.1150492402e+20,-2.2259351022e-01,-4.0788563184e-01,-3.4888852945e+04,-2.3030995957e-01,-4.1983941863e-01,-3.3884035135e+04,5.4895260716e-04,-1.8729514260e-03,-2.0765453381e+02,7.7164493561e-03,1.1953786792e-02,-1.0048178100e+03,8.3678845418e-01,5.8621605667e-01,-1.7705483288e+05,1,1.7999999225e-02,5.0000000745e-02,5.0000000745e-02,1.7999999225e-02
1.0000000000e+17,1.5785252738e+01,1.4059551139e+01,1.3459279571e+03,0.0000000000e+00,1.1241592308e+00,0.0000000000e+00,9.4220506138e-02,8.6567605302e+17,7.6567605302e+17,4.0727403846e+00,4.6678310473e-01,0.0000000000e+00,1.0750038489e+10,3.0000000000e+02,0.0000000000e+00,3.1301795645e+16,3.4759185207e+20,-1.0299387246e+00,0.0000000000e+00,7.3542259142e+17,0.0000000000e+00,0.0000000000e+00,1.4170000000e+03,3.9970523975e-04,2.9744820205e+05,0.0000000000e+00,1.0483340422e+15,0.0000000000e+00,0.0000000000e+00,4.7050000000e+02,7.6223151300e-01,8.0642590357e+06,3.4759185207e+20,-9.8338650235e-01,-1.1253692255e+00,-3.4871760108e+04,-1.0170703736e+00,-1.1610908094e+00,-3.3866338156e+04,-4.7253108531e-03,-5.3828895426e-03,-2.0997814089e+02,3.3683871270e-02,3.5721583926e-02,-1.0054219524e+03,1.4297478809e+00,9.5333955133e-01,-1.2955937716e+05,1,1.9999999553e-02,5.0000000745e-02,5.0000000745e-02,1.9999999553e-02
1.0000000000e+17,1.0735684785e+01,9.8429850259e+00,1.4332189951e+03,0.0000000000e+00,1.1241592308e+00,0.0000000000e+00,9.4452936349e-02,8.5816247895e+17,7.5816247895e+17,4.0727403846e+00,4.6655067452e-01,0.0000000000e+00,1.0750038489e+10,3.0000000000e+02,0.0000000000e+00,3.1735068884e+16,3.8367877710e+20,-1.0297062944e+00,0.0000000000e+00,7.2758501453e+17,0.0000000000e+00,0.0000000000e+00,1.4170000000e+03,4.4106295393e-04,3.0072783229e+05,0.0000000000e+00,1.1576044611e+15,0.0000000000e+00,0.0000000000e+00,4.7050000000e+02,7.6500742395e-01,6.8105144764e+06,3.8367877710e+20,-1.7441763706e+00,-1.8428533577e+00,-3.4854667373e+04,-1.8038275606e+00,-1.9023427545e+00,-3.3848641282e+04,-9.9995533341e-03,-8.8927968008e-03,-2.1230174798e+02,5.9651190055e-02,5.9489396793e-02,-1.0060260916e+03,2.0232318780e+00,1.3230506576e+00,-8.2063921386e+04,1,2.1999999881e-02,5.0000000745e-02,5.0000000745e-02,2.1999999881e-02
1.0000000000e+17,5.6861168317e+00,5.6264189125e+00,1.5205100331e+03,0.0000000000e+00,1.1241592308e+00,0.0000000000e+00,9.4685366561e-02,8.5064890489e+17,7.5064890489e+17,4.0727403846e+00,4.6631824430e-01,0.0000000000e+00,1.0750038489e+10,3.0000000000e+02,0.0000000000e+00,3.2168342122e+16,4.1976570213e+20,-1.0294738642e+00,0.0000000000e+00,7.1974743765e+17,0.0000000000e+00,0.0000000000e+00,1.4170000000e+03,4.8242066810e-04,3.0400746253e+05,0.0000000000e+00,1.2668748800e+15,0.0000000000e+00,0.0000000000e+00,4.7050000000e+02,7.6778333489e-01,5.5567699171e+06,4.1976570213e+20,-2.5049662388e+00,-2.5603374899e+00,-3.4837574638e+04,-2.5905847476e+00,-2.6435946996e+00,-3.3830944408e+04,-1.5273795815e-02,-1.2402704059e-02,-2.1462535506e+02,8.5618508841e-02,8.3257209660e-02,-1.0066302308e+03,2.6167158750e+00,1.6927617638e+00,-3.4568465609e+04,1,2.4000000209e-02,5.0000000745e-02,5.0000000745e-02,2.4000000209e-02
1.0000000000e+17,2.9860971743e+00,2.1494144943e+00,1.5935204860e+03,0.0000000000e+00,1.1241592308e+00,0.0000000000e+00,9.4999232616e-02,8.4106425864e+17,7.4106425864e+17,4.0727403846e+00,4.6600437825e-01,0.0000000000e+00,1.0750038489e+10,3.0000000000e+02,0.0000000000e+00,3.2402875475e+16,4.5857896090e+20,-1.0291599982e+00,0.0000000000e+00,7.1004638990e+17,0.0000000000e+00,0.0000000000e+00,1.4170000000e+03,5.2558445021e-04,3.0744132474e+05,0.0000000000e+00,1.3850067344e+15,0.0000000000e+00,0.0000000000e+00,4.7050000000e+02,7.6994646604e-01,4.7967456363e+06,4.5857896090e+20,-2.6672858061e+00,-2.7252090461e+00,-3.4824949708e+04,-2.7599771023e+00,-2.8145381995e+00,-3.3817879272e+04,-1.5904354899e-02,-9.3119369952e-03,-2.1696325428e+02,9.2691296244e-02,8.9329153436e-02,-1.0070704359e+03,2.6744961112e+00,1.3571069536e+00,-1.0526960979e+04,1,2.6000000536e-02,5.0000000745e-02,5.0000000745e-02,2.6000000536e-02
1.0000000000e+17,2.6356255415e+00,-5.8803627948e-01,1.6522503384e+03,0.0000000000e+00,1.1241592308e+00,0.0000000000e+00,9.5394534465e-02,8.2940854134e+17,7.2940854134e+17,4.0727403846e+00,4.6560907640e-01,0.0000000000e+00,1.0750038489e+10,3.0000000000e+02,0.0000000000e+00,3.2438669209e+16,5.0011855012e+20,-1.0287646963e+00,0.0000000000e+00,6.9848187215e+17,0.0000000000e+00,0.0000000000e+00,1.4170000000e+03,5.7055429895e-04,3.1102941884e+05,0.0000000000e+00,1.5120000140e+15,0.0000000000e+00,0.0000000000e+00,4.7050000000e+02,7.7149681784e-01,4.5304412715e+06,5.0011855012e+20,-2.2311404116e+00,-2.3374714381e+00,-3.4816792560e+04,-2.3120101371e+00,-2.4151767822e+00,-3.3809445852e+04,-1.1891326016e-02,3.7945037681e-04,-2.1931544566e+02,8.0869725556e-02,7.7705344157e-02,-1.0073467075e+03,2.1923399254e+00,3.1313264420e-01,-9.9393896506e+03,1,2.8000000864e-02,5.0000000745e-02,5.0000000745e-02,2.8000000864e-02
1.0000000000e+17,2.2851542351e+00,-3.3254845039e+00,1.7109801360e+03,0.0000000000e+00,1.1241592308e+00,0.0000000000e+00,9.5789835945e-02,8.1775283490e+17,7.1775283490e+17,4.0727403846e+00,4.6521377492e-01,0.0000000000e+00,1.0750038489e+10,3.0000000000e+02,0.0000000000e+00,3.2474462910e+16,5.4165810065e+20,-1.0283693948e+00,0.0000000000e+00,6.8691736516e+17,0.0000000000e+00,0.0000000000e+00,1.4170000000e+03,6.1552410582e-04,3.1461750961e+05,0.0000000000e+00,1.6389931753e+15,0.0000000000e+00,0.0000000000e+00,4.7050000000e+02,7.7304716820e-01,4.2641371547e+06,5.4165810065e+20,-1.7949954232e+00,-1.9497341912e+00,-3.4808635419e+04,-1.8640435891e+00,-2.0158157369e+00,-3.3801012440e+04,-7.8783008699e-03,1.0070828723e-02,-2.2166763484e+02,6.9048165878e-02,6.6081545704e-02,-1.0076229789e+03,1.7101841886e+00,-7.3084069296e-01,-9.3518188700e+03,1,2.9999999329e-02,5.0000000745e-02,5.0000000745e-02,2.9999999329e-02
1.0000000000e+17,1.9346848231e+00,-6.0629344574e+00,1.7697100347e+03,0.0000000000e+00,1.1241592308e+00,0.0000000000e+00,9.6185138016e-02,8.0609711389e+17,7.0609711389e+17,4.0727403846e+00,4.6481847285e-01,0.0000000000e+00,1.0750038489e+10,3.0000000000e+02,0.0000000000e+00,3.2510260049e+16,5.8319772540e+20,-1.0279740928e+00,0.0000000000e+00,6.7535284041e+17,0.0000000000e+00,0.0000000000e+00,1.4170000000e+03,6.6049399643e-04,3.1820560706e+05,0.0000000000e+00,1.7659865634e+15,0.0000000000e+00,0.0000000000e+00,4.7050000000e+02,7.7459752144e-01,3.9978325415e+06,5.8319772540e+20,-1.3588493171e+00,-1.5619965415e+00,-3.4800478327e+04,-1.4160758806e+00,-1.6164542655e+00,-3.3792579078e+04,-3.8652918572e-03,1.9762213227e-02,-2.2401982840e+02,5.7226563501e-02,5.4457724037e-02,-1.0078992489e+03,1.2280453133e+00,-1.7748041699e+00,-8.7642469967e+03,1,3.2000001520e-02,5.0000000745e-02,5.0000000745e-02,3.2000001520e-02
1.0000000000e+17,1.5842131902e+00,-8.8003852312e+00,1.8284398871e+03,0.0000000000e+00,1.1241592308e+00,0.0000000000e+00,9.6580439864e-02,7.9444139659e+17,6.9444139659e+17,4.0727403846e+00,4.6442317100e-01,0.0000000000e+00,1.0750038489e+10,3.0000000000e+02,0.0000000000e+00,3.2546053784e+16,6.2473731462e+20,-1.0275787909e+00,0.0000000000e+00,6.6378832265e+17,0.0000000000e+00,0.0000000000e+00,1.4170000000e+03,7.0546384517e-04,3.2179370117e+05,0.0000000000e+00,1.8929798430e+15,0.0000000000e+00,0.0000000000e+00,4.7050000000e+02,7.7614787324e-01,3.7315281767e+06,6.2473731462e+20,-9.2270392256e-01,-1.1742589335e+00,-3.4792321179e+04,-9.6810891538e-01,-1.2170928483e+00,-3.3784145658e+04,1.4773702625e-04,2.9453600599e-02,-2.2637201978e+02,4.5404992813e-02,4.2833914759e-02,-1.0081755206e+03,7.4588912746e-01,-2.8187784793e+00,-8.1766756688e+03,1,3.4000001848e-02,5.0000000745e-02,5.0000000745e-02,3.4000001848e-02
1.0000000000e+17,1.2337422102e+00,-1.1537830906e+01,1.8871696300e+03,0.0000000000e+00,1.1241592308e+00,0.0000000000e+00,9.6975740977e-02,7.8278570101e+17,6.8278570101e+17,4.0727403846e+00,4.6402786989e-01,0.0000000000e+00,1.0750038489e+10,3.0000000000e+02,0.0000000000e+00,3.2581847452e+16,6.6627682647e+20,-1.0271834898e+00,0.0000000000e+00,6.5222382644e+17,0.0000000000e+00,0.0000000000e+00,1.4170000000e+03,7.5043361016e-04,3.2538178859e+05,0.0000000000e+00,2.0199728861e+15,0.0000000000e+00,0.0000000000e+00,4.7050000000e+02,7.7769822215e-01,3.4652243080e+06,6.6627682647e+20,-4.8655934043e-01,-7.8652204775e-01,-3.4784164046e+04,-5.2014278458e-01,-8.1773217488e-01,-3.3775712254e+04,4.1607584348e-03,3.9144969920e-02,-2.2872420678e+02,3.3583444145e-02,3.1210127131e-02,-1.0084517918e+03,2.6373383974e-01,-3.8627508442e+00,-7.5891054354e+03,1,3.5999998450e-02,5.0000000745e-02,5.0000000745e-02,3.5999998450e-02
1.0000000000e+17,1.0142494504e+00,-1.2324839651e+01,2.0075880565e+03,0.0000000000e+00,1.1241592308e+00,0.0000000000e+00,9.7404860263e-02,7.7052740917e+17,6.7052740917e+17,4.0727403846e+00,4.6359875060e-01,0.0000000000e+00,1.0750038489e+10,3.0000000000e+02,0.0000000000e+00,3.2613127231e+16,7.0949394944e+20,-1.0267543705e+00,0.0000000000e+00,6.4006677232e+17,0.0000000000e+00,0.0000000000e+00,1.4170000000e+03,7.9641965430e-04,3.3069670683e+05,0.0000000000e+00,2.1524903891e+15,0.0000000000e+00,0.0000000000e+00,4.7050000000e+02,7.7914004661e-01,3.1955183884e+06,7.0949394944e+20,-9.7908063737e-02,-4.2289426862e-01,-3.4774554453e+04,-1.2027719435e-01,-4.4297961522e-01,-3.3765810612e+04,7.7358400834e-03,4.3197995953e-02,-2.3242687916e+02,2.2369130611e-02,2.0085346606e-02,-1.0087438411e+03,-7.8861728559e-02,-4.2707282787e+00,-6.9840825863e+03,1,3.7999998778e-02,5.0000000745e-02,5.0000000745e-02,3.7999998778e-02
1.0000000000e+17,1.1876951445e+00,-7.2605027860e+00,2.3130728162e+03,0.0000000000e+00,1.1241592308e+00,0.0000000000e+00,9.7935432209e-02,7.5646138820e+17,6.5646138820e+17,4.0727403846e+00,4.6306817866e-01,0.0000000000e+00,1.0750038489e+10,3.0000000000e+02,0.0000000000e+00,3.2630865273e+16,7.5774369254e+20,-1.0262237986e+00,0.0000000000e+00,6.2613210355e+17,0.0000000000e+00,0.0000000000e+00,1.4170000000e+03,8.4545429523e-04,3.4119211548e+05,0.0000000000e+00,2.3015806246e+15,0.0000000000e+00,0.0000000000e+00,4.7050000000e+02,7.8025628790e-01,2.9156077690e+06,7.5774369254e+20,1.4826015291e-01,-1.3159625371e-01,-3.4760587459e+04,1.3528350159e-01,-1.4205395962e-01,-3.3751504234e+04,9.9970898507e-03,3.0335924478e-02,-2.4018100873e+02,1.2976651319e-02,1.0457705914e-02,-1.0090832252e+03,-2.7832551814e-03,-2.7707183666e+00,-6.3267049904e+03,1,3.9999999106e-02,5.0000000745e-02,5.0000000745e-02,3.9999999106e-02
1.0000000000e+17,1.3611390146e+00,-2.1961680867e+00,2.6185575849e+03,0.0000000000e+00,1.1241592308e+00,0.0000000000e+00,9.8466004297e-02,7.4239536060e+17,6.4239536060e+17,4.0727403846e+00,4.6253760657e-01,0.0000000000e+00,1.0750038489e+10,3.0000000000e+02,0.0000000000e+00,3.2648600050e+16,8.0599343981e+20,-1.0256932265e+00,0.0000000000e+00,6.1219743142e+17,0.0000000000e+00,0.0000000000e+00,1.4170000000e+03,8.9448893619e-04,3.5168752413e+05,0.0000000000e+00,2.4506708731e+15,0.0000000000e+00,0.0000000000e+00,4.7050000000e+02,7.8137252920e-01,2.6356971497e+06,8.0599343981e+20,3.9442849917e-01,1.5970196408e-01,-3.4746620378e+04,3.9084432209e-01,1.5887189358e-01,-3.3737197765e+04,1.2258356055e-02,1.7473857897e-02,-2.4793513832e+02,3.5841770837e-03,8.3007050280e-04,-1.0094226121e+03,7.3291462250e-02,-1.2707102366e+00,-5.6693273940e+03,1,4.1999999434e-02,5.0000000745e-02,5.0000000745e-02,4.1999999434e-02
1.0000000000e+17,1.5182553638e+00,2.2469653925e+00,2.9049513013e+03,0.0000000000e+00,1.1241592308e+00,0.0000000000e+00,9.9008281372e-02,7.2818254460e+17,6.2818254460e+17,4.0727403846e+00,4.6199532949e-01,0.0000000000e+00,1.0750038489e+10,3.0000000000e+02,0.0000000000e+00,3.2666308263e+16,8.5500409521e+20,-1.0251509494e+00,0.0000000000e+00,5.9811856968e+17,0.0000000000e+00,0.0000000000e+00,1.4170000000e+03,9.4400032056e-04,3.6208963394e+05,0.0000000000e+00,2.6023333368e+15,0.0000000000e+00,0.0000000000e+00,4.7050000000e+02,7.8246440820e-01,2.3744414018e+06,8.5500409521e+20,6.3036956400e-01,4.2707163471e-01,-3.4732964665e+04,6.3551475434e-01,4.3501048957e-01,-3.3723220710e+04,1.4801948404e-02,6.4282812728e-03,-2.5558039322e+02,-5.1451903384e-03,-7.9388548619e-03,-1.0097439546e+03,1.3394693307e-01,3.9473156603e-02,-5.0592629088e+03,1,4.3999999762e-02,5.0000000745e-02,5.0000000745e-02,4.3999999762e-02
1.0000000000e+17,1.5610610768e+00,2.3416642554e+00,3.0577076483e+03,0.0000000000e+00,1.1241592308e+00,0.0000000000e+00,9.9632494465e-02,7.1294216055e+17,6.1294216055e+17,4.0727403846e+00,4.6137111640e-01,0.0000000000e+00,1.0750038489e+10,3.0000000000e+02,0.0000000000e+00,3.2683807315e+16,9.0934114066e+20,-1.0245267363e+00,0.0000000000e+00,5.8303035465e+17,0.0000000000e+00,0.0000000000e+00,1.4170000000e+03,9.9684891330e-04,3.7183865104e+05,0.0000000000e+00,2.7720014110e+15,0.0000000000e+00,0.0000000000e+00,4.7050000000e+02,7.8338575093e-01,2.2437699208e+06,9.0934114066e+20,7.9472214225e-01,5.2694449938e-01,-3.4721487797e+04,8.0395486686e-01,5.3764123028e-01,-3.3711548787e+04,1.9322087750e-02,8.0982287424e-03,-2.6246352459e+02,-9.2327246131e-03,-1.0696730899e-02,-1.0099390100e+03,8.6611425381e-02,2.0855090093e-02,-4.7803906180e+03,1,4.6000000089e-02,5.0000000745e-02,5.0000000745e-02,4.6000000089e-02
1.0000000000e+17,1.6038667897e+00,2.4363631183e+00,3.2104639953e+03,0.0000000000e+00,1.1241592308e+00,0.0000000000e+00,1.0025670756e-01,6.9770177651e+17,5.9770177651e+17,4.0727403846e+00,4.6074690331e-01,0.0000000000e+00,1.0750038489e+10,3.0000000000e+02,0.0000000000e+00,3.2701306367e+16,9.6367818612e+20,-1.0239025232e+00,0.0000000000e+00,5.6794213962e+17,0.0000000000e+00,0.0000000000e+00,1.4170000000e+03,1.0496975060e-03,3.8158766814e+05,0.0000000000e+00,2.9416694852e+15,0.0000000000e+00,0.0000000000e+00,4.7050000000e+02,7.8430709367e-01,2.1130984399e+06,9.6367818612e+20,9.5907472050e-01,6.2681736405e-01,-3.4710010928e+04,9.7239497938e-01,6.4027197099e-01,-3.3699876863e+04,2.3842227096e-02,9.7681762120e-03,-2.6934665596e+02,-1.3320258888e-02,-1.3454606937e-02,-1.0101340653e+03,3.9275917693e-02,2.2370235831e-03,-4.5015183272e+03,1,4.8000000417e-02,5.0000000745e-02,5.0000000745e-02,4.8000000417e-02
1.0000000000e+17,1.6466725027e+00,2.5310619811e+00,3.3632203423e+03,0.0000000000e+00,1.1241592308e+00,0.0000000000e+00,1.0088092065e-01,6.8246139246e+17,5.8246139246e+17,4.0727403846e+00,4.6012269021e-01,0.0000000000e+00,1.0750038489e+10,3.0000000000e+02,0.0000000000e+00,3.2718805420e+16,1.0180152316e+21,-1.0232783101e+00,0.0000000000e+00,5.5285392460e+17,0.0000000000e+00,0.0000000000e+00,1.4170000000e+03,1.1025460988e-03,3.9133668524e+05,0.0000000000e+00,3.1113375594e+15,0.0000000000e+00,0.0000000000e+00,4.7050000000e+02,7.8522843641e-01,1.9824269590e+06,1.0180152316e+21,1.1234272987e+00,7.2669022872e-01,-3.4698534060e+04,1.1408350919e+00,7.4290271170e-01,-3.3688204939e+04,2.8362366442e-02,1.1438123682e-02,-2.7622978733e+02,-1.7407793162e-02,-1.6212482974e-02,-1.0103291206e+03,-8.0595899947e-03,-1.6381042927e-02,-4.2226460364e+03,1,5.0000000745e-02,5.0000000745e-02,5.0000000745e-02,5.0000000745e-02
1.0000000000e+17,1.7064023966e+00,2.6355370617e+00,3.5224596580e+03,0.0000000000e+00,1.1241592308e+00,0.0000000000e+00,1.0160247183e-01,6.6638728019e+17,5.6638728019e+17,4.0727403846e+00,4.5940113903e-01,0.0000000000e+00,1.0750038489e+10,3.0000000000e+02,0.0000000000e+00,3.2743542712e+16,1.0800175579e+21,-1.0225567589e+00,0.0000000000e+00,5.3695145625e+17,0.0000000000e+00,0.0000000000e+00,1.4170000000e+03,1.1601795851e-03,4.0355109060e+05,0.0000000000e+00,3.3077187723e+15,0.0000000000e+00,0.0000000000e+00,4.7050000000e+02,7.8599614111e-01,1.8779167444e+06,1.0800175579e+21,1.3118248721e+00,8.3290193543e-01,-3.4682931606e+04,1.3340459685e+00,8.5200777284e-01,-3.3672381527e+04,3.5133810605e-02,1.3783905136e-02,-2.8485327452e+02,-2.2221096389e-02,-1.9105837410e-02,-1.0105500785e+03,-4.1619717194e-02,-2.7375266048e-02,-3.9998301966e+03,1,5.2000001073e-02,5.0000000745e-02,5.0000000745e-02,5.2000001073e-02
1.0000000000e+17,1.7660875029e+00,2.7400557145e+00,3.6816989719e+03,0.0000000000e+00,1.1241592308e+00,0.0000000000e+00,1.0232402284e-01,6.5031317360e+17,5.5031317360e+17,4.0727403846e+00,4.5867958803e-01,0.0000000000e+00,1.0750038489e+10,3.0000000000e+02,0.0000000000e+00,3.2768283016e+16,1.1420198746e+21,-1.0218352079e+00,0.0000000000e+00,5.2104899054e+17,0.0000000000e+00,0.0000000000e+00,1.4170000000e+03,1.2178130696e-03,4.1576549501e+05,0.0000000000e+00,3.5040999527e+15,0.0000000000e+00,0.0000000000e+00,4.7050000000e+02,7.8676384587e-01,1.7734065200e+06,1.1420198746e+21,1.5002240589e+00,9.3911214800e-01,-3.4667329235e+04,1.5272584963e+00,9.6111130544e-01,-3.3656558201e+04,4.1905256018e-02,1.6129687489e-02,-2.9347676104e+02,-2.7034437396e-02,-2.1999157442e-02,-1.0107710339e+03,-7.5180127999e-02,-3.8369499630e-02,-3.7770143363e+03,1,5.4000001401e-02,5.0000000745e-02,5.0000000745e-02,5.4000001401e-02
1.0000000000e+17,1.8258182495e+00,2.8445305521e+00,3.8409382857e+03,0.0000000000e+00,1.1241592308e+00,0.0000000000e+00,1.0304557398e-01,6.3423906143e+17,5.3423906143e+17,4.0727403846e+00,4.5795803688e-01,0.0000000000e+00,1.0750038489e+10,3.0000000000e+02,0.0000000000e+00,3.2793020255e+16,1.2040221977e+21,-1.0211136568e+00,0.0000000000e+00,5.0514652233e+17,0.0000000000e+00,0.0000000000e+00,1.4170000000e+03,1.2754465541e-03,4.2797989945e+05,0.0000000000e+00,3.7004811544e+15,0.0000000000e+00,0.0000000000e+00,4.7050000000e+02,7.8753155063e-01,1.6688962956e+06,1.2040221977e+21,1.6886221325e+00,1.0453242496e+00,-3.4651726781e+04,1.7204698752e+00,1.0702167615e+00,-3.3640734789e+04,4.8676695199e-02,1.8475466012e-02,-3.0210024759e+02,-3.1847742704e-02,-2.4892511870e-02,-1.0109919918e+03,-1.0874065383e-01,-4.9363990162e-02,-3.5541984760e+03,1,5.6000001729e-02,5.0000000745e-02,5.0000000745e-02,5.6000001729e-02
1.0000000000e+17,1.9192282580e+00,2.9621148234e+00,4.0068691174e+03,0.0000000000e+00,1.1241592308e+00,0.0000000000e+00,1.0385616482e-01,6.1773176986e+17,5.1773176986e+17,4.0727403846e+00,4.5714744604e-01,0.0000000000e+00,1.0750038489e+10,3.0000000000e+02,0.0000000000e+00,3.2823390909e+16,1.2743798994e+21,-1.0203030659e+00,0.0000000000e+00,4.8883565481e+17,0.0000000000e+00,0.0000000000e+00,1.4170000000e+03,1.3383183584e-03,4.4289136344e+05,0.0000000000e+00,3.9272758614e+15,0.0000000000e+00,0.0000000000e+00,4.7050000000e+02,7.8819001717e-01,1.5807416390e+06,1.2743798994e+21,1.9068076023e+00,1.1659783425e+00,-3.4630261474e+04,1.9444890485e+00,1.1941883678e+00,-3.3618969798e+04,5.8615546872e-02,2.1867071521e-02,-3.1262722359e+02,-3.7681446192e-02,-2.8210025260e-02,-1.0112916757e+03,-1.3495226901e-01,-5.6920803795e-02,-3.3663627663e+03,1,5.7999998331e-02,5.0000000745e-02,5.0000000745e-02,5.7999998331e-02
1.0000000000e+17,2.0174716153e+00,3.0815522997e+00,4.1737562281e+03,0.0000000000e+00,1.1241592308e+00,0.0000000000e+00,1.0467947713e-01,6.0116256379e+17,5.0116256379e+17,4.0727403846e+00,4.5632413373e-01,0.0000000000e+00,1.0750038489e+10,3.0000000000e+02,0.0000000000e+00,3.2854566771e+16,1.3459313636e+21,-1.0194797536e+00,0.0000000000e+00,4.7246641282e+17,0.0000000000e+00,0.0000000000e+00,1.4170000000e+03,1.4019386234e-03,4.5818815109e+05,0.0000000000e+00,4.1584157942e+15,0.0000000000e+00,0.0000000000e+00,4.7050000000e+02,7.8883287975e-01,1.4949232905e+06,1.3459313636e+21,2.1292480801e+00,1.2886989064e+00,-3.4607958679e+04,2.1729089845e+00,1.3202871076e+00,-3.3596356076e+04,6.9006905330e-02,2.5408095228e-02,-3.2342614745e+02,-4.3660904380e-02,-3.1588201159e-02,-1.0116026034e+03,-1.6011423950e-01,-6.3986842439e-02,-3.1835237914e+03,1,5.9999998659e-02,5.0000000745e-02,5.0000000745e-02,5.9999998659e-02
1.0000000000e+17,2.1156925326e+00,3.2010105357e+00,4.3406433381e+03,0.0000000000e+00,1.1241592308e+00,0.0000000000e+00,1.0550278957e-01,5.8459335494e+17,4.8459335494e+17,4.0727403846e+00,4.5550082129e-01,0.0000000000e+00,1.0750038489e+10,3.0000000000e+02,0.0000000000e+00,3.2885742330e+16,1.4174828339e+21,-1.0186564412e+00,0.0000000000e+00,4.5609716836e+17,0.0000000000e+00,0.0000000000e+00,1.4170000000e+03,1.4655588884e-03,4.7348493876e+05,0.0000000000e+00,4.3895557469e+15,0.0000000000e+00,0.0000000000e+00,4.7050000000e+02,7.8947574233e-01,1.4091049420e+06,1.4174828339e+21,2.3516900813e+00,1.4114181051e+00,-3.4585655782e+04,2.4013304794e+00,1.4463844536e+00,-3.3573742248e+04,7.9398258821e-02,2.8949115402e-02,-3.3422507133e+02,-4.9640398066e-02,-3.4966348521e-02,-1.0119135344e+03,-1.8527636204e-01,-7.1052788461e-02,-3.0006848166e+03,1,6.1999998987e-02,5.0000000745e-02,5.0000000745e-02,6.1999998987e-02
1.0000000000e+17,2.2719749087e+00,3.3402762721e+00,4.5138901579e+03,0.0000000000e+00,1.1241592308e+00,0.0000000000e+00,1.0640630765e-01,5.6789663439e+17,4.6789663439e+17,4.0727403846e+00,4.5459730321e-01,0.0000000000e+00,1.0750038489e+10,3.0000000000e+02,0.0000000000e+00,3.2914229676e+16,1.4978341481e+21,-1.0177529231e+00,0.0000000000e+00,4.3963721858e+17,0.0000000000e+00,0.0000000000e+00,1.4170000000e+03,1.5348042783e-03,4.9171845959e+05,0.0000000000e+00,4.6548138689e+15,0.0000000000e+00,0.0000000000e+00,4.7050000000e+02,7.9004084954e-01,1.3338067199e+06,1.4978341481e+21,2.6127835954e+00,1.5591150832e+00,-3.4556020516e+04,2.6698673871e+00,1.5982701668e+00,-3.3543666023e+04,9.4272964622e-02,3.4096894961e-02,-3.4709590935e+02,-5.7083791726e-02,-3.9155083663e-02,-1.0123544926e+03,-2.0673210633e-01,-7.6856647270e-02,-2.8403154428e+03,1,6.4000003040e-02,5.0000000745e-02,5.0000000745e-02,6.4000003040e-02
1.0000000000e+17,2.4475876990e+00,3.4861621518e+00,4.6892561167e+03,0.0000000000e+00,1.1241592308e+00,0.0000000000e+00,1.0733655723e-01,5.5115747576e+17,4.5115747576e+17,4.0727403846e+00,4.5366705364e-01,0.0000000000e+00,1.0750038489e+10,3.0000000000e+02,0.0000000000e+00,3.2941817806e+16,1.5811184051e+21,-1.0168226735e+00,0.0000000000e+00,4.2314710155e+17,0.0000000000e+00,0.0000000000e+00,1.4170000000e+03,1.6059244054e-03,5.1093081053e+05,0.0000000000e+00,4.9314435961e+15,0.0000000000e+00,0.0000000000e+00,4.7050000000e+02,7.9058003589e-01,1.2620155274e+06,1.5811184051e+21,2.8867625339e+00,1.7151416342e+00,-3.4523941069e+04,2.9517777160e+00,1.7587557119e+00,-3.3511102272e+04,1.1064204436e-01,3.9780256899e-02,-3.6065732832e+02,-6.5015182088e-02,-4.3614077709e-02,-1.0128387975e+03,-2.2695258577e-01,-8.2240307602e-02,-2.6874366191e+03,1,6.5999999642e-02,5.0000000745e-02,5.0000000745e-02,6.5999999642e-02
1.0000000000e+17,2.6232242285e+00,3.6320307214e+00,4.8646227358e+03,0.0000000000e+00,1.1241592308e+00,0.0000000000e+00,1.0826681001e-01,5.3441826221e+17,4.3441826221e+17,4.0727403846e+00,4.5273680086e-01,0.0000000000e+00,1.0750038489e+10,3.0000000000e+02,0.0000000000e+00,3.2969409150e+16,1.6644029582e+21,-1.0158924208e+00,0.0000000000e+00,4.0665692736e+17,0.0000000000e+00,0.0000000000e+00,1.4170000000e+03,1.6770447974e-03,5.3014323297e+05,0.0000000000e+00,5.2080743062e+15,0.0000000000e+00,0.0000000000e+00,4.7050000000e+02,7.9111922425e-01,1.1902240675e+06,1.6644029582e+21,3.1607417171e+00,1.8711665119e+00,-3.4491861697e+04,3.2336882954e+00,1.9192395598e+00,-3.3478538599e+04,1.2701119262e-01,4.5463627714e-02,-3.7421879774e+02,-7.2946578312e-02,-4.8073047909e-02,-1.0133230980e+03,-2.4717310518e-01,-8.7623683077e-02,-2.5345572259e+03,1,6.8000003695e-02,5.0000000745e-02,5.0000000745e-02,6.8000003695e-02
1.0000000000e+17,2.8772955351e+00,3.8020758812e+00,5.0450280783e+03,0.0000000000e+00,1.1241592308e+00,0.0000000000e+00,1.0926733823e-01,5.1776136559e+17,4.1776136559e+17,4.0727403846e+00,4.5173627263e-01,0.0000000000e+00,1.0750038489e+10,3.0000000000e+02,0.0000000000e+00,3.2979541023e+16,1.7564782323e+21,-1.0148918925e+00,0.0000000000e+00,3.9030398334e+17,0.0000000000e+00,0.0000000000e+00,1.4170000000e+03,1.7540605889e-03,5.5250434731e+05,0.0000000000e+00,5.5221587736e+15,0.0000000000e+00,0.0000000000e+00,4.7050000000e+02,7.9160378735e-01,1.1253067877e+06,1.7564782323e+21,3.4999733447e+00,2.0769119259e+00,-3.4451398860e+04,3.5834310225e+00,2.1311822621e+00,-3.3437414442e+04,1.5017771143e-01,5.3850624847e-02,-3.8999972729e+02,-8.3457677779e-02,-5.4270336178e-02,-1.0139844178e+03,-2.6780381494e-01,-9.4004172675e-02,-2.3963477489e+03,1,7.0000000298e-02,5.0000000745e-02,5.0000000745e-02,7.0000000298e-02
1.0000000000e+17,3.1784272697e+00,3.9866291673e+00,5.2284570313e+03,0.0000000000e+00,1.1241592308e+00,0.0000000000e+00,1.1031003359e-01,5.0115382110e+17,4.0115382110e+17,4.0727403846e+00,4.5069357727e-01,0.0000000000e+00,1.0750038489e+10,3.0000000000e+02,0.0000000000e+00,3.2979197212e+16,1.8538280976e+21,-1.0138491972e+00,0.0000000000e+00,3.7403333988e+17,0.0000000000e+00,0.0000000000e+00,1.4170000000e+03,1.8346137606e-03,5.7675470998e+05,0.0000000000e+00,5.8587159966e+15,0.0000000000e+00,0.0000000000e+00,4.7050000000e+02,7.9205557667e-01,1.0645138342e+06,1.8538280976e+21,3.8783596197e+00,2.3124919238e+00,-3.4405905897e+04,3.9738762929e+00,2.3740025757e+00,-3.3391153947e+04,1.7742267788e-01,6.3859800185e-02,-4.0711235640e+02,-9.5516673116e-02,-6.1510651914e-02,-1.0147519497e+03,-2.8868095860e-01,-1.0098323037e-01,-2.2669398347e+03,1,7.1999996901e-02,5.0000000745e-02,5.0000000745e-02,7.1999996901e-02
1.0000000000e+17,3.4795601261e+00,4.1711831409e+00,5.4118866677e+03,0.0000000000e+00,1.1241592308e+00,0.0000000000e+00,1.1135273283e-01,4.8454621473e+17,3.8454621473e+17,4.0727403846e+00,4.4965087803e-01,0.0000000000e+00,1.0750038489e+10,3.0000000000e+02,0.0000000000e+00,3.2978853401e+16,1.9511783256e+21,-1.0128064979e+00,0.0000000000e+00,3.5776263580e+17,0.0000000000e+00,0.0000000000e+00,1.4170000000e+03,1.9151672325e-03,6.0100516299e+05,0.0000000000e+00,6.1952744734e+15,0.0000000000e+00,0.0000000000e+00,4.7050000000e+02,7.9250736767e-01,1.0037206543e+06,1.9511783256e+21,4.2567473044e+00,2.5480727993e+00,-3.4360412765e+04,4.3643230178e+00,2.6168237939e+00,-3.3344893280e+04,2.0466774583e-01,7.3869012811e-02,-4.2422504926e+02,-1.0757571338e-01,-6.8750994622e-02,-1.0155194846e+03,-3.0955818004e-01,-1.0796231406e-01,-2.1375314384e+03,1,7.4000000954e-02,5.0000000745e-02,5.0000000745e-02,7.4000000954e-02
1.0000000000e+17,3.8501810392e+00,4.3704843215e+00,5.5978313021e+03,0.0000000000e+00,1.1241592308e+00,0.0000000000e+00,1.1245400967e-01,4.6813940729e+17,3.6813940729e+17,4.0727403846e+00,4.4854960120e-01,0.0000000000e+00,1.0750038489e+10,3.0000000000e+02,0.0000000000e+00,3.2942173103e+16,2.0565576417e+21,-1.0117052211e+00,0.0000000000e+00,3.4176871627e+17,0.0000000000e+00,0.0000000000e+00,1.4170000000e+03,2.0016837505e-03,6.2852009196e+05,0.0000000000e+00,6.5714820823e+15,0.0000000000e+00,0.0000000000e+00,4.7050000000e+02,7.9292198920e-01,9.4742420689e+05,2.0565576417e+21,4.7769647292e+00,2.8960707803e+00,-3.4306022426e+04,4.9024099256e+00,2.9763781316e+00,-3.3289518465e+04,2.4378991020e-01,8.9176364311e-02,-4.4363275750e+02,-1.2544519639e-01,-8.0307351259e-02,-1.0165039615e+03,-3.3866858108e-01,-1.2001618545e-01,-2.0177212438e+03,1,7.5999997556e-02,5.0000000745e-02,5.0000000745e-02,7.5999997556e-02
1.0000000000e+17,4.2902923819e+00,4.5845368674e+00,5.7862923234e+03,0.0000000000e+00,1.1241592308e+00,0.0000000000e+00,1.1361387239e-01,4.5193327637e+17,3.5193327637e+17,4.0727403846e+00,4.4738973848e-01,0.0000000000e+00,1.0750038489e+10,3.0000000000e+02,0.0000000000e+00,3.2869155836e+16,2.1699668423e+21,-1.0105453584e+00,0.0000000000e+00,3.2605146221e+17,0.0000000000e+00,0.0000000000e+00,1.4170000000e+03,2.0941639680e-03,6.5929970680e+05,0.0000000000e+00,6.9873416844e+15,0.0000000000e+00,0.0000000000e+00,4.7050000000e+02,7.9329944430e-01,8.9562407920e+05,2.1699668423e+21,5.4390201763e+00,3.3564923758e+00,-3.4242734462e+04,5.5881455506e+00,3.4526722608e+00,-3.3225029073e+04,2.9478950673e-01,1.0978198492e-01,-4.6533562923e+02,-1.4912537422e-01,-9.6179884985e-02,-1.0177053882e+03,-3.7601270166e-01,-1.3714527901e-01,-1.9075083726e+03,1,7.8000001609e-02,5.0000000745e-02,5.0000000745e-02,7.8000001609e-02
1.0000000000e+17,4.7304424899e+00,4.7985525311e+00,5.9747526460e+03,0.0000000000e+00,1.1241592308e+00,0.0000000000e+00,1.1477373078e-01,4.3572720604e+17,3.3572720604e+17,4.0727403846e+00,4.4622988008e-01,0.0000000000e+00,1.0750038489e+10,3.0000000000e+02,0.0000000000e+00,3.2796138834e+16,2.2833756215e+21,-1.0093855000e+00,0.0000000000e+00,3.1033426695e+17,0.0000000000e+00,0.0000000000e+00,1.4170000000e+03,2.1866438412e-03,6.9007920704e+05,0.0000000000e+00,7.4031997445e+15,0.0000000000e+00,0.0000000000e+00,4.7050000000e+02,7.9367689798e-01,8.4382414448e+05,2.2833756215e+21,6.1010723302e+00,3.8169114809e+00,-3.4179446749e+04,6.2738777722e+00,3.9289638213e+00,-3.3160539939e+04,3.4578890044e-01,1.3038749423e-01,-4.8703842022e+02,-1.7280544202e-01,-1.1205234033e-01,-1.0189068100e+03,-4.1335675364e-01,-1.5427418652e-01,-1.7972959119e+03,1,7.9999998212e-02,5.0000000745e-02,5.0000000745e-02,7.9999998212e-02
1.0000000000e+17,7.2165614163e+00,5.4759143350e+00,6.1598506138e+03,0.0000000000e+00,1.1241592308e+00,0.0000000000e+00,1.1597818790e-01,4.1975866615e+17,3.1975866615e+17,4.0727403846e+00,4.4502542296e-01,0.0000000000e+00,1.0750038489e+10,3.0000000000e+02,0.0000000000e+00,3.2670271508e+16,2.4029919070e+21,-1.0081810429e+00,0.0000000000e+00,2.9494675995e+17,0.0000000000e+00,0.0000000000e+00,1.4170000000e+03,2.2848033131e-03,7.2402325574e+05,0.0000000000e+00,7.8583653030e+15,0.0000000000e+00,0.0000000000e+00,4.7050000000e+02,7.9403058329e-01,7.9490169414e+05,2.4029919070e+21,7.0996348496e+00,4.5384757804e+00,-3.4107289431e+04,7.3111990469e+00,4.6778058267e+00,-3.3086931525e+04,3.9920498828e-01,1.6153830903e-01,-5.1078902875e+02,-2.1156419733e-01,-1.3933004631e-01,-1.0203579057e+03,-4.2608199212e-01,-1.8369262800e-01,-1.6936855646e+03,1,8.2000002265e-02,5.0000000745e-02,5.0000000745e-02,8.2000002265e-02
1.0000000000e+17,1.3112670750e+01,6.9254513801e+00,6.3393428330e+03,0.0000000000e+00,1.1241592308e+00,0.0000000000e+00,1.1725696414e-01,4.0418616812e+17,3.0418616812e+17,4.0727403846e+00,4.4374664673e-01,0.0000000000e+00,1.0750038489e+10,3.0000000000e+02,0.0000000000e+00,3.2456321466e+16,2.5329528328e+21,-1.0069022666e+00,0.0000000000e+00,2.8010888540e+17,0.0000000000e+00,0.0000000000e+00,1.4170000000e+03,2.3924277927e-03,7.6324120635e+05,0.0000000000e+00,8.3790387395e+15,0.0000000000e+00,0.0000000000e+00,4.7050000000e+02,7.9434465117e-01,7.5077552950e+05,2.5329528328e+21,8.6590447410e+00,5.6952799538e+00,-3.4020350197e+04,8.9344986192e+00,5.8808963113e+00,-3.2998125088e+04,4.5664844948e-01,2.1026432720e-01,-5.3795242533e+02,-2.7545387821e-01,-1.8561635746e-01,-1.0222251089e+03,-3.9777643886e-01,-2.3359348307e-01,-1.6010797517e+03,1,8.3999998868e-02,5.0000000745e-02,5.0000000745e-02,8.3999998868e-02
1.0000000000e+17,1.9008766650e+01,8.3750296195e+00,6.5188357245e+03,0.0000000000e+00,1.1241592308e+00,0.0000000000e+00,1.1853574503e-01,3.8861361541e+17,2.8861361541e+17,4.0727403846e+00,4.4246786584e-01,0.0000000000e+00,1.0750038489e+10,3.0000000000e+02,0.0000000000e+00,3.2242372968e+16,2.6629142332e+21,-1.0056234857e+00,0.0000000000e+00,2.6527095651e+17,0.0000000000e+00,0.0000000000e+00,1.4170000000e+03,2.5000526730e-03,8.0245930276e+05,0.0000000000e+00,8.8997140717e+15,0.0000000000e+00,0.0000000000e+00,4.7050000000e+02,7.9465872022e-01,7.0664920056e+05,2.6629142332e+21,1.0218464458e+01,6.8520814105e+00,-3.3933410698e+04,1.0557808368e+01,7.0839840390e+00,-3.2909318381e+04,5.1409218842e-01,2.5899045319e-01,-5.6511592267e+02,-3.3934390997e-01,-2.3190262851e-01,-1.0240923170e+03,-3.6947085692e-01,-2.8349428274e-01,-1.5084735943e+03,1,8.6000002921e-02,5.0000000745e-02,5.0000000745e-02,8.6000002921e-02
1.0000000000e+17,4.7516263781e+01,2.0115990634e+01,6.7247520474e+03,0.0000000000e+00,1.1241592308e+00,0.0000000000e+00,1.1984303663e-01,3.7324713259e+17,2.7324713259e+17,4.0727403846e+00,4.4116057424e-01,0.0000000000e+00,1.0750038489e+10,3.0000000000e+02,0.0000000000e+00,3.1971089673e+16,2.7962026747e+21,-1.0043161941e+00,0.0000000000e+00,2.5073066542e+17,0.0000000000e+00,0.0000000000e+00,1.4170000000e+03,2.6124800900e-03,8.4376581378e+05,0.0000000000e+00,9.4546225001e+15,0.0000000000e+00,0.0000000000e+00,4.7050000000e+02,7.9495935846e-01,6.6463224426e+05,2.7962026747e+21,1.2314290863e+01,7.6293083458e+00,-3.3844929537e+04,1.2725156523e+01,7.8938155789e+00,-3.2818885679e+04,-1.5176901283e-01,-6.6473432261e-02,-5.9548743131e+02,-4.1086566000e-01,-2.6450723307e-01,-1.0260438581e+03,8.5123598564e-01,3.0451156568e-01,-1.4171950734e+03,1,8.7999999523e-02,5.0000000745e-02,5.0000000745e-02,8.7999999523e-02
1.0000000000e+17,1.4385816301e+02,6.2731291982e+01,7.0099414921e+03,0.0000000000e+00,1.1241592308e+00,0.0000000000e+00,1.2123587941e-01,3.5849864063e+17,2.5849864063e+17,4.0727403846e+00,4.3976773145e-01,0.0000000000e+00,1.0750038489e+10,3.0000000000e+02,0.0000000000e+00,3.1527805536e+16,2.9394741840e+21,-1.0029233514e+00,0.0000000000e+00,2.3708307336e+17,0.0000000000e+00,0.0000000000e+00,1.4170000000e+03,2.7393167779e-03,8.9133817565e+05,0.0000000000e+00,1.0112238270e+16,0.0000000000e+00,0.0000000000e+00,4.7050000000e+02,7.9521970880e-01,6.2894277447e+05,2.9394741840e+21,1.6019391781e+01,7.2678634805e+00,-3.3751822329e+04,1.6524676123e+01,7.5239324962e+00,-3.2723573911e+04,-2.9875519001e+00,-1.5145146508e+00,-6.3548341067e+02,-5.0528434265e-01,-2.5606901570e-01,-1.0282484179e+03,5.6491596767e+00,2.8062516255e+00,-1.3298981085e+03,1,9.0000003576e-02,5.0000000745e-02,5.0000000745e-02,9.0000003576e-02
1.0000000000e+17,2.4019974301e+02,1.0534638786e+02,7.2951298505e+03,0.0000000000e+00,1.1241592308e+00,0.0000000000e+00,1.2262871700e-01,3.4375020381e+17,2.4375020381e+17,4.0727403846e+00,4.3837489386e-01,0.0000000000e+00,1.0750038489e+10,3.0000000000e+02,0.0000000000e+00,3.1084523030e+16,3.0827451595e+21,-1.0015305138e+00,0.0000000000e+00,2.2343553238e+17,0.0000000000e+00,0.0000000000e+00,1.4170000000e+03,2.8661529937e-03,9.3891035971e+05,0.0000000000e+00,1.0769851600e+16,0.0000000000e+00,0.0000000000e+00,4.7050000000e+02,7.9548005816e-01,5.9325343805e+05,3.0827451595e+21,1.9724465198e+01,6.9064332163e+00,-3.3658715474e+04,2.0324167390e+01,7.1540645144e+00,-3.2628262505e+04,-5.8233239884e+00,-2.9625512636e+00,-6.7547924042e+02,-5.9970219211e-01,-2.4763129816e-01,-1.0304529694e+03,1.0447065094e+01,5.3079838552e+00,-1.2426014699e+03,1,9.2000000179e-02,5.0000000745e-02,5.0000000745e-02,9.2000000179e-02
1.0000000000e+17,3.0769140087e+02,1.3566368374e+02,7.5604833264e+03,0.0000000000e+00,1.1241592308e+00,0.0000000000e+00,1.2403916222e-01,3.2912317417e+17,2.2912317417e+17,4.0727403846e+00,4.3696444865e-01,0.0000000000e+00,1.0750038489e+10,3.0000000000e+02,0.0000000000e+00,3.0641660227e+16,3.2267999471e+21,-1.0001200686e+00,0.0000000000e+00,2.0993345151e+17,0.0000000000e+00,0.0000000000e+00,1.4170000000e+03,2.9962751029e-03,9.8901002202e+05,0.0000000000e+00,1.1451937568e+16,0.0000000000e+00,0.0000000000e+00,4.7050000000e+02,7.9573446930e-01,5.5781315183e+05,3.2267999471e+21,2.1555314969e+01,6.1950163239e+00,-3.3581416979e+04,2.2196514482e+01,6.4222456798e+00,-3.2549331665e+04,-7.5491077437e+00,-3.8587982880e+00,-7.1637333098e+02,-6.4119951333e-01,-2.2722935589e-01,-1.0320853143e+03,1.3570270023e+01,6.9613496864e+00,-1.1577869529e+03,1,9.3999996781e-02,5.0000000745e-02,5.0000000745e-02,9.3999996781e-02
1.0000000000e+17,1.7323079199e+02,7.9894477975e+01,7.6869911144e+03,0.0000000000e+00,1.1241592308e+00,0.0000000000e+00,1.2557286778e-01,3.1534595819e+17,2.1534595819e+17,4.0727403846e+00,4.3543074308e-01,0.0000000000e+00,1.0750038489e+10,3.0000000000e+02,0.0000000000e+00,3.0201733607e+16,3.3763420229e+21,-9.9858636299e-01,0.0000000000e+00,1.9744956192e+17,0.0000000000e+00,0.0000000000e+00,1.4170000000e+03,3.1493993303e-03,1.0568024917e+06,0.0000000000e+00,1.2305337337e+16,0.0000000000e+00,0.0000000000e+00,4.7050000000e+02,7.9594731316e-01,5.2411612371e+05,3.3763420229e+21,1.0266588959e+01,3.0339032439e+00,-3.3614778482e+04,1.0578843157e+01,3.1569884557e+00,-3.2585066327e+04,-1.5048511233e+00,-8.9245646862e-01,-7.6355549380e+02,-3.1225419869e-01,-1.2308521181e-01,-1.0297121555e+03,4.9703860718e+00,2.6760607653e+00,-1.0903472712e+03,1,9.6000000834e-02,5.0000000745e-02,5.0000000745e-02,9.6000000834e-02
1.0000000000e+17,3.8770685439e+01,2.4125549674e+01,7.8134983995e+03,0.0000000000e+00,1.1241592308e+00,0.0000000000e+00,1.2710656767e-01,3.0156879125e+17,2.0156879125e+17,4.0727403846e+00,4.3389704319e-01,0.0000000000e+00,1.0750038489e+10,3.0000000000e+02,0.0000000000e+00,2.9761806592e+16,3.5258835445e+21,-9.9705266310e-01,0.0000000000e+00,1.8496571860e+17,0.0000000000e+00,0.0000000000e+00,1.4170000000e+03,3.3025229875e-03,1.1245947066e+06,0.0000000000e+00,1.3158733946e+16,0.0000000000e+00,0.0000000000e+00,4.7050000000e+02,7.9616015622e-01,4.9041922210e+05,3.5258835445e+21,-1.0220779154e+00,-1.2722244773e-01,-3.3648139828e+04,-1.0387671822e+00,-1.0828183759e-01,-3.2620800822e+04,4.5393818415e+00,2.0738739633e+00,-8.1073748000e+02,1.6689266798e-02,-1.8940610143e-02,-1.0273390065e+03,-3.6294645965e+00,-1.6092117282e+00,-1.0229078418e+03,1,9.7999997437e-02,5.0000000745e-02,5.0000000745e-02,9.7999997437e-02
1.0000000000e+17,-9.5689799586e+01,-3.1643610627e+01,7.9400062383e+03,0.0000000000e+00,1.1241592308e+00,0.0000000000e+00,1.2864027326e-01,2.8779157638e+17,1.8779157638e+17,4.0727403846e+00,4.3236333760e-01,0.0000000000e+00,1.0750038489e+10,3.0000000000e+02,0.0000000000e+00,2.9321879582e+16,3.6754256027e+21,-9.9551895751e-01,0.0000000000e+00,1.7248183068e+17,0.0000000000e+00,0.0000000000e+00,1.4170000000e+03,3.4556472380e-03,1.1923871933e+06,0.0000000000e+00,1.4012133882e+16,0.0000000000e+00,0.0000000000e+00,4.7050000000e+02,7.9637300005e-01,4.5672219717e+05,3.6754256027e+21,-1.2310803370e+01,-3.2883129090e+00,-3.3681501220e+04,-1.2656437832e+01,-3.3735157592e+00,-3.2656535368e+04,1.0583634130e+01,5.0402121526e+00,-8.5791965119e+02,3.4563446153e-01,8.5202850248e-02,-1.0249658519e+03,-1.2229340672e+01,-5.8944963820e+00,-9.5546816870e+02,1,1.0000000149e-01,5.0000000745e-02,5.0000000745e-02,1.0000000149e-01
1.0000000000e+17,-6.1504414805e+01,-2.0083150337e+01,7.9581873073e+03,0.0000000000e+00,1.1241592308e+00,0.0000000000e+00,1.3022256165e-01,2.7508996149e+17,1.7508996149e+17,4.0727403846e+00,4.3078104922e-01,0.0000000000e+00,1.0750038489e+10,3.0000000000e+02,0.0000000000e+00,2.8294584494e+16,3.8060410632e+21,-9.9393666912e-01,0.0000000000e+00,1.6186943424e+17,0.0000000000e+00,0.0000000000e+00,1.4170000000e+03,3.6398333572e-03,1.2739002237e+06,0.0000000000e+00,1.5074057248e+16,0.0000000000e+00,0.0000000000e+00,4.7050000000e+02,7.9654908255e-01,4.3112037844e+05,3.8060410632e+21,-9.6130019546e+00,-3.3092423365e+00,-3.3446073556e+04,-9.8674653767e+00,-3.3905401886e+00,-3.2413798500e+04,7.2270733082e+00,3.4186394083e+00,-9.1090480956e+02,2.5446342207e-01,8.1297852088e-02,-1.0322750556e+03,-8.2397507449e+00,-3.9794046090e+00,-9.0644406288e+02,1,1.0199999809e-01,5.0000000745e-02,5.0000000745e-02,1.0199999809e-01
1.0000000000e+17,-2.7318924921e+01,-8.5227260251e+00,7.9763687174e+03,0.0000000000e+00,1.1241592308e+00,0.0000000000e+00,1.3180485586e-01,2.6238830204e+17,1.6238830204e+17,4.0727403846e+00,4.2919875500e-01,0.0000000000e+00,1.0750038489e+10,3.0000000000e+02,0.0000000000e+00,2.7267287592e+16,3.9366570009e+21,-9.9235437490e-01,0.0000000000e+00,1.5125699902e+17,0.0000000000e+00,0.0000000000e+00,1.4170000000e+03,3.8240201621e-03,1.3554135717e+06,0.0000000000e+00,1.6135984575e+16,0.0000000000e+00,0.0000000000e+00,4.7050000000e+02,7.9672516570e-01,4.0551845842e+05,3.9366570009e+21,-6.9151863664e+00,-3.3300965707e+00,-3.3210645200e+04,-7.0784779890e+00,-3.4074870510e+00,-3.2171060920e+04,3.8705063402e+00,1.7970609747e+00,-9.6389017283e+02,1.6329162266e-01,7.7390480240e-02,-1.0395842803e+03,-4.2501500516e+00,-2.0643075627e+00,-8.5741976452e+02,1,1.0400000215e-01,5.0000000745e-02,5.0000000745e-02,1.0400000215e-01
1.0000000000e+17,6.8664571722e+00,3.0377272087e+00,7.9945499836e+03,0.0000000000e+00,1.1241592308e+00,0.0000000000e+00,1.3338714423e-01,2.4968668761e+17,1.4968668761e+17,4.0727403846e+00,4.2761646664e-01,0.0000000000e+00,1.0750038489e+10,3.0000000000e+02,0.0000000000e+00,2.6239992577e+16,4.0672724561e+21,-9.9077208654e-01,0.0000000000e+00,1.4064460299e+17,0.0000000000e+00,0.0000000000e+00,1.4170000000e+03,4.0082062810e-03,1.4369266123e+06,0.0000000000e+00,1.7197907958e+16,0.0000000000e+00,0.0000000000e+00,4.7050000000e+02,7.9690124821e-01,3.7991663544e+05,4.0672724561e+21,-4.2173997486e+00,-3.3509955795e+00,-3.2975217669e+04,-4.2895206214e+00,-3.4244801568e+00,-3.1928324190e+04,5.1394952704e-01,1.7548791270e-01,-1.0168753373e+03,7.2120872861e-02,7.3484577297e-02,-1.0468934795e+03,-2.6056238064e-01,-1.4921631820e-01,-8.0839565096e+02,1,1.0599999875e-01,5.0000000745e-02,5.0000000745e-02,1.0599999875e-01
1.0000000000e+17,1.0658518333e+01,4.1933596602e+00,8.0247951751e+03,0.0000000000e+00,1.1241592308e+00,0.0000000000e+00,1.3500586202e-01,2.3798164259e+17,1.3798164259e+17,4.0727403846e+00,4.2599774884e-01,0.0000000000e+00,1.0750038489e+10,3.0000000000e+02,0.0000000000e+00,2.4964309714e+16,4.1600182340e+21,-9.8915336875e-01,0.0000000000e+00,1.3150464266e+17,0.0000000000e+00,0.0000000000e+00,1.4170000000e+03,4.2282257990e-03,1.5390658756e+06,0.0000000000e+00,1.8487309784e+16,0.0000000000e+00,0.0000000000e+00,4.7050000000e+02,7.9704984386e-01,3.5799602415e+05,4.1600182340e+21,-2.6503802058e+00,-2.5585638157e+00,-3.2794763292e+04,-2.6661194395e+00,-2.6043315496e+00,-3.1741957071e+04,1.6473644624e-01,-1.2216142167e-02,-1.0885902827e+03,1.5739233745e-02,4.5767733874e-02,-1.0528062211e+03,1.8327706790e-01,7.5499987240e-02,-7.6240138972e+02,1,1.0800000280e-01,5.0000000745e-02,5.0000000745e-02,1.0800000280e-01
1.0000000000e+17,1.0108599532e+01,3.8626299029e+00,8.0567636508e+03,0.0000000000e+00,1.1241592308e+00,0.0000000000e+00,1.3662977717e-01,2.2641901313e+17,1.2641901313e+17,4.0727403846e+00,4.2437383369e-01,0.0000000000e+00,1.0750038489e+10,3.0000000000e+02,0.0000000000e+00,2.3653146567e+16,4.2473536476e+21,-9.8752945359e-01,0.0000000000e+00,1.2257506972e+17,0.0000000000e+00,0.0000000000e+00,1.4170000000e+03,4.4533634545e-03,1.6441513162e+06,0.0000000000e+00,1.9809203161e+16,0.0000000000e+00,0.0000000000e+00,4.7050000000e+02,7.9719451217e-01,3.3660139564e+05,4.2473536476e+21,-1.2448894675e+00,-1.6499407094e+00,-3.2622162984e+04,-1.2092164611e+00,-1.6645896758e+00,-3.1563643540e+04,2.4514869308e-01,4.9212208196e-03,-1.1629806141e+03,-3.5673006409e-02,1.4648966394e-02,-1.0585194441e+03,1.2057642137e-01,5.8732054569e-02,-7.1684016256e+02,1,1.0999999940e-01,5.0000000745e-02,5.0000000745e-02,1.0999999940e-01
1.0000000000e+17,9.5587046768e+00,3.5318585384e+00,8.0887322524e+03,0.0000000000e+00,1.1241592308e+00,0.0000000000e+00,1.3825369835e-01,2.1485634257e+17,1.1485634257e+17,4.0727403846e+00,4.2274991252e-01,0.0000000000e+00,1.0750038489e+10,3.0000000000e+02,0.0000000000e+00,2.2341980281e+16,4.3346893830e+21,-9.8590553242e-01,0.0000000000e+00,1.1364546374e+17,0.0000000000e+00,0.0000000000e+00,1.4170000000e+03,4.6785019489e-03,1.7492371485e+06,0.0000000000e+00,2.1131101453e+16,0.0000000000e+00,0.0000000000e+00,4.7050000000e+02,7.9733918102e-01,3.1520668735e+05,4.3346893830e+21,1.6060521617e-01,-7.4131639593e-01,-3.2449562064e+04,2.4769062342e-01,-7.2484677287e-01,-3.1385329376e+04,3.2556119600e-01,2.2058058905e-02,-1.2373712227e+03,-8.7085407248e-02,-1.6469623060e-02,-1.0642326874e+03,5.7875591738e-02,4.1963980522e-02,-6.7127876549e+02,1,1.1200000346e-01,5.0000000745e-02,5.0000000745e-02,1.1200000346e-01
1.0000000000e+17,9.7528718527e+00,3.3615913850e+00,8.0630399385e+03,0.0000000000e+00,1.1241592308e+00,0.0000000000e+00,1.3987548066e-01,2.0416753610e+17,1.0416753610e+17,4.0727403846e+00,4.2112813020e-01,0.0000000000e+00,1.0750038489e+10,3.0000000000e+02,0.0000000000e+00,2.0904112593e+16,4.3721118086e+21,-9.8428375011e-01,0.0000000000e+00,1.0593099110e+17,0.0000000000e+00,0.0000000000e+00,1.4170000000e+03,4.9425351748e-03,1.8742717447e+06,0.0000000000e+00,2.2667567601e+16,0.0000000000e+00,0.0000000000e+00,4.7050000000e+02,7.9746479728e-01,2.9705436866e+05,4.3721118086e+21,3.5210957113e-01,-4.3042554137e-01,-3.2267573055e+04,4.4993657751e-01,-4.0138488260e-01,-3.1196755438e+04,3.5839847770e-01,3.4747489167e-02,-1.3258840508e+03,-9.7827006374e-02,-2.9040658775e-02,-1.0708176169e+03,4.5762142830e-02,3.3488374455e-02,-6.3260348613e+02,1,1.1400000006e-01,5.0000000745e-02,5.0000000745e-02,1.1400000006e-01
1.0000000000e+17,1.0195074684e+01,3.2448101298e+00,8.0181274975e+03,0.0000000000e+00,1.1241592308e+00,0.0000000000e+00,1.4149655203e-01,1.9377000261e+17,9.3770002609e+16,4.0727403846e+00,4.1950705884e-01,0.0000000000e+00,1.0750038489e+10,3.0000000000e+02,0.0000000000e+00,1.9424011065e+16,4.3928966881e+21,-9.8266267874e-01,0.0000000000e+00,9.8621549036e+16,0.0000000000e+00,0.0000000000e+00,1.4170000000e+03,5.2195335008e-03,2.0059560128e+06,0.0000000000e+00,2.4275557492e+16,0.0000000000e+00,0.0000000000e+00,4.7050000000e+02,7.9758406290e-01,2.7998281252e+05,4.3928966881e+21,1.3895461944e-01,-3.1877538538e-01,-3.2082454507e+04,2.3396675771e-01,-2.8334641078e-01,-3.1004761394e+04,3.7537970158e-01,4.5953610584e-02,-1.4191043463e+03,-9.5012138266e-02,-3.5428974608e-02,-1.0776931131e+03,5.0510440166e-02,2.7776764160e-02,-5.9622350626e+02,1,1.1599999666e-01,5.0000000745e-02,5.0000000745e-02,1.1599999666e-01
1.0000000000e+17,1.0637273792e+01,3.1280544230e+00,7.9732148804e+03,0.0000000000e+00,1.1241592308e+00,0.0000000000e+00,1.4311762945e-01,1.8337242883e+17,8.3372428831e+16,4.0727403846e+00,4.1788598141e-01,0.0000000000e+00,1.0750038489e+10,3.0000000000e+02,0.0000000000e+00,1.7943902566e+16,4.4136816456e+21,-9.8104160132e-01,0.0000000000e+00,9.1312079657e+16,0.0000000000e+00,0.0000000000e+00,1.4170000000e+03,5.4965328587e-03,2.1376407714e+06,0.0000000000e+00,2.5883553391e+16,0.0000000000e+00,0.0000000000e+00,4.7050000000e+02,7.9770332897e-01,2.6291119279e+05,4.4136816456e+21,-7.4200198825e-02,-2.0712098964e-01,-3.1897335245e+04,1.7996961951e-02,-1.6530310676e-01,-3.0812766609e+04,3.9235937651e-01,5.7161026391e-02,-1.5123249877e+03,-9.2197160776e-02,-4.1817882883e-02,-1.0845686357e+03,5.5259323930e-02,2.2065230191e-02,-5.5984339161e+02,1,1.1800000072e-01,5.0000000745e-02,5.0000000745e-02,1.1800000072e-01
1.0000000000e+17,1.0918215937e+01,3.0887025812e+00,7.8802814472e+03,0.0000000000e+00,1.1241592308e+00,0.0000000000e+00,1.4470603871e-01,1.7369890914e+17,7.3698909139e+16,4.0727403846e+00,4.1629757215e-01,0.0000000000e+00,1.0750038489e+10,3.0000000000e+02,0.0000000000e+00,1.6450609554e+16,4.3889111109e+21,-9.7945319206e-01,0.0000000000e+00,8.4918231990e+16,0.0000000000e+00,0.0000000000e+00,1.4170000000e+03,5.8139182082e-03,2.2886265237e+06,0.0000000000e+00,2.7669932405e+16,0.0000000000e+00,0.0000000000e+00,4.7050000000e+02,7.9781004463e-01,2.4814733328e+05,4.3889111109e+21,-2.7631534034e-01,-2.3112622749e-01,-3.1709515569e+04,-1.8974281799e-01,-1.8927918470e-01,-3.0617437071e+04,4.0745748736e-01,6.3071961384e-02,-1.6191944162e+03,-8.6572522351e-02,-4.1847042790e-02,-1.0920784983e+03,5.8856726316e-02,1.9950593019e-02,-5.2837520965e+02,1,1.1999999732e-01,5.0000000745e-02,5.0000000745e-02,1.1999999732e-01
1.0000000000e+17,1.1102414313e+01,3.0958150392e+00,7.7585349465e+03,0.0000000000e+00,1.1241592308e+00,0.0000000000e+00,1.4627485652e-01,1.6445976492e+17,6.4459764918e+16,4.0727403846e+00,4.1472875435e-01,0.0000000000e+00,1.0750038489e+10,3.0000000000e+02,0.0000000000e+00,1.4949397094e+16,4.3368071012e+21,-9.7788437425e-01,0.0000000000e+00,7.9073719885e+16,0.0000000000e+00,0.0000000000e+00,1.4170000000e+03,6.1555370735e-03,2.4511937857e+06,0.0000000000e+00,2.9563352061e+16,0.0000000000e+00,0.0000000000e+00,4.7050000000e+02,7.9790923069e-01,2.3476804353e+05,4.3368071012e+21,-4.7180855614e-01,-3.3652516012e-01,-3.1520074541e+04,-3.9254631067e-01,-2.9846441929e-01,-3.0420105532e+04,4.2142938102e-01,6.5806109971e-02,-1.7342537662e+03,-7.9262245472e-02,-3.8060740823e-02,-1.0999690093e+03,6.1762334696e-02,1.9994123181e-02,-4.9985400204e+02,1,1.2200000137e-01,5.0000000745e-02,5.0000000745e-02,1.2200000137e-01
1.0000000000e+17,1.1286612004e+01,3.1029274706e+00,7.6367888993e+03,0.0000000000e+00,1.1241592308e+00,0.0000000000e+00,1.4784366848e-01,1.5522065511e+17,5.5220655115e+16,4.0727403846e+00,4.1315994239e-01,0.0000000000e+00,1.0750038489e+10,3.0000000000e+02,0.0000000000e+00,1.3448190227e+16,4.2847032855e+21,-9.7631556229e-01,0.0000000000e+00,7.3229229552e+16,0.0000000000e+00,0.0000000000e+00,1.4170000000e+03,6.4971546661e-03,2.6137604422e+06,0.0000000000e+00,3.1456764664e+16,0.0000000000e+00,0.0000000000e+00,4.7050000000e+02,7.9800841637e-01,2.2138880363e+05,4.2847032855e+21,-6.6730104367e-01,-4.4192370011e-01,-3.1330634218e+04,-5.9534904784e-01,-4.0764924715e-01,-3.0222774727e+04,4.3540122263e-01,6.8540248373e-02,-1.8493126875e+03,-7.1951995826e-02,-3.4274452961e-02,-1.1078594909e+03,6.4667932251e-02,2.0037653180e-02,-4.7133290068e+02,1,1.2399999797e-01,5.0000000745e-02,5.0000000745e-02,1.2399999797e-01
1.0000000000e+17,1.1379720544e+01,3.0849769908e+00,7.4810577521e+03,0.0000000000e+00,1.1241592308e+00,0.0000000000e+00,1.4936277382e-01,1.4654362031e+17,4.6543620305e+16,4.0727403846e+00,4.1164083704e-01,0.0000000000e+00,1.0750038489e+10,3.0000000000e+02,0.0000000000e+00,1.2008530398e+16,4.2035378938e+21,-9.7479645694e-01,0.0000000000e+00,6.8009197412e+16,0.0000000000e+00,0.0000000000e+00,1.4170000000e+03,6.8783597881e-03,2.7938070155e+06,0.0000000000e+00,3.3474107505e+16,0.0000000000e+00,0.0000000000e+00,4.7050000000e+02,7.9809981254e-01,2.0954426280e+05,4.2035378938e+21,-8.5260969053e-01,-5.4599406544e-01,-3.1141966884e+04,-7.8975130086e-01,-5.1682402382e-01,-3.0025805254e+04,4.4493812058e-01,7.0451196014e-02,-1.9767306994e+03,-6.2858389664e-02,-2.9170041619e-02,-1.1161616305e+03,6.6895896246e-02,2.0046429723e-02,-4.4608101971e+02,1,1.2600000203e-01,5.0000000745e-02,5.0000000745e-02,1.2600000203e-01
1.0000000000e+17,1.1381759814e+01,3.0419921440e+00,7.2913419593e+03,0.0000000000e+00,1.1241592308e+00,0.0000000000e+00,1.5083216671e-01,1.3842869508e+17,3.8428695082e+16,4.0727403846e+00,4.1017144415e-01,0.0000000000e+00,1.0750038489e+10,3.0000000000e+02,0.0000000000e+00,1.0630423386e+16,4.0933111219e+21,-9.7332706406e-01,0.0000000000e+00,6.3413645223e+16,0.0000000000e+00,0.0000000000e+00,1.4170000000e+03,7.2991511669e-03,2.9913328998e+06,0.0000000000e+00,3.5615373527e+16,0.0000000000e+00,0.0000000000e+00,4.7050000000e+02,7.9818341884e-01,1.9923447090e+05,4.0933111219e+21,-1.0277343538e+00,-6.4874024461e-01,-3.0954073246e+04,-9.7575260352e-01,-6.2599258715e-01,-2.9829197847e+04,4.5004094484e-01,7.1540086889e-02,-2.1165073731e+03,-5.1981750320e-02,-2.2747657464e-02,-1.1248753986e+03,6.8446337922e-02,2.0020622598e-02,-4.2409846537e+02,1,1.2800000608e-01,5.0000000745e-02,5.0000000745e-02,1.2800000608e-01
1.0000000000e+17,1.1383797736e+01,2.9990092589e+00,7.1016275908e+03,0.0000000000e+00,1.1241592308e+00,0.0000000000e+00,1.5230154860e-01,1.3031383092e+17,3.0313830918e+16,4.0727403846e+00,4.0870206227e-01,0.0000000000e+00,1.0750038489e+10,3.0000000000e+02,0.0000000000e+00,9.2523270148e+15,3.9830851733e+21,-9.7185768217e-01,0.0000000000e+00,5.8818127429e+16,0.0000000000e+00,0.0000000000e+00,1.4170000000e+03,7.7199394091e-03,3.1888573118e+06,0.0000000000e+00,3.7756623525e+16,0.0000000000e+00,0.0000000000e+00,4.7050000000e+02,7.9826702451e-01,1.8892475578e+05,3.9830851733e+21,-1.2028580554e+00,-7.5148507106e-01,-3.0766181060e+04,-1.1617530280e+00,-7.3515957170e-01,-2.9632591960e+04,4.5514315126e-01,7.2629572853e-02,-2.2562830049e+03,-4.1105027330e-02,-1.6325499352e-02,-1.1335890994e+03,6.9996727154e-02,1.9994850103e-02,-4.0211607475e+02,1,1.2999999523e-01,5.0000000745e-02,5.0000000745e-02,1.2999999523e-01
1.0000000000e+17,1.1304670664e+01,2.9309484367e+00,6.8930662420e+03,0.0000000000e+00,1.1241592308e+00,0.0000000000e+00,1.5371933698e-01,1.2259940641e+17,2.2599406412e+16,4.0727403846e+00,4.0728427388e-01,0.0000000000e+00,1.0750038489e+10,3.0000000000e+02,0.0000000000e+00,7.9599070057e+15,3.8607959413e+21,-9.7043989379e-01,0.0000000000e+00,5.4601825054e+16,0.0000000000e+00,0.0000000000e+00,1.4170000000e+03,8.1765576812e-03,3.4012172737e+06,0.0000000000e+00,3.9962325648e+16,0.0000000000e+00,0.0000000000e+00,4.7050000000e+02,7.9834616675e-01,1.7954186764e+05,3.8607959413e+21,-1.3551423318e+00,-8.3159211722e-01,-3.0581086409e+04,-1.3252832649e+00,-8.2148856548e-01,-2.9438594906e+04,4.5741647637e-01,7.4622774835e-02,-2.4065534123e+03,-2.9859066902e-02,-1.0103551738e-02,-1.1424915033e+03,7.0907495670e-02,1.9672149243e-02,-3.8210939525e+02,1,1.3199999928e-01,5.0000000745e-02,5.0000000745e-02,1.3199999928e-01
1.0000000000e+17,1.1090297681e+01,2.8211261491e+00,6.6530954849e+03,0.0000000000e+00,1.1241592308e+00,0.0000000000e+00,1.5505111743e-01,1.1555248675e+17,1.5552486752e+16,4.0727403846e+00,4.0595249343e-01,0.0000000000e+00,1.0750038489e+10,3.0000000000e+02,0.0000000000e+00,6.8102997157e+15,3.7184025128e+21,-9.6910811334e-01,0.0000000000e+00,5.1017608821e+16,0.0000000000e+00,0.0000000000e+00,1.4170000000e+03,8.6928877278e-03,3.6383008161e+06,0.0000000000e+00,4.2275421785e+16,0.0000000000e+00,0.0000000000e+00,4.7050000000e+02,7.9841786885e-01,1.7170382648e+05,3.7184025128e+21,-1.4693642301e+00,-8.7397193103e-01,-3.0400656781e+04,-1.4513665212e+00,-8.6975611035e-01,-2.9248948480e+04,4.5497533659e-01,7.8124578111e-02,-2.5743134589e+03,-1.7997708877e-02,-4.2158206738e-03,-1.1517083010e+03,7.0752328153e-02,1.8854808411e-02,-3.6539585620e+02,1,1.3400000334e-01,5.0000000745e-02,5.0000000745e-02,1.3400000334e-01
1.0000000000e+17,1.0875931267e+01,2.7112971351e+00,6.4131247176e+03,0.0000000000e+00,1.1241592308e+00,0.0000000000e+00,1.5638289793e-01,1.0850556668e+17,8.5055666811e+15,4.0727403846e+00,4.0462071294e-01,0.0000000000e+00,1.0750038489e+10,3.0000000000e+02,0.0000000000e+00,5.6606921654e+15,3.5760090810e+21,-9.6777633284e-01,0.0000000000e+00,4.7433392513e+16,0.0000000000e+00,0.0000000000e+00,1.4170000000e+03,9.2092177765e-03,3.8753843593e+06,0.0000000000e+00,4.4588517997e+16,0.0000000000e+00,0.0000000000e+00,4.7050000000e+02,7.9848957096e-01,1.6386578535e+05,3.5760090810e+21,-1.5835872253e+00,-9.1635073076e-01,-3.0220227114e+04,-1.5774509230e+00,-9.1802259795e-01,-2.9059302013e+04,4.5253409688e-01,8.1626473705e-02,-2.7420735061e+03,-6.1363022541e-03,1.6718671834e-03,-1.1609251007e+03,7.0597175483e-02,1.8037452350e-02,-3.4868231722e+02,1,1.3600000739e-01,5.0000000745e-02,5.0000000745e-02,1.3600000739e-01
1.0000000000e+17,1.0586458181e+01,2.5782681868e+00,6.1659719133e+03,0.0000000000e+00,1.1241592308e+00,0.0000000000e+00,1.5767399996e-01,1.0170752702e+17,1.7075270150e+15,4.0727403846e+00,4.0332961090e-01,0.0000000000e+00,1.0750038489e+10,3.0000000000e+02,0.0000000000e+00,4.5804337941e+15,3.4314858864e+21,-9.6648523081e-01,0.0000000000e+00,4.4045429342e+16,0.0000000000e+00,0.0000000000e+00,1.4170000000e+03,9.7540878886e-03,4.1239975679e+06,0.0000000000e+00,4.6918336121e+16,0.0000000000e+00,0.0000000000e+00,4.7050000000e+02,7.9855902502e-01,1.5651262531e+05,3.4314858864e+21,-1.6599889552e+00,-9.2449441982e-01,-3.0042921513e+04,-1.6642665945e+00,-9.3052678622e-01,-2.8872751993e+04,4.5222689484e-01,8.8660827714e-02,-2.9179999378e+03,4.2776393781e-03,6.0323663994e-03,-1.1701695195e+03,6.9779676596e-02,1.6861680044e-02,-3.3300296849e+02,1,1.3799999654e-01,5.0000000745e-02,5.0000000745e-02,1.3799999654e-01
1.0000000000e+17,1.0071726570e+01,2.3756571775e+00,5.8972655599e+03,0.0000000000e+00,1.1241592308e+00,0.0000000000e+00,1.5884310498e-01,9.5655926517e+16,-4.3440734835e+15,4.0727403846e+00,4.0216050588e-01,0.0000000000e+00,1.0750038489e+10,3.0000000000e+02,0.0000000000e+00,3.7081906838e+15,3.2805690738e+21,-9.6531612579e-01,0.0000000000e+00,4.1246125570e+16,0.0000000000e+00,0.0000000000e+00,1.4170000000e+03,1.0384594606e-02,4.4072072528e+06,0.0000000000e+00,4.9298389737e+16,0.0000000000e+00,0.0000000000e+00,4.7050000000e+02,7.9862173702e-01,1.5061389240e+05,3.2805690738e+21,-1.6229438553e+00,-8.2994014547e-01,-2.9874982731e+04,-1.6332936114e+00,-8.3575152078e-01,-2.8695485654e+04,4.5832342519e-01,1.0629490500e-01,-3.1184308161e+03,1.0349756051e-02,5.8113753097e-03,-1.1794970773e+03,6.6975460125e-02,1.4610853637e-02,-3.2042572956e+02,1,1.4000000060e-01,5.0000000745e-02,5.0000000745e-02,1.4000000060e-01
1.0000000000e+17,9.5569840290e+00,2.1730792838e+00,5.6285592022e+03,0.0000000000e+00,1.1241592308e+00,0.0000000000e+00,1.6001221002e-01,8.9604325197e+16,-1.0395674803e+16,4.0727403846e+00,4.0099140084e-01,0.0000000000e+00,1.0750038489e+10,3.0000000000e+02,0.0000000000e+00,2.8359468150e+15,3.1296522600e+21,-9.6414702075e-01,0.0000000000e+00,3.8446821757e+16,0.0000000000e+00,0.0000000000e+00,1.4170000000e+03,1.1015101323e-02,4.6904169377e+06,0.0000000000e+00,5.1678443375e+16,0.0000000000e+00,0.0000000000e+00,4.7050000000e+02,7.9868444903e-01,1.4471515949e+05,3.1296522600e+21,-1.5858969818e+00,-7.3539297238e-01,-2.9707043936e+04,-1.6023187752e+00,-7.4098348440e-01,-2.8518219300e+04,4.6442015539e-01,1.2392970894e-01,-3.3188616945e+03,1.6421793363e-02,5.5905120207e-03,-1.1888246357e+03,6.4171221761e-02,1.2360194301e-02,-3.0784849064e+02,1,1.4200000465e-01,5.0000000745e-02,5.0000000745e-02,1.4200000465e-01
1.0000000000e+17,8.9419397044e+00,1.9278820307e+00,5.3586452427e+03,0.0000000000e+00,1.1241592308e+00,0.0000000000e+00,1.6115953861e-01,8.3666693181e+16,-1.6333306819e+16,4.0727403846e+00,3.9984407225e-01,0.0000000000e+00,1.0750038489e+10,3.0000000000e+02,0.0000000000e+00,1.9977201528e+15,2.9795097208e+21,-9.6299969216e-01,0.0000000000e+00,3.5721244976e+16,0.0000000000e+00,0.0000000000e+00,1.4170000000e+03,1.1662651419e-02,4.9807502922e+06,0.0000000000e+00,5.4052271948e+16,0.0000000000e+00,0.0000000000e+00,4.7050000000e+02,7.9874631936e-01,1.3900373022e+05,2.9795097208e+21,-1.4932849710e+00,-5.8813306693e-01,-2.9541084813e+04,-1.5124388285e+00,-5.9028469432e-01,-2.8342965579e+04,4.8232699939e-01,1.4992039711e-01,-3.5243460400e+03,1.9153857475e-02,2.1516273936e-03,-1.1981192338e+03,6.0547297747e-02,9.6191651795e-03,-2.9567096387e+02,1,1.4399999380e-01,5.0000000745e-02,5.0000000745e-02,1.4399999380e-01
1.0000000000e+17,7.6246978802e+00,1.3846600563e+00,5.0802618030e+03,0.0000000000e+00,1.1241592308e+00,0.0000000000e+00,1.6215449722e-01,7.8526503593e+16,-2.1473496407e+16,4.0727403846e+00,3.9884911364e-01,0.0000000000e+00,1.0750038489e+10,3.0000000000e+02,0.0000000000e+00,1.3975633317e+15,2.8347782661e+21,-9.6200473355e-01,0.0000000000e+00,3.3511606001e+16,0.0000000000e+00,0.0000000000e+00,1.4170000000e+03,1.2429546401e-02,5.3209677440e+06,0.0000000000e+00,5.6382665740e+16,0.0000000000e+00,0.0000000000e+00,4.7050000000e+02,7.9880230160e-01,1.3460311500e+05,2.8347782661e+21,-1.0117066979e+00,-7.1923264851e-02,-2.9388973728e+04,-1.0102121184e+00,-4.8109009168e-02,-2.8181790067e+04,5.8287888796e-01,2.3441202218e-01,-3.7652176501e+03,-1.4945794638e-03,-2.3814255682e-02,-1.2071836615e+03,5.1186607540e-02,3.4471456049e-03,-2.8629075931e+02,1,1.4599999785e-01,5.0000000745e-02,5.0000000745e-02,1.4599999785e-01
1.0000000000e+17,6.3074665285e+00,8.4142271810e-01,4.8018783602e+03,0.0000000000e+00,1.1241592308e+00,0.0000000000e+00,1.6314945586e-01,7.3386313734e+16,-2.6613686266e+16,4.0727403846e+00,3.9785415500e-01,0.0000000000e+00,1.0750038489e+10,3.0000000000e+02,0.0000000000e+00,7.9740634582e+14,2.6900468090e+21,-9.6100977491e-01,0.0000000000e+00,3.1301966990e+16,0.0000000000e+00,0.0000000000e+00,1.4170000000e+03,1.3196441386e-02,5.6611851964e+06,0.0000000000e+00,5.8713059602e+16,0.0000000000e+00,0.0000000000e+00,4.7050000000e+02,7.9885828383e-01,1.3020249980e+05,2.6900468090e+21,-5.3013134457e-01,4.4429191779e-01,-2.9236862618e+04,-5.0798839973e-01,4.9407226977e-01,-2.8020614527e+04,6.8342690386e-01,3.1890303402e-01,-4.0060892559e+03,-2.2142944849e-02,-4.9780351974e-02,-1.2162480906e+03,4.1826118982e-02,-2.7249449953e-03,-2.7691055495e+02,1,1.4800000191e-01,5.0000000745e-02,5.0000000745e-02,1.4800000191e-01
1.0000000000e+17,4.9902247043e+00,2.9820074374e-01,4.5234949205e+03,0.0000000000e+00,1.1241592308e+00,0.0000000000e+00,1.6414441447e-01,6.8246124146e+16,-3.1753875854e+16,4.0727403846e+00,3.9685919639e-01,0.0000000000e+00,1.0750038489e+10,3.0000000000e+02,0.0000000000e+00,1.9724952464e+14,2.5453153543e+21,-9.6001481630e-01,0.0000000000e+00,2.9092328015e+16,0.0000000000e+00,0.0000000000e+00,1.4170000000e+03,1.3963336369e-02,6.0014026481e+06,0.0000000000e+00,6.1043453394e+16,0.0000000000e+00,0.0000000000e+00,4.7050000000e+02,7.9891426606e-01,1.2580188457e+05,2.5453153543e+21,-4.8553071451e-02,9.6050171987e-01,-2.9084751533e+04,-5.7616896636e-03,1.0362479549e+00,-2.7859439015e+04,7.8397879243e-01,4.0339465909e-01,-4.2469608659e+03,-4.2791381788e-02,-7.5746235050e-02,-1.2253125182e+03,3.2465428775e-02,-8.8969645699e-03,-2.6753035038e+02,1,1.5000000596e-01,5.0000000745e-02,5.0000000745e-02,1.5000000596e-01
1.0000000000e+17,-6.1081220560e+00,-6.7618521765e+00,4.2422943302e+03,0.0000000000e+00,1.1241592308e+00,0.0000000000e+00,1.6496270345e-01,6.3927015986e+16,-3.6072984014e+16,4.0727403846e+00,3.9604090741e-01,0.0000000000e+00,1.0750038489e+10,3.0000000000e+02,0.0000000000e+00,-1.8273482764e+14,2.4132027257e+21,-9.5919652732e-01,0.0000000000e+00,2.7317550864e+16,0.0000000000e+00,0.0000000000e+00,1.4170000000e+03,1.4894813360e-02,6.4126264909e+06,0.0000000000e+00,6.3207800050e+16,0.0000000000e+00,0.0000000000e+00,4.7050000000e+02,7.9896526555e-01,1.2262316783e+05,2.4132027257e+21,2.2142522254e+00,1.6140280760e+00,-2.8950284583e+04,2.3865505158e+00,1.7216165004e+00,-2.7716398248e+04,-2.0669816648e+01,-9.8076754569e+00,-4.5087287385e+03,-1.7229829043e-01,-1.0758842437e-01,-1.2338863351e+03,4.4046625308e-01,1.7520217457e-01,-2.6134752332e+02,1,1.5199999511e-01,5.0000000745e-02,5.0000000745e-02,1.5199999511e-01
1.0000000000e+17,-1.7206513254e+01,-1.3821928082e+01,3.9610916497e+03,0.0000000000e+00,1.1241592308e+00,0.0000000000e+00,1.6578099907e-01,5.9607873072e+16,-4.0392126928e+16,4.0727403846e+00,3.9522261180e-01,0.0000000000e+00,1.0750038489e+10,3.0000000000e+02,0.0000000000e+00,-5.6272277321e+14,2.2810890745e+21,-9.5837823170e-01,0.0000000000e+00,2.5542759176e+16,0.0000000000e+00,0.0000000000e+00,1.4170000000e+03,1.5826296800e-02,6.8238531860e+06,0.0000000000e+00,6.5372163331e+16,0.0000000000e+00,0.0000000000e+00,4.7050000000e+02,7.9901626543e-01,1.1944442376e+05,2.2810890745e+21,4.4770662249e+00,2.2675556445e+00,-2.8815816573e+04,4.7788719962e+00,2.4069863852e+00,-2.7573356356e+04,-4.2123707204e+01,-2.0018790575e+01,-4.7704984991e+03,-3.0180577133e-01,-1.3943074069e-01,-1.2424602175e+03,8.4846893649e-01,3.5930218807e-01,-2.5516464068e+02,1,1.5399999917e-01,5.0000000745e-02,5.0000000745e-02,1.5399999917e-01
1.0000000000e+17,-2.8304904452e+01,-2.0882003988e+01,3.6798889693e+03,0.0000000000e+00,1.1241592308e+00,0.0000000000e+00,1.6659929468e-01,5.5288730158e+16,-4.4711269842e+16,4.0727403846e+00,3.9440431619e-01,0.0000000000e+00,1.0750038489e+10,3.0000000000e+02,0.0000000000e+00,-9.4271071877e+14,2.1489754233e+21,-9.5755993609e-01,0.0000000000e+00,2.3767967488e+16,0.0000000000e+00,0.0000000000e+00,1.4170000000e+03,1.6757780240e-02,7.2350798810e+06,0.0000000000e+00,6.7536526611e+16,0.0000000000e+00,0.0000000000e+00,4.7050000000e+02,7.9906726531e-01,1.1626567970e+05,2.1489754233e+21,6.7398802243e+00,2.9210832130e+00,-2.8681348563e+04,7.1711934766e+00,3.0923562700e+00,-2.7430314463e+04,-6.3577597760e+01,-3.0229905694e+01,-5.0322682596e+03,-4.3131325223e-01,-1.7127305702e-01,-1.2510341000e+03,1.2564716199e+00,5.4340220157e-01,-2.4898175804e+02,1,1.5600000322e-01,5.0000000745e-02,5.0000000745e-02,1.5600000322e-01
1.0000000000e+17,-2.4524052380e+01,-2.6699744785e+01,3.4077822784e+03,0.0000000000e+00,1.1241592308e+00,0.0000000000e+00,1.6724953712e-01,5.1606908005e+16,-4.8393091995e+16,4.0727403846e+00,3.9375407374e-01,0.0000000000e+00,1.0750038489e+10,3.0000000000e+02,0.0000000000e+00,-1.2592392945e+15,2.0300652654e+21,-9.5690969365e-01,0.0000000000e+00,2.2284257224e+16,0.0000000000e+00,0.0000000000e+00,1.4170000000e+03,1.7864068655e-02,7.7671334528e+06,0.0000000000e+00,6.9418109925e+16,0.0000000000e+00,0.0000000000e+00,4.7050000000e+02,7.9911523269e-01,1.1372492376e+05,2.0300652654e+21,4.8723220555e+00,-7.0178139347e-01,-2.8537324200e+04,5.1720698904e+00,-7.7473575315e-01,-2.7277180656e+04,-2.8356987861e+01,5.7187273748e+00,-5.3936131272e+03,-2.9974783481e-01,7.2954359681e-02,-1.2601435441e+03,6.7917944224e-01,-1.6338323784e-02,-2.4369373681e+02,1,1.5800000727e-01,5.0000000745e-02,5.0000000745e-02,1.5800000727e-01
1.0000000000e+17,-1.8617659781e+01,-3.2339961909e+01,3.1369770071e+03,0.0000000000e+00,1.1241592308e+00,0.0000000000e+00,1.6787576771e-01,4.8016156755e+16,-5.1983843245e+16,4.0727403846e+00,3.9312784315e-01,0.0000000000e+00,1.0750038489e+10,3.0000000000e+02,0.0000000000e+00,-1.5667002287e+15,1.9130421602e+21,-9.5628346306e-01,0.0000000000e+00,2.0842140048e+16,0.0000000000e+00,0.0000000000e+00,1.4170000000e+03,1.8995320354e-02,8.3164435833e+06,0.0000000000e+00,7.1259283064e+16,0.0000000000e+00,0.0000000000e+00,4.7050000000e+02,7.9916276651e-01,1.1127532592e+05,1.9130421602e+21,2.4147283871e+00,-4.9355271452e+00,-2.8391935760e+04,2.5456160244e+00,-5.2921451683e+00,-2.7122606334e+04,1.4959515468e+01,4.8261178572e+01,-5.7691799518e+03,-1.3088763725e-01,3.5661802305e-01,-1.2693294266e+03,-3.8861209821e-02,-6.8233487607e-01,-2.3853358958e+02,1,1.5999999642e-01,5.0000000745e-02,5.0000000745e-02,1.5999999642e-01
1.0000000000e+17,-1.2711223174e+01,-3.7980221056e+01,2.8661697180e+03,0.0000000000e+00,1.1241592308e+00,0.0000000000e+00,1.6850200297e-01,4.4425378752e+16,-5.5574621248e+16,4.0727403846e+00,3.9250160789e-01,0.0000000000e+00,1.0750038489e+10,3.0000000000e+02,0.0000000000e+00,-1.8741634537e+15,1.7960181831e+21,-9.5565722780e-01,0.0000000000e+00,1.9400012128e+16,0.0000000000e+00,0.0000000000e+00,1.4170000000e+03,2.0126580481e-02,8.8657578064e+06,0.0000000000e+00,7.3100469922e+16,0.0000000000e+00,0.0000000000e+00,4.7050000000e+02,7.9921030069e-01,1.0882570982e+05,1.7960181831e+21,-4.2883591930e-02,-9.1693044410e+00,-2.8246546237e+04,-8.0857410352e-02,-9.8095882409e+00,-2.6968030860e+04,5.8276341531e+01,9.0803946736e+01,-6.1447495746e+03,3.7973818423e-02,6.4028379988e-01,-1.2785153776e+03,-7.5690721173e-01,-1.3483363904e+00,-2.3337340390e+02,1,1.6200000048e-01,5.0000000745e-02,5.0000000745e-02,1.6200000048e-01
1.0000000000e+17,-5.5821617676e+00,-2.6096626839e+01,2.6609496951e+03,0.0000000000e+00,1.1241592308e+00,0.0000000000e+00,1.6904455689e-01,4.1312198477e+16,-5.8687801523e+16,4.0727403846e+00,3.9195905397e-01,0.0000000000e+00,1.0750038489e+10,3.0000000000e+02,0.0000000000e+00,-1.9892966898e+15,1.6857224498e+21,-9.5511467388e-01,0.0000000000e+00,1.8097427888e+16,0.0000000000e+00,0.0000000000e+00,1.4170000000e+03,2.1455864939e-02,9.5210080750e+06,0.0000000000e+00,7.4795932721e+16,0.0000000000e+00,0.0000000000e+00,4.7050000000e+02,7.9925576071e-01,1.0698065523e+05,1.6857224498e+21,-3.8795501816e+00,-9.7753432852e+00,-2.8139787027e+04,-4.1598887953e+00,-1.0438467191e+01,-2.6854234291e+04,5.9674898678e+01,6.7924509860e+01,-6.6452022696e+03,2.8033861363e-01,6.6312390620e-01,-1.2855527358e+03,-7.3727500990e-01,-1.0525585450e+00,-2.2889089573e+02,1,1.6400000453e-01,5.0000000745e-02,5.0000000745e-02,1.6400000453e-01
1.0000000000e+17,1.9543927006e+00,-8.3718895331e+00,2.4775933716e+03,0.0000000000e+00,1.1241592308e+00,0.0000000000e+00,1.6955921329e-01,3.8358238753e+16,-6.1641761247e+16,4.0727403846e+00,3.9144439757e-01,0.0000000000e+00,1.0750038489e+10,3.0000000000e+02,0.0000000000e+00,-2.0403199308e+15,1.5776702612e+21,-9.5460001748e-01,0.0000000000e+00,1.6841367388e+16,0.0000000000e+00,0.0000000000e+00,1.4170000000e+03,2.2851146846e-02,1.0211565118e+07,0.0000000000e+00,7.6442808704e+16,0.0000000000e+00,0.0000000000e+00,4.7050000000e+02,7.9930052902e-01,1.0533713231e+05,1.5776702612e+21,-8.1758712183e+00,-9.1721503873e+00,-2.8045905214e+04,-8.7230738853e+00,-9.7711736669e+00,-2.6754031360e+04,4.7100846643e+01,2.3238088050e+01,-7.1872784668e+03,5.4720266703e-01,5.9902327964e-01,-1.2918738534e+03,-4.7175297249e-01,-4.3619334138e-01,-2.2463431053e+02,1,1.6599999368e-01,5.0000000745e-02,5.0000000745e-02,1.6599999368e-01
1.0000000000e+17,9.4910033209e+00,9.3529798330e+00,2.2942356819e+03,0.0000000000e+00,1.1241592308e+00,0.0000000000e+00,1.7007387353e-01,3.5404257020e+16,-6.4595742980e+16,4.0727403846e+00,3.9092973734e-01,0.0000000000e+00,1.0750038489e+10,3.0000000000e+02,0.0000000000e+00,-2.0913435520e+15,1.4696172675e+21,-9.5408535724e-01,0.0000000000e+00,1.5585297530e+16,0.0000000000e+00,0.0000000000e+00,1.4170000000e+03,2.4246439148e-02,1.0902127306e+07,0.0000000000e+00,7.8089696957e+16,0.0000000000e+00,0.0000000000e+00,4.7050000000e+02,7.9934529766e-01,1.0369359715e+05,1.4696172675e+21,-1.2472224265e+01,-8.5689529952e+00,-2.7952022701e+04,-1.3286292974e+01,-9.1038751707e+00,-2.6653827683e+04,3.4526700923e+01,-2.1448666701e+01,-7.7293587029e+03,8.1406870874e-01,5.3492217549e-01,-1.2981950180e+03,-2.0622895678e-01,1.8017645457e-01,-2.2037769361e+02,1,1.6799999774e-01,5.0000000745e-02,5.0000000745e-02,1.6799999774e-01
1.0000000000e+17,1.2872365477e+01,1.4048603855e+01,2.1062081458e+03,0.0000000000e+00,1.1241592308e+00,0.0000000000e+00,1.7050657143e-01,3.2793424154e+16,-6.7206575846e+16,4.0727403846e+00,3.9049703943e-01,0.0000000000e+00,1.0750038489e+10,3.0000000000e+02,0.0000000000e+00,-2.0908788305e+15,1.3670973686e+21,-9.5365265934e-01,0.0000000000e+00,1.4424116054e+16,0.0000000000e+00,0.0000000000e+00,1.4170000000e+03,2.5870013903e-02,1.1800361721e+07,0.0000000000e+00,7.9539813070e+16,0.0000000000e+00,0.0000000000e+00,4.7050000000e+02,7.9938885141e-01,1.0231411422e+05,1.3670973686e+21,-1.2701435182e+01,-7.7549982245e+00,-2.7865448674e+04,-1.3524679854e+01,-8.2320525488e+00,-2.6561399921e+04,2.3686452967e+01,-3.0770555021e+01,-8.3858537268e+03,8.2324467150e-01,4.7705432431e-01,-1.3040487528e+03,-5.2580396709e-02,3.4384477184e-01,-2.1718365734e+02,1,1.7000000179e-01,5.0000000745e-02,5.0000000745e-02,1.7000000179e-01
1.0000000000e+17,1.3760592540e+01,1.0926686082e+01,1.9153787188e+03,0.0000000000e+00,1.1241592308e+00,0.0000000000e+00,1.7089009188e-01,3.0388480805e+16,-6.9611519195e+16,4.0727403846e+00,3.9011351899e-01,0.0000000000e+00,1.0750038489e+10,3.0000000000e+02,0.0000000000e+00,-2.0595211321e+15,1.2678973303e+21,-9.5326913889e-01,0.0000000000e+00,1.3319867679e+16,0.0000000000e+00,0.0000000000e+00,1.4170000000e+03,2.7630558346e-02,1.2823199657e+07,0.0000000000e+00,8.0871865742e+16,0.0000000000e+00,0.0000000000e+00,4.7050000000e+02,7.9943167624e-01,1.0109306290e+05,1.2678973303e+21,-1.0490361532e+01,-6.8145921109e+00,-2.7783259755e+04,-1.1168168142e+01,-7.2375187267e+00,-2.6473637727e+04,1.3886551592e+01,-1.8873483544e+01,-9.1109977430e+03,6.7780660992e-01,4.2292661583e-01,-1.3096220286e+03,3.3942812857e-02,2.3589179286e-01,-2.1462717025e+02,1,1.7200000584e-01,5.0000000745e-02,5.0000000745e-02,1.7200000584e-01
1.0000000000e+17,1.4648812985e+01,7.8047915690e+00,1.7245507137e+03,0.0000000000e+00,1.1241592308e+00,0.0000000000e+00,1.7127360946e-01,2.7983555373e+16,-7.2016444627e+16,4.0727403846e+00,3.8973000140e-01,0.0000000000e+00,1.0750038489e+10,3.0000000000e+02,0.0000000000e+00,-2.0281636673e+15,1.1686980312e+21,-9.5288562130e-01,0.0000000000e+00,1.2215627531e+16,0.0000000000e+00,0.0000000000e+00,1.4170000000e+03,2.9391089673e-02,1.3846029973e+07,0.0000000000e+00,8.2203908491e+16,0.0000000000e+00,0.0000000000e+00,4.7050000000e+02,7.9947450074e-01,9.9872020676e+04,1.1686980312e+21,-8.2793043560e+00,-5.8741930037e+00,-2.7701071449e+04,-8.8116739879e+00,-6.2429923144e+00,-2.6385876186e+04,4.0867232307e+00,-6.9765007071e+00,-9.8361363564e+03,5.3236963193e-01,3.6879931064e-01,-1.3151952629e+03,1.2046537778e-01,1.2793961818e-01,-2.1207070221e+02,1,1.7399999499e-01,5.0000000745e-02,5.0000000745e-02,1.7399999499e-01
1.0000000000e+17,1.4310291440e+01,5.8476075739e+00,1.5495305621e+03,0.0000000000e+00,1.1241592308e+00,0.0000000000e+00,1.7160201030e-01,2.5812149694e+16,-7.4187850306e+16,4.0727403846e+00,3.8940160056e-01,0.0000000000e+00,1.0750038489e+10,3.0000000000e+02,0.0000000000e+00,-1.9652682801e+15,1.0725219748e+21,-9.5255722047e-01,0.0000000000e+00,1.1161503179e+16,0.0000000000e+00,0.0000000000e+00,1.4170000000e+03,3.1430810769e-02,1.5217321694e+07,0.0000000000e+00,8.3384085205e+16,0.0000000000e+00,0.0000000000e+00,4.7050000000e+02,7.9951663458e-01,9.8817106097e+04,1.0725219748e+21,-6.9564837030e+00,-5.1811565650e+00,-2.7630343912e+04,-7.4041857888e+00,-5.5100527942e+00,-2.6310319103e+04,-8.5097642771e-01,-1.0209415969e+00,-1.0821059581e+04,4.4770208577e-01,3.2889622925e-01,-1.3200248081e+03,1.5982350899e-01,7.1178554677e-02,-2.0984862492e+02,1,1.7599999905e-01,5.0000000745e-02,5.0000000745e-02,1.7599999905e-01
1.0000000000e+17,1.2745015968e+01,5.0551672490e+00,1.3903197660e+03,0.0000000000e+00,1.1241592308e+00,0.0000000000e+00,1.7187529121e-01,2.3874282944e+16,-7.6125717056e+16,4.0727403846e+00,3.8912831965e-01,0.0000000000e+00,1.0750038489e+10,3.0000000000e+02,0.0000000000e+00,-1.8708350957e+15,9.7936991701e+20,-9.5228393956e-01,0.0000000000e+00,1.0157503130e+16,0.0000000000e+00,0.0000000000e+00,1.4170000000e+03,3.3749710181e-02,1.6937069292e+07,0.0000000000e+00,8.4412385090e+16,0.0000000000e+00,0.0000000000e+00,4.7050000000e+02,7.9955807743e-01,9.7928329221e+04,9.7936991701e+20,-6.5219224705e+00,-4.7354918298e+00,-2.7571077817e+04,-6.9457279702e+00,-5.0387097350e+00,-2.6246967198e+04,-9.2644392124e-01,-1.0069287467e+00,-1.2065763558e+04,4.2380549974e-01,3.0321790525e-01,-1.3241106187e+03,1.5201630090e-01,6.5609737897e-02,-2.0796095951e+02,1,1.7800000310e-01,5.0000000745e-02,5.0000000745e-02,1.7800000310e-01
1.0000000000e+17,1.1179737944e+01,4.2627239894e+00,1.2311089859e+03,0.0000000000e+00,1.1241592308e+00,0.0000000000e+00,1.7214857208e-01,2.1936416613e+16,-7.8063583387e+16,4.0727403846e+00,3.8885503879e-01,0.0000000000e+00,1.0750038489e+10,3.0000000000e+02,0.0000000000e+00,-1.7764016726e+15,8.8621786142e+20,-9.5201065869e-01,0.0000000000e+00,9.1535031057e+15,0.0000000000e+00,0.0000000000e+00,1.4170000000e+03,3.6068609580e-02,1.8656816889e+07,0.0000000000e+00,8.5440684820e+16,0.0000000000e+00,0.0000000000e+00,4.7050000000e+02,7.9959952028e-01,9.7039552268e+04,8.8621786142e+20,-6.0873589133e+00,-4.2898246929e+00,-2.7511811775e+04,-6.4872676622e+00,-4.5673641050e+00,-2.6183615349e+04,-1.0019117864e+00,-9.9291622832e-01,-1.3310467535e+04,3.9990874891e-01,2.7753941213e-01,-1.3281964261e+03,1.4420906852e-01,6.0040892277e-02,-2.0607329392e+02,1,1.8000000715e-01,5.0000000745e-02,5.0000000745e-02,1.8000000715e-01
1.0000000000e+17,8.9915164041e+00,3.0062093519e+00,1.0612976752e+03,0.0000000000e+00,1.1241592308e+00,0.0000000000e+00,1.7238797133e-01,2.0145653230e+16,-7.9854346770e+16,4.0727403846e+00,3.8861563953e-01,0.0000000000e+00,1.0750038489e+10,3.0000000000e+02,0.0000000000e+00,-1.6613095305e+15,7.9441281257e+20,-9.5177125944e-01,0.0000000000e+00,8.1730915030e+15,0.0000000000e+00,0.0000000000e+00,1.4170000000e+03,3.8761652629e-02,2.2957770168e+07,0.0000000000e+00,8.6366128742e+16,0.0000000000e+00,0.0000000000e+00,4.7050000000e+02,7.9964059751e-01,9.6198775001e+04,7.9441281257e+20,-6.1703337287e+00,-4.0142791420e+00,-2.7453517621e+04,-6.5820322372e+00,-4.2779308366e+00,-2.6121288342e+04,-2.5944713601e+01,-1.6011241681e+02,-6.5029029519e+04,4.1169850852e-01,2.6365169466e-01,-1.3322292799e+03,1.3738435267e-01,5.6026678428e-02,-2.0426270361e+02,1,1.8199999630e-01,5.0000000745e-02,5.0000000745e-02,1.8199999630e-01
1.0000000000e+17,5.7650184953e+00,9.7622232377e-01,8.7381549263e+02,0.0000000000e+00,1.1241592308e+00,0.0000000000e+00,1.7257090594e-01,1.8600026465e+16,-8.1399973535e+16,4.0727403846e+00,3.8843270492e-01,0.0000000000e+00,1.0750038489e+10,3.0000000000e+02,0.0000000000e+00,-1.5117834536e+15,7.0485095377e+20,-9.5158832483e-01,0.0000000000e+00,7.2319744771e+15,0.0000000000e+00,0.0000000000e+00,1.4170000000e+03,4.2078321414e-02,3.1560814949e+07,0.0000000000e+00,8.7120164558e+16,0.0000000000e+00,0.0000000000e+00,4.7050000000e+02,7.9968106617e-01,9.5437980309e+04,7.0485095377e+20,-7.1158796564e+00,-4.0222701913e+00,-2.7396842211e+04,-7.5988460398e+00,-4.2916855907e+00,-2.6060668259e+04,-9.2333536981e+01,-5.8445739223e+02,-2.0087164887e+05,4.8296638339e-01,2.6941539941e-01,-1.3361739523e+03,1.3219709351e-01,5.4603493787e-02,-2.0258053574e+02,1,1.8400000036e-01,5.0000000745e-02,5.0000000745e-02,1.8400000036e-01
1.0000000000e+17,2.5385230899e+00,-1.0537670090e+00,6.8633330675e+02,0.0000000000e+00,1.1241592308e+00,0.0000000000e+00,1.7275384056e-01,1.7054399630e+16,-8.2945600370e+16,4.0727403846e+00,3.8824977030e-01,0.0000000000e+00,1.0750038489e+10,3.0000000000e+02,0.0000000000e+00,-1.3622573960e+15,6.1528909455e+20,-9.5140539021e-01,0.0000000000e+00,6.2908574469e+15,0.0000000000e+00,0.0000000000e+00,1.4170000000e+03,4.5394990207e-02,4.0163859731e+07,0.0000000000e+00,8.7874200421e+16,0.0000000000e+00,0.0000000000e+00,4.7050000000e+02,7.9972153484e-01,9.4677185647e+04,6.1528909455e+20,-8.0614257602e+00,-4.0302608495e+00,-2.7340166784e+04,-8.6156600296e+00,-4.3054399287e+00,-2.6000048158e+04,-1.5872236046e+02,-1.0088023674e+03,-3.3671426823e+05,5.5423426941e-01,2.7517907915e-01,-1.3401186258e+03,1.2700983533e-01,5.3180305260e-02,-2.0089836794e+02,1,1.8600000441e-01,5.0000000745e-02,5.0000000745e-02,1.8600000441e-01
1.0000000000e+17,1.0891247487e+00,-2.1490570905e+00,5.3696928786e+02,0.0000000000e+00,1.1241592308e+00,0.0000000000e+00,1.7290948116e-01,1.5623412135e+16,-8.4376587865e+16,4.0727403846e+00,3.8809412970e-01,0.0000000000e+00,1.0750038489e+10,3.0000000000e+02,3.1999588013e-02,-1.2001095548e+15,5.2619359492e+20,-9.5124974961e-01,0.0000000000e+00,5.3616251314e+15,0.0000000000e+00,0.0000000000e+00,1.4170000000e+03,7.7966792934e-02,4.7085232891e+07,0.0000000000e+00,8.8538103441e+16,0.0000000000e+00,0.0000000000e+00,4.7050000000e+02,7.9976181061e-01,9.4081987200e+04,5.2619359492e+20,-8.7271511730e+00,-4.0399085052e+00,-2.7295691592e+04,-9.3320645091e+00,-4.3199040056e+00,-2.5952476768e+04,-2.0055026925e+02,-1.2740422992e+03,-4.4511892553e+05,6.0491333613e-01,2.7999550043e-01,-1.3432148239e+03,1.2283988729e-01,5.0856902942e-02,-1.9959891619e+02,1,1.8799999356e-01,5.0000000745e-02,5.0000000745e-02,1.8799999356e-01
1.0000000000e+17,4.9710306722e+00,-4.4026216488e-01,5.0195646467e+02,0.0000000000e+00,1.1241592308e+00,0.0000000000e+00,1.7298324358e-01,1.4536303342e+16,-8.5463696658e+16,4.0727403846e+00,3.8802036729e-01,0.0000000000e+00,1.0750038489e+10,3.0000000000e+02,1.5999984741e-01,-1.0000909977e+15,4.3849453175e+20,-9.5117598719e-01,0.0000000000e+00,4.4680196113e+15,0.0000000000e+00,0.0000000000e+00,1.4170000000e+03,1.9830584010e-01,4.8961747345e+07,0.0000000000e+00,8.8931625272e+16,0.0000000000e+00,0.0000000000e+00,4.7050000000e+02,7.9980150890e-01,9.3983564637e+04,4.3849453175e+20,-8.5534449246e+00,-4.0545424851e+00,-2.7287816126e+04,-9.1472730746e+00,-4.3365138031e+00,-2.5944050463e+04,-1.6869596387e+02,-1.0619702775e+03,-4.7121210970e+05,5.9382814996e-01,2.8197131801e-01,-1.3437656638e+03,1.2172197545e-01,4.5832934254e-02,-1.9944758536e+02,1,1.8999999762e-01,5.0000000745e-02,5.0000000745e-02,1.8999999762e-01
1.0000000000e+17,8.8529365958e+00,1.2685327607e+00,4.6694364148e+02,0.0000000000e+00,1.1241592308e+00,0.0000000000e+00,1.7305700599e-01,1.3449194548e+16,-8.6550805452e+16,4.0727403846e+00,3.8794660487e-01,0.0000000000e+00,1.0750038489e+10,3.0000000000e+02,2.8800010681e-01,-8.0007244046e+14,3.5079546858e+20,-9.5110222477e-01,0.0000000000e+00,3.5744140912e+15,0.0000000000e+00,0.0000000000e+00,1.4170000000e+03,3.1864488726e-01,5.0838261798e+07,0.0000000000e+00,8.9325147103e+16,0.0000000000e+00,0.0000000000e+00,4.7050000000e+02,7.9984120719e-01,9.3885142073e+04,3.5079546858e+20,-8.3797386763e+00,-4.0691764649e+00,-2.7279940660e+04,-8.9624816401e+00,-4.3531236005e+00,-2.5935624157e+04,-1.3684165849e+02,-8.4989825581e+02,-4.9730529388e+05,5.8274296380e-01,2.8394713559e-01,-1.3443165037e+03,1.2060406360e-01,4.0808965566e-02,-1.9929625454e+02,1,1.9200000167e-01,5.0000000745e-02,5.0000000745e-02,1.9200000167e-01
1.0000000000e+17,1.2734840883e+01,2.9773314597e+00,4.3193082309e+02,0.0000000000e+00,1.1241592308e+00,0.0000000000e+00,1.7313076844e-01,1.2362085574e+16,-8.7637914426e+16,4.0727403846e+00,3.8787284242e-01,0.0000000000e+00,1.0750038489e+10,3.0000000000e+02,4.1600036621e-01,-6.0005395628e+14,2.6309640491e+20,-9.5102846233e-01,0.0000000000e+00,2.6808085657e+15,0.0000000000e+00,0.0000000000e+00,1.4170000000e+03,4.3898393443e-01,5.2714776249e+07,0.0000000000e+00,8.9718669035e+16,0.0000000000e+00,0.0000000000e+00,4.7050000000e+02,7.9988090548e-01,9.3786719529e+04,2.6309640491e+20,-8.2060365013e+00,-4.0838147174e+00,-2.7272065178e+04,-8.7776945639e+00,-4.3697379677e+00,-2.5927197833e+04,-1.0498735646e+02,-6.3782623782e+02,-5.2339847805e+05,5.7165806261e-01,2.8592325030e-01,-1.3448673446e+03,1.1948619470e-01,3.5785044183e-02,-1.9914492376e+02,1,1.9400000572e-01,5.0000000745e-02,5.0000000745e-02,1.9400000572e-01
1.0000000000e+17,1.6616717884e+01,4.6861136538e+00,3.9691826077e+02,0.0000000000e+00,1.1241592308e+00,0.0000000000e+00,1.7320453031e-01,1.1274984880e+16,-8.8725015120e+16,4.0727403846e+00,3.8779908056e-01,0.0000000000e+00,1.0750038489e+10,3.0000000000e+02,5.4399967194e-01,-4.0003688934e+14,1.7539799515e+20,-9.5095470046e-01,0.0000000000e+00,1.7872097034e+15,0.0000000000e+00,0.0000000000e+00,1.4170000000e+03,5.5932208500e-01,5.4591276722e+07,0.0000000000e+00,9.0112187934e+16,0.0000000000e+00,0.0000000000e+00,4.7050000000e+02,7.9992060348e-01,9.3688297698e+04,1.7539799515e+20,-8.0323315471e+00,-4.0984485883e+00,-2.7264189771e+04,-8.5929045062e+00,-4.3863476414e+00,-2.5918771590e+04,-7.3133288415e+01,-4.2575579621e+02,-5.4949146782e+05,5.6057295903e-01,2.8789905316e-01,-1.3454181805e+03,1.1836829119e-01,3.0761112926e-02,-1.9899359406e+02,1,1.9599999487e-01,5.0000000745e-02,5.0000000745e-02,1.9599999487e-01
1.0000000000e+17,2.0498623808e+01,6.3949085794e+00,3.6190543758e+02,0.0000000000e+00,1.1241592308e+00,0.0000000000e+00,1.7327829272e-01,1.0187876087e+16,-8.9812123913e+16,4.0727403846e+00,3.8772531814e-01,0.0000000000e+00,1.0750038489e+10,3.0000000000e+02,6.7199993134e-01,-2.0001833215e+14,8.7698931984e+19,-9.5088093805e-01,0.0000000000e+00,8.9360418329e+14,0.0000000000e+00,0.0000000000e+00,1.4170000000e+03,6.7966113216e-01,5.6467791175e+07,0.0000000000e+00,9.0505709764e+16,0.0000000000e+00,0.0000000000e+00,4.7050000000e+02,7.9996030177e-01,9.3589875134e+04,8.7698931984e+19,-7.8586252988e+00,-4.1130825681e+00,-2.7256314305e+04,-8.4081130716e+00,-4.4029574388e+00,-2.5910345284e+04,-4.1278983034e+01,-2.1368377453e+02,-5.7558465199e+05,5.4948777287e-01,2.8987487073e-01,-1.3459690204e+03,1.1725037935e-01,2.5737144238e-02,-1.9884226323e+02,1,1.9799999893e-01,5.0000000745e-02,5.0000000745e-02,1.9799999893e-01
nan,nan,nan,nan,nan,nan,nan,nan,nan,nan,nan,nan,nan,nan,nan,nan,nan,nan,nan,nan,nan,nan,nan,nan,nan,nan,nan,nan,nan,nan,nan,nan,nan,nan,nan,nan,nan,nan,nan,nan,nan,nan,nan,nan,nan,nan,nan,nan,nan,0,2.0000000298e-01,5.0000000745e-02,5.0000000745e-02,2.0000000298e-01
